PS C:\WINDOWS\system32> Format-Hex "$env:LOCALAPPDATA\Colossal Order\Cities_Skylines\Addons\Mods\SkylinesAgentBridge\SkylinesAgentBridge.dll"


           Path: C:\Users\gaole\AppData\Local\Colossal
Order\Cities_Skylines\Addons\Mods\SkylinesAgentBridge\SkylinesAgentBridge.dll

           00 01 02 03 04 05 06 07 08 09 0A 0B 0C 0D 0E 0F

00000000   4D 5A 90 00 03 00 00 00 04 00 00 00 FF FF 00 00  MZ.............
00000010   B8 00 00 00 00 00 00 00 40 00 00 00 00 00 00 00  ¸.......@.......
00000020   00 00 00 00 00 00 00 00 00 00 00 00 00 00 00 00  ................
00000030   00 00 00 00 00 00 00 00 00 00 00 00 80 00 00 00  ...............
00000040   0E 1F BA 0E 00 B4 09 CD 21 B8 01 4C CD 21 54 68  ..º..´.Í!¸.LÍ!Th
00000050   69 73 20 70 72 6F 67 72 61 6D 20 63 61 6E 6E 6F  is program canno
00000060   74 20 62 65 20 72 75 6E 20 69 6E 20 44 4F 53 20  t be run in DOS
00000070   6D 6F 64 65 2E 0D 0D 0A 24 00 00 00 00 00 00 00  mode....$.......
00000080   50 45 00 00 4C 01 03 00 F0 8F B1 6A 00 00 00 00  PE..L...ð±j....
00000090   00 00 00 00 E0 00 02 21 0B 01 0B 00 00 90 01 00  ....à..!.......
000000A0   00 06 00 00 00 00 00 00 5E AF 01 00 00 20 00 00  ........^¯... ..
000000B0   00 C0 01 00 00 00 00 10 00 20 00 00 00 02 00 00  .À....... ......
000000C0   04 00 00 00 00 00 00 00 04 00 00 00 00 00 00 00  ................
000000D0   00 00 02 00 00 02 00 00 00 00 00 00 03 00 40 85  ..............@
000000E0   00 00 10 00 00 10 00 00 00 00 10 00 00 10 00 00  ................
000000F0   00 00 00 00 10 00 00 00 00 00 00 00 00 00 00 00  ................
00000100   0C AF 01 00 4F 00 00 00 00 C0 01 00 D0 02 00 00  .¯..O....À..Ð...
00000110   00 00 00 00 00 00 00 00 00 00 00 00 00 00 00 00  ................
00000120   00 E0 01 00 0C 00 00 00 D4 AD 01 00 1C 00 00 00  .à......Ô­......
00000130   00 00 00 00 00 00 00 00 00 00 00 00 00 00 00 00  ................
00000140   00 00 00 00 00 00 00 00 00 00 00 00 00 00 00 00  ................
00000150   00 00 00 00 00 00 00 00 00 20 00 00 08 00 00 00  ......... ......
00000160   00 00 00 00 00 00 00 00 08 20 00 00 48 00 00 00  ......... ..H...
00000170   00 00 00 00 00 00 00 00 2E 74 65 78 74 00 00 00  .........text...
00000180   64 8F 01 00 00 20 00 00 00 90 01 00 00 02 00 00  d... .........
00000190   00 00 00 00 00 00 00 00 00 00 00 00 20 00 00 60  ............ ..`
000001A0   2E 72 73 72 63 00 00 00 D0 02 00 00 00 C0 01 00  .rsrc...Ð....À..
000001B0   00 04 00 00 00 92 01 00 00 00 00 00 00 00 00 00  ...............
000001C0   00 00 00 00 40 00 00 40 2E 72 65 6C 6F 63 00 00  ....@..@.reloc..
000001D0   0C 00 00 00 00 E0 01 00 00 02 00 00 00 96 01 00  .....à.........
000001E0   00 00 00 00 00 00 00 00 00 00 00 00 40 00 00 42  ............@..B
000001F0   00 00 00 00 00 00 00 00 00 00 00 00 00 00 00 00  ................
00000200   40 AF 01 00 00 00 00 00 48 00 00 00 02 00 05 00  @¯......H.......
00000210   E0 E5 00 00 F4 C7 00 00 01 00 00 00 00 00 00 00  àå..ôÇ..........
00000220   00 00 00 00 00 00 00 00 00 00 00 00 00 00 00 00  ................
00000230   00 00 00 00 00 00 00 00 00 00 00 00 00 00 00 00  ................
00000240   00 00 00 00 00 00 00 00 00 00 00 00 00 00 00 00  ................
00000250   1A 7E 01 00 00 04 2A 1E 02 7B 04 00 00 04 2A 1E  .~....*..{....*.
00000260   02 7B 02 00 00 04 2A 8A 02 17 7D 04 00 00 04 02  .{....*..}.....
00000270   28 07 00 00 06 72 01 00 00 70 28 10 00 00 06 72  (....r...p(....r
00000280   43 00 00 70 28 05 00 00 0A 2A 8A 02 16 7D 04 00  C..p(....*..}..
00000290   00 04 02 7B 02 00 00 04 6F 43 00 00 06 28 12 00  ...{....oC...(..
000002A0   00 06 72 B5 00 00 70 28 05 00 00 0A 2A 4E 02 7B  ..rµ..p(....*N.{
000002B0   02 00 00 04 1A 6F 42 00 00 06 03 28 11 00 00 06  .....oB....(....
000002C0   2A CE 02 7B 03 00 00 04 2C 0E 02 7B 03 00 00 04  *Î.{....,..{....
000002D0   6F 23 00 00 06 2C 01 2A 02 02 20 7B 7D 00 00 73  o#...,.*.. {}..s
000002E0   22 00 00 06 7D 03 00 00 04 02 7B 03 00 00 04 6F  "...}.....{....o
000002F0   24 00 00 06 2A 2E 73 08 00 00 06 80 01 00 00 04  $...*.s........
00000300   2A 4A 02 73 44 00 00 06 7D 02 00 00 04 02 28 06  *J.sD...}.....(.
00000310   00 00 0A 2A 2E 28 01 00 00 06 6F 04 00 00 06 2A  ...*.(....o....*
00000320   2E 28 01 00 00 06 6F 05 00 00 06 2A 1E 02 28 07  .(....o....*..(.
00000330   00 00 0A 2A 1A 72 40 01 00 70 2A 1A 72 6C 01 00  ...*.r@..p*.rl..
00000340   70 2A 1E 02 28 06 00 00 0A 2A 00 00 13 30 04 00  p*..(....*...0..
00000350   71 00 00 00 01 00 00 11 28 13 00 00 06 7E 09 00  q.......(....~..
00000360   00 04 14 28 08 00 00 0A 2D 0D 7E 0B 00 00 04 14  ...(....-.~.....
00000370   28 08 00 00 0A 2C 01 2A 7E 08 00 00 04 73 1F 00  (....,.*~....s..
00000380   00 06 0A 06 02 7D 16 00 00 04 06 28 09 00 00 0A  .....}.....(....
00000390   0B 12 01 72 07 02 00 70 28 0A 00 00 0A 7D 17 00  ...r...p(....}..
000003A0   00 04 06 6F 0B 00 00 0A 2B 0B 7E 08 00 00 04 16  ...o....+.~.....
000003B0   6F 0C 00 00 0A 7E 08 00 00 04 6F 0D 00 00 0A 1F  o....~....o.....
000003C0   78 30 E7 28 18 00 00 06 2A 2E 28 13 00 00 06 28  x0ç(....*.(....(
000003D0   16 00 00 06 2A 00 00 00 03 30 02 00 4B 00 00 00  ....*....0..K...
000003E0   00 00 00 00 7E 08 00 00 04 6F 0E 00 00 0A 7E 09  ....~....o....~.
000003F0   00 00 04 14 28 0F 00 00 0A 2C 0F 7E 09 00 00 04  ....(....,.~....
00000400   6F 10 00 00 0A 28 11 00 00 0A 14 80 09 00 00 04  o....(.........
00000410   14 80 0A 00 00 04 14 80 0B 00 00 04 14 80 0C 00  .............
00000420   00 04 14 80 0D 00 00 04 16 80 0E 00 00 04 2A 4E  ............*N
00000430   7E 0E 00 00 04 16 FE 01 80 0E 00 00 04 28 18 00  ~.....þ.....(..
00000440   00 06 2A 42 7E 08 00 00 04 6F 0E 00 00 0A 28 18  ..*B~....o....(.
00000450   00 00 06 2A 13 30 05 00 2B 03 00 00 02 00 00 11  ...*.0..+.......
00000460   7E 09 00 00 04 14 28 0F 00 00 0A 2C 35 7E 0A 00  ~.....(....,5~..
00000470   00 04 14 28 0F 00 00 0A 2C 28 7E 0B 00 00 04 14  ...(....,(~.....
00000480   28 0F 00 00 0A 2C 1B 7E 0C 00 00 04 14 28 0F 00  (....,.~.....(..
00000490   00 0A 2C 0E 7E 0D 00 00 04 14 28 0F 00 00 0A 2C  ..,.~.....(....,
000004A0   01 2A 28 13 00 00 0A 0A 06 14 28 08 00 00 0A 2C  .*(.......(....,
000004B0   01 2A 06 D0 08 00 00 01 28 14 00 00 0A 6F 15 00  .*.Ð....(....o..
000004C0   00 0A 75 08 00 00 01 80 09 00 00 04 7E 09 00 00  ..u........~...
000004D0   04 14 28 08 00 00 0A 2C 01 2A 7E 09 00 00 04 72  ..(....,.*~....r
000004E0   19 02 00 70 6F 16 00 00 0A 7E 09 00 00 04 72 51  ...po....~....rQ
000004F0   02 00 70 6F 17 00 00 0A 7E 09 00 00 04 1F 20 1F  ..po....~..... .
00000500   26 1F 2C 20 DC 00 00 00 73 18 00 00 0A 6F 19 00  &., Ü...s....o..
00000510   00 0A 7E 09 00 00 04 22 00 00 0C 44 6F 1A 00 00  ..~...."...Do...
00000520   0A 7E 09 00 00 04 22 00 00 66 43 6F 1B 00 00 0A  .~...."..fCo....
00000530   7E 09 00 00 04 7E 11 00 00 04 6F 1C 00 00 0A 7E  ~....~....o....~
00000540   09 00 00 04 17 6F 1D 00 00 0A 7E 09 00 00 04 28  .....o....~....(
00000550   15 00 00 06 7E 09 00 00 04 D0 09 00 00 01 28 14  ....~....Ð....(.
00000560   00 00 0A 6F 1E 00 00 0A 75 09 00 00 01 80 0A 00  ...o....u......
00000570   00 04 7E 0A 00 00 04 14 28 08 00 00 0A 2C 01 2A  ..~.....(....,.*
00000580   7E 0A 00 00 04 72 67 02 00 70 6F 16 00 00 0A 7E  ~....rg..po....~
00000590   0A 00 00 04 72 A9 02 00 70 6F 1F 00 00 0A 7E 0A  ....r©..po....~.
000005A0   00 00 04 22 F6 28 5C 3F 6F 20 00 00 0A 7E 0A 00  ..."ö(\?o ...~..
000005B0   00 04 20 EB 00 00 00 20 F5 00 00 00 20 FF 00 00  .. ë... õ... ...
000005C0   00 20 FF 00 00 00 73 18 00 00 0A 6F 21 00 00 0A  . ....s....o!...
000005D0   7E 0A 00 00 04 16 6F 22 00 00 0A 7E 0A 00 00 04  ~.....o"...~....
000005E0   22 00 00 C3 43 6F 1A 00 00 0A 7E 0A 00 00 04 22  "..ÃCo....~...."
000005F0   00 00 C0 41 6F 1B 00 00 0A 7E 0A 00 00 04 22 00  ..ÀAo....~....".
00000600   00 20 41 22 00 00 00 41 73 23 00 00 0A 6F 1C 00  . A"...As#...o..
00000610   00 0A 7E 0A 00 00 04 28 15 00 00 06 72 ED 02 00  ..~....(....rí..
00000620   70 72 35 03 00 70 22 00 00 EB 43 28 14 00 00 06  pr5..p"..ëC(....
00000630   80 0C 00 00 04 7E 0C 00 00 04 14 28 0F 00 00 0A  ....~.....(....
00000640   2C 27 7E 0C 00 00 04 7E 12 00 00 04 2D 11 14 FE  ,'~....~....-..þ
00000650   06 1A 00 00 06 73 24 00 00 0A 80 12 00 00 04 7E  .....s$.......~
00000660   12 00 00 04 6F 25 00 00 0A 72 39 03 00 70 72 7B  ....o%...r9..pr{
00000670   03 00 70 22 00 00 FF 43 28 14 00 00 06 80 0D 00  ..p"...C(......
00000680   00 04 7E 0D 00 00 04 14 28 0F 00 00 0A 2C 27 7E  ..~.....(....,'~
00000690   0D 00 00 04 7E 13 00 00 04 2D 11 14 FE 06 1B 00  ....~....-..þ...
000006A0   00 06 73 24 00 00 0A 80 13 00 00 04 7E 13 00 00  ..s$.......~...
000006B0   04 6F 25 00 00 0A 7E 09 00 00 04 D0 09 00 00 01  .o%...~....Ð....
000006C0   28 14 00 00 0A 6F 1E 00 00 0A 75 09 00 00 01 80  (....o....u....
000006D0   0B 00 00 04 7E 0B 00 00 04 14 28 08 00 00 0A 2C  ....~.....(....,
000006E0   01 2A 7E 0B 00 00 04 72 83 03 00 70 6F 16 00 00  .*~....r..po...
000006F0   0A 7E 0B 00 00 04 22 14 AE 47 3F 6F 20 00 00 0A  .~....".®G?o ...
00000700   7E 0B 00 00 04 20 EB 00 00 00 20 F5 00 00 00 20  ~.... ë... õ...
00000710   FF 00 00 00 20 FF 00 00 00 73 18 00 00 0A 6F 21  .... ....s....o!
00000720   00 00 0A 7E 0B 00 00 04 1F 0A 1F 0A 1A 1E 73 26  ...~..........s&
00000730   00 00 0A 6F 27 00 00 0A 7E 0B 00 00 04 16 6F 22  ...o'...~.....o"
00000740   00 00 0A 7E 0B 00 00 04 22 00 00 07 44 6F 1A 00  ...~...."...Do..
00000750   00 0A 7E 0B 00 00 04 22 00 00 30 43 6F 1B 00 00  ..~...."..0Co...
00000760   0A 7E 0B 00 00 04 16 6F 28 00 00 0A 7E 0B 00 00  .~.....o(...~...
00000770   04 22 00 00 00 00 22 00 00 08 42 73 23 00 00 0A  ."...."...Bs#...
00000780   6F 1C 00 00 0A 28 18 00 00 06 2A 00 13 30 05 00  o....(....*..0..
00000790   C1 00 00 00 03 00 00 11 7E 09 00 00 04 14 28 08  Á.......~.....(.
000007A0   00 00 0A 2C 02 14 2A 7E 09 00 00 04 D0 0A 00 00  ...,..*~....Ð...
000007B0   01 28 14 00 00 0A 6F 1E 00 00 0A 75 0A 00 00 01  .(....o....u....
000007C0   0A 06 14 28 08 00 00 0A 2C 02 14 2A 06 02 6F 16  ...(....,..*..o.
000007D0   00 00 0A 06 03 6F 1F 00 00 0A 06 22 14 AE 47 3F  .....o.....".®G?
000007E0   6F 20 00 00 0A 06 20 EB 00 00 00 20 F5 00 00 00  o .... ë... õ...
000007F0   20 FF 00 00 00 20 FF 00 00 00 73 18 00 00 0A 6F   .... ....s....o
00000800   21 00 00 0A 06 72 C5 03 00 70 6F 29 00 00 0A 06  !....rÅ..po)....
00000810   72 DB 03 00 70 6F 2A 00 00 0A 06 72 FF 03 00 70  rÛ..po*....r...p
00000820   6F 2B 00 00 0A 06 72 23 04 00 70 6F 2C 00 00 0A  o+....r#..po,...
00000830   06 22 00 00 08 42 6F 1A 00 00 0A 06 22 00 00 B0  ."...Bo....."..°
00000840   41 6F 1B 00 00 0A 06 04 22 00 00 C0 40 73 23 00  Ao......"..À@s#.
00000850   00 0A 6F 1C 00 00 0A 06 2A 46 17 80 0F 00 00 04  ..o.....*F.....
00000860   28 2D 00 00 0A 80 10 00 00 04 2A 1E 16 80 0F 00  (-.......*....
00000870   00 04 2A 00 03 30 03 00 51 00 00 00 00 00 00 00  ..*..0..Q.......
00000880   02 14 28 08 00 00 0A 2C 01 2A 02 7E 14 00 00 04  ..(....,.*.~....
00000890   2D 11 14 FE 06 1C 00 00 06 73 24 00 00 0A 80 14  -..þ.....s$....
000008A0   00 00 04 7E 14 00 00 04 6F 2E 00 00 0A 02 7E 15  ...~....o.....~.
000008B0   00 00 04 2D 11 14 FE 06 1D 00 00 06 73 24 00 00  ...-..þ.....s$..
000008C0   0A 80 15 00 00 04 7E 15 00 00 04 6F 2F 00 00 0A  .....~....o/...
000008D0   2A 00 00 00 13 30 05 00 93 00 00 00 04 00 00 11  *....0.........
000008E0   7E 0F 00 00 04 2D 01 2A 16 28 30 00 00 0A 2D 07  ~....-.*.(0...-.
000008F0   16 80 0F 00 00 04 2A 7E 09 00 00 04 14 28 08 00  .....*~.....(..
00000900   00 0A 2C 01 2A 28 2D 00 00 0A 0A 06 7E 10 00 00  ..,.*(-.....~...
00000910   04 28 31 00 00 0A 0B 06 80 10 00 00 04 12 01 28  .(1...........(
00000920   32 00 00 0A 22 00 00 00 00 35 01 2A 7E 09 00 00  2..."....5.*~...
00000930   04 7E 09 00 00 04 6F 33 00 00 0A 12 01 7B 34 00  .~....o3.....{4.
00000940   00 0A 12 01 7B 35 00 00 0A 65 22 00 00 00 00 73  ....{5...e"....s
00000950   36 00 00 0A 28 37 00 00 0A 28 17 00 00 06 6F 1C  6...(7...(....o.
00000960   00 00 0A 7E 09 00 00 04 6F 33 00 00 0A 80 11 00  ...~....o3.....
00000970   00 04 2A 00 13 30 04 00 8C 00 00 00 05 00 00 11  ..*..0.........
00000980   28 13 00 00 0A 0A 06 14 28 08 00 00 0A 2D 0D 7E  (.......(....-.~
00000990   09 00 00 04 14 28 08 00 00 0A 2C 02 02 2A 22 00  .....(....,..*".
000009A0   00 00 00 06 6F 38 00 00 0A 6B 7E 09 00 00 04 6F  ....o8...k~....o
000009B0   39 00 00 0A 59 28 3A 00 00 0A 0B 22 00 00 00 00  9...Y(:...."....
000009C0   06 6F 3B 00 00 0A 6B 7E 09 00 00 04 6F 3C 00 00  .o;...k~....o<..
000009D0   0A 59 28 3A 00 00 0A 0C 0F 00 0F 00 7B 34 00 00  .Y(:........{4..
000009E0   0A 22 00 00 00 00 07 28 3D 00 00 0A 7D 34 00 00  .".....(=...}4..
000009F0   0A 0F 00 0F 00 7B 35 00 00 0A 22 00 00 00 00 08  .....{5...".....
00000A00   28 3D 00 00 0A 7D 35 00 00 0A 02 2A 13 30 06 00  (=...}5....*.0..
00000A10   7E 01 00 00 06 00 00 11 7E 09 00 00 04 14 28 08  ~.......~.....(.
00000A20   00 00 0A 2D 0D 7E 0B 00 00 04 14 28 08 00 00 0A  ...-.~.....(....
00000A30   2C 01 2A 7E 09 00 00 04 17 6F 1D 00 00 0A 7E 0C  ,.*~.....o....~.
00000A40   00 00 04 7E 0E 00 00 04 2D 07 72 35 03 00 70 2B  ...~....-.r5..p+
00000A50   05 72 49 04 00 70 6F 1F 00 00 0A 7E 0E 00 00 04  .rI..po....~....
00000A60   2C 43 7E 09 00 00 04 22 00 00 10 42 6F 1B 00 00  ,C~...."...Bo...
00000A70   0A 7E 0A 00 00 04 72 4D 04 00 70 7E 08 00 00 04  .~....rM..p~....
00000A80   6F 0D 00 00 0A 8C 47 00 00 01 72 95 04 00 70 28  o....G...r..p(
00000A90   3E 00 00 0A 6F 1F 00 00 0A 7E 0B 00 00 04 16 6F  >...o....~.....o
00000AA0   1D 00 00 0A 2A 7E 09 00 00 04 22 00 00 66 43 6F  ....*~...."..fCo
00000AB0   1B 00 00 0A 7E 0A 00 00 04 72 4D 04 00 70 7E 08  ....~....rM..p~.
00000AC0   00 00 04 6F 0D 00 00 0A 8C 47 00 00 01 72 99 04  ...o....G...r.
00000AD0   00 70 28 3E 00 00 0A 6F 1F 00 00 0A 7E 0B 00 00  .p(>...o....~...
00000AE0   04 17 6F 1D 00 00 0A 7E 08 00 00 04 6F 0D 00 00  ..o....~....o...
00000AF0   0A 2D 10 7E 0B 00 00 04 72 AD 04 00 70 6F 1F 00  .-.~....r­..po..
00000B00   00 0A 2A 72 D1 04 00 70 0A 7E 08 00 00 04 6F 0D  ..*rÑ..p.~....o.
00000B10   00 00 0A 1F 09 59 0B 07 16 2F 02 16 0B 7E 08 00  .....Y.../...~..
00000B20   00 04 6F 0D 00 00 0A 17 59 0C 2B 5A 08 7E 08 00  ..o.....Y.+Z.~..
00000B30   00 04 6F 0D 00 00 0A 17 59 2F 0C 06 72 D3 04 00  ..o.....Y/..rÓ..
00000B40   70 28 3F 00 00 0A 0A 06 72 D7 04 00 70 7E 08 00  p(?.....r×..p~..
00000B50   00 04 08 6F 40 00 00 0A 7B 17 00 00 04 72 DB 04  ...o@...{....rÛ.
00000B60   00 70 7E 08 00 00 04 08 6F 40 00 00 0A 7B 16 00  .p~.....o@...{..
00000B70   00 04 28 41 00 00 0A 28 19 00 00 06 28 3F 00 00  ..(A...(....(?..
00000B80   0A 0A 08 17 59 0C 08 07 2F A2 7E 0B 00 00 04 06  ....Y.../¢~.....
00000B90   6F 1F 00 00 0A 2A 8E 02 2C 0A 02 6F 42 00 00 0A  o....*.,..oB...
00000BA0   1F 4E 30 02 02 2A 02 16 1F 4B 6F 43 00 00 0A 72  .N0..*...KoC...r
00000BB0   E1 04 00 70 28 3F 00 00 0A 2A 7E 73 44 00 00 0A  á..p(?...*~sD...
00000BC0   80 08 00 00 04 22 00 00 90 41 22 00 00 B8 42 73  ...."..A"..¸Bs
00000BD0   23 00 00 0A 80 11 00 00 04 2A 1E 02 28 06 00 00  #.......*..(...
00000BE0   0A 2A 32 28 01 00 00 06 03 6F 06 00 00 06 2A 1E  .*2(.....o....*.
00000BF0   02 28 45 00 00 0A 2A 56 02 28 06 00 00 0A 02 03  .(E...*V.(......
00000C00   7D 18 00 00 04 02 04 7D 19 00 00 04 2A 26 02 FE  }......}....*&.þ
00000C10   13 7B 1C 00 00 04 2A 00 03 30 03 00 8E 00 00 00  .{....*..0.....
00000C20   00 00 00 00 02 FE 13 7B 1C 00 00 04 2C 01 2A 02  .....þ.{....,.*.
00000C30   7E 46 00 00 0A 02 7B 19 00 00 04 73 47 00 00 0A  ~F....{....sG...
00000C40   7D 1A 00 00 04 02 7B 1A 00 00 04 6F 48 00 00 0A  }.....{....oH...
00000C50   02 17 FE 13 7D 1C 00 00 04 02 02 FE 06 25 00 00  ..þ.}......þ.%..
00000C60   06 73 49 00 00 0A 73 4A 00 00 0A 7D 1B 00 00 04  .sI...sJ...}....
00000C70   02 7B 1B 00 00 04 17 6F 4B 00 00 0A 02 7B 1B 00  .{.....oK....{..
00000C80   00 04 72 E9 04 00 70 6F 4C 00 00 0A 02 7B 1B 00  ..ré..poL....{..
00000C90   00 04 6F 4D 00 00 0A 72 1D 05 00 70 02 7B 19 00  ..oM...r...p.{..
00000CA0   00 04 8C 47 00 00 01 28 4E 00 00 0A 28 05 00 00  ..G...(N...(...
00000CB0   0A 2A 00 00 1B 30 02 00 46 00 00 00 07 00 00 11  .*...0..F.......
00000CC0   2B 39 02 7B 1A 00 00 04 6F 4F 00 00 0A 0A 02 FE  +9.{....oO.....þ
00000CD0   06 26 00 00 06 73 50 00 00 0A 06 28 51 00 00 0A  .&...sP....(Q...
00000CE0   26 DE 18 0B 72 9D 05 00 70 07 6F 52 00 00 0A 28  &Þ..r..p.oR...(
00000CF0   3F 00 00 0A 28 05 00 00 0A DE 00 02 FE 13 7B 1C  ?...(....Þ..þ.{.
00000D00   00 00 04 2D BD 2A 00 00 01 10 00 00 00 00 02 00  ...-½*..........
00000D10   21 23 00 18 4E 00 00 01 1B 30 04 00 7F 00 00 00  !#..N....0.....
00000D20   08 00 00 11 03 74 4B 00 00 01 0A 06 20 88 13 00  .....tK..... ..
00000D30   00 6F 53 00 00 0A 06 20 88 13 00 00 6F 54 00 00  .oS.... ...oT..
00000D40   0A 06 6F 55 00 00 0A 0B 07 28 2D 00 00 06 0C 02  ..oU.....(-.....
00000D50   08 28 27 00 00 06 0D 09 07 6F 31 00 00 06 DE 39  .('......o1...Þ9
00000D60   13 04 20 F4 01 00 00 72 F1 05 00 70 11 04 6F 52  .. ô...rñ..p..oR
00000D70   00 00 0A 28 D4 00 00 06 72 1D 06 00 70 28 56 00  ...(Ô...r...p(V.
00000D80   00 0A 28 30 00 00 06 06 6F 55 00 00 0A 6F 31 00  ..(0....oU...o1.
00000D90   00 06 DE 03 26 DE 00 DE 00 DE 07 06 6F 57 00 00  ..Þ.&Þ.Þ.Þ..oW..
00000DA0   0A DC 2A 00 01 28 00 00 00 00 3E 00 32 70 00 03  .Ü*..(....>.2p..
00000DB0   01 00 00 01 00 00 07 00 35 3C 00 39 4E 00 00 01  ........5<.9N...
00000DC0   02 00 07 00 70 77 00 07 00 00 00 00 1E 02 28 06  ....pw........(.
00000DD0   00 00 0A 2A 1E 02 28 06 00 00 0A 2A 1E 02 28 06  ...*..(....*..(.
00000DE0   00 00 0A 2A 1E 02 28 06 00 00 0A 2A 1E 02 28 06  ...*..(....*..(.
00000DF0   00 00 0A 2A 1E 02 28 06 00 00 0A 2A 1E 02 28 06  ...*..(....*..(.
00000E00   00 00 0A 2A 1E 02 28 06 00 00 0A 2A 1E 02 28 06  ...*..(....*..(.
00000E10   00 00 0A 2A 1E 02 28 06 00 00 0A 2A 1E 02 28 06  ...*..(....*..(.
00000E20   00 00 0A 2A 1E 02 28 06 00 00 0A 2A 1E 02 28 06  ...*..(....*..(.
00000E30   00 00 0A 2A 1E 02 28 06 00 00 0A 2A 1E 02 28 06  ...*..(....*..(.
00000E40   00 00 0A 2A 1E 02 28 06 00 00 0A 2A 1E 02 28 06  ...*..(....*..(.
00000E50   00 00 0A 2A 1E 02 28 06 00 00 0A 2A 1E 02 28 06  ...*..(....*..(.
00000E60   00 00 0A 2A 1E 02 28 06 00 00 0A 2A 1E 02 28 06  ...*..(....*..(.
00000E70   00 00 0A 2A 1E 02 28 06 00 00 0A 2A 1E 02 28 06  ...*..(....*..(.
00000E80   00 00 0A 2A 1E 02 28 06 00 00 0A 2A 32 02 7B 97  ...*..(....*2.{
00000E90   00 00 04 28 64 00 00 06 2A 32 02 7B 98 00 00 04  ...(d...*2.{...
00000EA0   28 5C 00 00 06 2A 62 02 7B 99 00 00 04 02 7B 9A  (\...*b.{....{
00000EB0   00 00 04 02 7B 9B 00 00 04 28 66 00 00 06 2A 4A  ....{...(f...*J
00000EC0   02 7B 9C 00 00 04 02 7B 9D 00 00 04 28 67 00 00  .{....{...(g..
00000ED0   06 2A 4A 02 7B 9E 00 00 04 02 7B 9F 00 00 04 28  .*J.{....{...(
00000EE0   68 00 00 06 2A 7A 02 7B A0 00 00 04 02 7B A1 00  h...*z.{ ....{¡.
00000EF0   00 04 02 7B A2 00 00 04 02 7B A3 00 00 04 28 69  ...{¢....{£...(i
00000F00   00 00 06 2A 32 02 7B A4 00 00 04 28 6A 00 00 06  ...*2.{¤...(j...
00000F10   2A 32 02 7B A5 00 00 04 28 6B 00 00 06 2A 7A 02  *2.{¥...(k...*z.
00000F20   7B A6 00 00 04 02 7B A7 00 00 04 02 7B A8 00 00  {¦....{§....{¨..
00000F30   04 02 7B A9 00 00 04 28 6C 00 00 06 2A 32 02 7B  ..{©...(l...*2.{
00000F40   AA 00 00 04 28 62 00 00 06 2A 32 02 7B AB 00 00  ª...(b...*2.{«..
00000F50   04 28 63 00 00 06 2A 32 02 7B AC 00 00 04 28 DD  .(c...*2.{¬...(Ý
00000F60   00 00 06 2A 32 02 7B AD 00 00 04 28 DD 00 00 06  ...*2.{­...(Ý...
00000F70   2A 32 02 7B AE 00 00 04 28 EA 00 00 06 2A 32 02  *2.{®...(ê...*2.
00000F80   7B AF 00 00 04 28 EB 00 00 06 2A 32 02 7B B0 00  {¯...(ë...*2.{°.
00000F90   00 04 28 EC 00 00 06 2A 32 02 7B B1 00 00 04 28  ..(ì...*2.{±...(
00000FA0   3B 00 00 06 2A 32 02 7B B2 00 00 04 28 3C 00 00  ;...*2.{²...(<..
00000FB0   06 2A 32 02 7B B3 00 00 04 28 3D 00 00 06 2A 32  .*2.{³...(=...*2
00000FC0   02 7B B4 00 00 04 28 E8 00 00 06 2A 32 02 7B B5  .{´...(è...*2.{µ
00000FD0   00 00 04 28 4E 00 00 06 2A 32 02 7B B6 00 00 04  ...(N...*2.{¶...
00000FE0   28 40 00 00 06 2A 32 02 7B B7 00 00 04 28 E1 00  (@...*2.{·...(á.
00000FF0   00 06 2A 32 02 7B B8 00 00 04 28 38 00 00 06 2A  ..*2.{¸...(8...*
00001000   13 30 04 00 CC 0A 00 00 09 00 00 11 03 7B 1D 00  .0..Ì........{..
00001010   00 04 72 23 06 00 70 28 58 00 00 0A 2C 10 20 C8  ..r#..p(X...,. È
00001020   00 00 00 72 33 06 00 70 28 30 00 00 06 2A 03 7B  ...r3..p(0...*.{
00001030   1D 00 00 04 72 4B 06 00 70 28 58 00 00 0A 2C 6A  ....rK..p(X...,j
00001040   03 7B 1E 00 00 04 72 53 06 00 70 28 58 00 00 0A  .{....rS..p(X...
00001050   2C 58 20 C8 00 00 00 1B 8D 01 00 00 01 13 18 11  ,X È...........
00001060   18 16 72 63 06 00 70 A2 11 18 17 02 7B 18 00 00  ..rc..p¢....{...
00001070   04 6F 02 00 00 06 28 D5 00 00 06 A2 11 18 18 72  .o....(Õ...¢...r
00001080   D3 06 00 70 A2 11 18 19 02 7B 19 00 00 04 8C 47  Ó..p¢....{....G
00001090   00 00 01 A2 11 18 1A 72 E5 06 00 70 A2 11 18 28  ...¢...rå..p¢..(
000010A0   59 00 00 0A 28 30 00 00 06 2A 03 7B 1D 00 00 04  Y...(0...*.{....
000010B0   72 4B 06 00 70 28 58 00 00 0A 2C 26 03 7B 1E 00  rK..p(X...,&.{..
000010C0   00 04 72 E9 06 00 70 28 58 00 00 0A 2C 14 02 03  ..ré..p(X...,...
000010D0   14 FE 06 5A 00 00 06 73 5A 00 00 0A 28 28 00 00  .þ.Z...sZ...((..
000010E0   06 2A 03 7B 1D 00 00 04 72 4B 06 00 70 28 58 00  .*.{....rK..p(X.
000010F0   00 0A 2C 42 03 7B 1E 00 00 04 72 07 07 00 70 28  ..,B.{....r...p(
00001100   58 00 00 0A 2C 30 73 FA 00 00 06 0A 06 03 72 27  X...,0sú......r'
00001110   07 00 70 20 C8 00 00 00 6F 2A 00 00 06 7D 97 00  ..p È...o*...}.
00001120   00 04 02 03 06 FE 06 FB 00 00 06 73 5A 00 00 0A  .....þ.û...sZ...
00001130   28 28 00 00 06 2A 03 7B 1D 00 00 04 72 4B 06 00  ((...*.{....rK..
00001140   70 28 58 00 00 0A 2C 26 03 7B 1E 00 00 04 72 33  p(X...,&.{....r3
00001150   07 00 70 28 58 00 00 0A 2C 14 02 03 14 FE 06 5B  ..p(X...,....þ.[
00001160   00 00 06 73 5A 00 00 0A 28 28 00 00 06 2A 03 7B  ...sZ...((...*.{
00001170   1D 00 00 04 72 4B 06 00 70 28 58 00 00 0A 2C 3F  ....rK..p(X...,?
00001180   03 7B 1E 00 00 04 72 4F 07 00 70 28 58 00 00 0A  .{....rO..p(X...
00001190   2C 2D 73 FC 00 00 06 0B 07 03 72 27 07 00 70 1F  ,-sü......r'..p.
000011A0   32 6F 2A 00 00 06 7D 98 00 00 04 02 03 07 FE 06  2o*...}......þ.
000011B0   FD 00 00 06 73 5A 00 00 0A 28 28 00 00 06 2A 03  ý...sZ...((...*.
000011C0   7B 1D 00 00 04 72 4B 06 00 70 28 58 00 00 0A 2C  {....rK..p(X...,
000011D0   26 03 7B 1E 00 00 04 72 6B 07 00 70 28 58 00 00  &.{....rk..p(X..
000011E0   0A 2C 14 02 03 14 FE 06 5D 00 00 06 73 5A 00 00  .,....þ.]...sZ..
000011F0   0A 28 28 00 00 06 2A 03 7B 1D 00 00 04 72 4B 06  .((...*.{....rK.
00001200   00 70 28 58 00 00 0A 2C 26 03 7B 1E 00 00 04 72  .p(X...,&.{....r
00001210   85 07 00 70 28 58 00 00 0A 2C 14 02 03 14 FE 06  ..p(X...,....þ.
00001220   65 00 00 06 73 5A 00 00 0A 28 28 00 00 06 2A 03  e...sZ...((...*.
00001230   7B 1D 00 00 04 72 4B 06 00 70 28 58 00 00 0A 2C  {....rK..p(X...,
00001240   78 03 7B 1E 00 00 04 72 A3 07 00 70 28 58 00 00  x.{....r£..p(X..
00001250   0A 2C 66 73 FE 00 00 06 0C 08 03 72 27 07 00 70  .,fsþ......r'..p
00001260   20 F4 01 00 00 6F 2A 00 00 06 7D 99 00 00 04 08   ô...o*...}....
00001270   03 72 C7 07 00 70 72 D1 04 00 70 6F 2C 00 00 06  .rÇ..prÑ..po,...
00001280   7D 9A 00 00 04 08 03 72 D7 07 00 70 72 FB 07 00  }.....r×..prû..
00001290   70 6F 2C 00 00 06 72 07 08 00 70 28 58 00 00 0A  po,...r...p(X...
000012A0   7D 9B 00 00 04 02 03 08 FE 06 FF 00 00 06 73 5A  }......þ.....sZ
000012B0   00 00 0A 28 28 00 00 06 2A 03 7B 1D 00 00 04 72  ...((...*.{....r
000012C0   4B 06 00 70 28 58 00 00 0A 2C 58 03 7B 1E 00 00  K..p(X...,X.{...
000012D0   04 72 11 08 00 70 28 58 00 00 0A 2C 46 73 00 01  .r...p(X...,Fs..
000012E0   00 06 0D 09 03 72 27 07 00 70 20 F4 01 00 00 6F  .....r'..p ô...o
000012F0   2A 00 00 06 7D 9C 00 00 04 09 03 72 C7 07 00 70  *...}.....rÇ..p
00001300   72 D1 04 00 70 6F 2C 00 00 06 7D 9D 00 00 04 02  rÑ..po,...}....
00001310   03 09 FE 06 01 01 00 06 73 5A 00 00 0A 28 28 00  ..þ.....sZ...((.
00001320   00 06 2A 03 7B 1D 00 00 04 72 4B 06 00 70 28 58  ..*.{....rK..p(X
00001330   00 00 0A 2C 5C 03 7B 1E 00 00 04 72 33 08 00 70  ...,\.{....r3..p
00001340   28 58 00 00 0A 2C 4A 73 02 01 00 06 13 04 11 04  (X...,Js........
00001350   03 72 27 07 00 70 20 F4 01 00 00 6F 2A 00 00 06  .r'..p ô...o*...
00001360   7D 9E 00 00 04 11 04 03 72 C7 07 00 70 72 D1 04  }......rÇ..prÑ.
00001370   00 70 6F 2C 00 00 06 7D 9F 00 00 04 02 03 11 04  .po,...}.......
00001380   FE 06 03 01 00 06 73 5A 00 00 0A 28 28 00 00 06  þ.....sZ...((...
00001390   2A 03 7B 1D 00 00 04 72 4B 06 00 70 28 58 00 00  *.{....rK..p(X..
000013A0   0A 39 97 00 00 00 03 7B 1E 00 00 04 72 53 08 00  .9....{....rS..
000013B0   70 28 58 00 00 0A 39 82 00 00 00 73 04 01 00 06  p(X...9...s....
000013C0   13 05 11 05 03 72 27 07 00 70 20 C8 00 00 00 6F  .....r'..p È...o
000013D0   2A 00 00 06 7D A0 00 00 04 11 05 03 72 7F 08 00  *...} ......r..
000013E0   70 22 00 00 80 41 6F 2B 00 00 06 7D A1 00 00 04  p"..Ao+...}¡...
000013F0   11 05 03 72 A1 08 00 70 22 00 00 E0 41 6F 2B 00  ...r¡..p"..àAo+.
00001400   00 06 7D A2 00 00 04 11 05 03 72 C7 08 00 70 72  ..}¢......rÇ..pr
00001410   07 08 00 70 6F 2C 00 00 06 72 07 08 00 70 28 58  ...po,...r...p(X
00001420   00 00 0A 7D A3 00 00 04 02 03 11 05 FE 06 05 01  ...}£.......þ...
00001430   00 06 73 5A 00 00 0A 28 28 00 00 06 2A 03 7B 1D  ..sZ...((...*.{.
00001440   00 00 04 72 4B 06 00 70 28 58 00 00 0A 2C 42 03  ...rK..p(X...,B.
00001450   7B 1E 00 00 04 72 E7 08 00 70 28 58 00 00 0A 2C  {....rç..p(X...,
00001460   30 73 06 01 00 06 13 06 11 06 03 72 27 07 00 70  0s.........r'..p
00001470   1F 32 6F 2A 00 00 06 7D A4 00 00 04 02 03 11 06  .2o*...}¤.......
00001480   FE 06 07 01 00 06 73 5A 00 00 0A 28 28 00 00 06  þ.....sZ...((...
00001490   2A 03 7B 1D 00 00 04 72 4B 06 00 70 28 58 00 00  *.{....rK..p(X..
000014A0   0A 2C 45 03 7B 1E 00 00 04 72 1F 09 00 70 28 58  .,E.{....r...p(X
000014B0   00 00 0A 2C 33 73 08 01 00 06 13 07 11 07 03 72  ...,3s.........r
000014C0   27 07 00 70 20 C8 00 00 00 6F 2A 00 00 06 7D A5  '..p È...o*...}¥
000014D0   00 00 04 02 03 11 07 FE 06 09 01 00 06 73 5A 00  .......þ.....sZ.
000014E0   00 0A 28 28 00 00 06 2A 03 7B 1D 00 00 04 72 4B  ..((...*.{....rK
000014F0   06 00 70 28 58 00 00 0A 39 8C 00 00 00 03 7B 1E  ..p(X...9....{.
00001500   00 00 04 72 53 09 00 70 28 58 00 00 0A 2C 7A 73  ...rS..p(X...,zs
00001510   0A 01 00 06 13 08 11 08 03 72 27 07 00 70 20 C8  .........r'..p È
00001520   00 00 00 6F 2A 00 00 06 7D A6 00 00 04 11 08 03  ...o*...}¦......
00001530   72 7F 09 00 70 19 6F 2A 00 00 06 7D A7 00 00 04  r..p.o*...}§...
00001540   11 08 03 72 A1 09 00 70 1C 6F 2A 00 00 06 7D A8  ...r¡..p.o*...}¨
00001550   00 00 04 11 08 03 72 C1 09 00 70 72 07 08 00 70  ......rÁ..pr...p
00001560   6F 2C 00 00 06 72 07 08 00 70 28 58 00 00 0A 7D  o,...r...p(X...}
00001570   A9 00 00 04 02 03 11 08 FE 06 0B 01 00 06 73 5A  ©.......þ.....sZ
00001580   00 00 0A 28 28 00 00 06 2A 03 7B 1D 00 00 04 72  ...((...*.{....r
00001590   4B 06 00 70 28 58 00 00 0A 2C 26 03 7B 1E 00 00  K..p(X...,&.{...
000015A0   04 72 E9 09 00 70 28 58 00 00 0A 2C 14 02 03 14  .ré..p(X...,....
000015B0   FE 06 E2 00 00 06 73 5A 00 00 0A 28 28 00 00 06  þ.â...sZ...((...
000015C0   2A 03 7B 1D 00 00 04 72 4B 06 00 70 28 58 00 00  *.{....rK..p(X..
000015D0   0A 2C 26 03 7B 1E 00 00 04 72 03 0A 00 70 28 58  .,&.{....r...p(X
000015E0   00 00 0A 2C 14 02 03 14 FE 06 61 00 00 06 73 5A  ...,....þ.a...sZ
000015F0   00 00 0A 28 28 00 00 06 2A 03 7B 1D 00 00 04 72  ...((...*.{....r
00001600   4B 06 00 70 28 58 00 00 0A 2C 45 03 7B 1E 00 00  K..p(X...,E.{...
00001610   04 72 21 0A 00 70 28 58 00 00 0A 2C 33 73 0C 01  .r!..p(X...,3s..
00001620   00 06 13 09 11 09 03 72 C7 07 00 70 72 D1 04 00  .......rÇ..prÑ..
00001630   70 6F 2C 00 00 06 7D AA 00 00 04 02 03 11 09 FE  po,...}ª.......þ
00001640   06 0D 01 00 06 73 5A 00 00 0A 28 28 00 00 06 2A  .....sZ...((...*
00001650   03 7B 1D 00 00 04 72 4B 06 00 70 28 58 00 00 0A  .{....rK..p(X...
00001660   2C 45 03 7B 1E 00 00 04 72 45 0A 00 70 28 58 00  ,E.{....rE..p(X.
00001670   00 0A 2C 33 73 0E 01 00 06 13 0A 11 0A 03 72 C7  ..,3s.........rÇ
00001680   07 00 70 72 D1 04 00 70 6F 2C 00 00 06 7D AB 00  ..prÑ..po,...}«.
00001690   00 04 02 03 11 0A FE 06 0F 01 00 06 73 5A 00 00  ......þ.....sZ..
000016A0   0A 28 28 00 00 06 2A 03 7B 1D 00 00 04 72 6B 0A  .((...*.{....rk.
000016B0   00 70 28 58 00 00 0A 2C 3B 03 7B 1E 00 00 04 72  .p(X...,;.{....r
000016C0   75 0A 00 70 28 58 00 00 0A 2C 29 73 10 01 00 06  u..p(X...,)s....
000016D0   13 0B 11 0B 03 7B 20 00 00 04 7D AC 00 00 04 02  .....{ ...}¬....
000016E0   03 11 0B FE 06 11 01 00 06 73 5A 00 00 0A 28 28  ...þ.....sZ...((
000016F0   00 00 06 2A 03 7B 1D 00 00 04 72 6B 0A 00 70 28  ...*.{....rk..p(
00001700   58 00 00 0A 2C 3B 03 7B 1E 00 00 04 72 9F 0A 00  X...,;.{....r..
00001710   70 28 58 00 00 0A 2C 29 73 12 01 00 06 13 0C 11  p(X...,)s.......
00001720   0C 03 7B 20 00 00 04 7D AD 00 00 04 02 03 11 0C  ..{ ...}­.......
00001730   FE 06 13 01 00 06 73 5A 00 00 0A 28 28 00 00 06  þ.....sZ...((...
00001740   2A 03 7B 1D 00 00 04 72 6B 0A 00 70 28 58 00 00  *.{....rk..p(X..
00001750   0A 2C 3B 03 7B 1E 00 00 04 72 CF 0A 00 70 28 58  .,;.{....rÏ..p(X
00001760   00 00 0A 2C 29 73 14 01 00 06 13 0D 11 0D 03 7B  ...,)s.........{
00001770   20 00 00 04 7D AE 00 00 04 02 03 11 0D FE 06 15   ...}®.......þ..
00001780   01 00 06 73 5A 00 00 0A 28 28 00 00 06 2A 03 7B  ...sZ...((...*.{
00001790   1D 00 00 04 72 6B 0A 00 70 28 58 00 00 0A 2C 3B  ....rk..p(X...,;
000017A0   03 7B 1E 00 00 04 72 F5 0A 00 70 28 58 00 00 0A  .{....rõ..p(X...
000017B0   2C 29 73 16 01 00 06 13 0E 11 0E 03 7B 20 00 00  ,)s.........{ ..
000017C0   04 7D AF 00 00 04 02 03 11 0E FE 06 17 01 00 06  .}¯.......þ.....
000017D0   73 5A 00 00 0A 28 28 00 00 06 2A 03 7B 1D 00 00  sZ...((...*.{...
000017E0   04 72 6B 0A 00 70 28 58 00 00 0A 2C 3B 03 7B 1E  .rk..p(X...,;.{.
000017F0   00 00 04 72 3D 0B 00 70 28 58 00 00 0A 2C 29 73  ...r=..p(X...,)s
00001800   18 01 00 06 13 0F 11 0F 03 7B 20 00 00 04 7D B0  .........{ ...}°
00001810   00 00 04 02 03 11 0F FE 06 19 01 00 06 73 5A 00  .......þ.....sZ.
00001820   00 0A 28 28 00 00 06 2A 03 7B 1D 00 00 04 72 6B  ..((...*.{....rk
00001830   0A 00 70 28 58 00 00 0A 2C 3B 03 7B 1E 00 00 04  ..p(X...,;.{....
00001840   72 7B 0B 00 70 28 58 00 00 0A 2C 29 73 1A 01 00  r{..p(X...,)s...
00001850   06 13 10 11 10 03 7B 20 00 00 04 7D B1 00 00 04  ......{ ...}±...
00001860   02 03 11 10 FE 06 1B 01 00 06 73 5A 00 00 0A 28  ....þ.....sZ...(
00001870   28 00 00 06 2A 03 7B 1D 00 00 04 72 6B 0A 00 70  (...*.{....rk..p
00001880   28 58 00 00 0A 2C 3B 03 7B 1E 00 00 04 72 AD 0B  (X...,;.{....r­.
00001890   00 70 28 58 00 00 0A 2C 29 73 1C 01 00 06 13 11  .p(X...,)s......
000018A0   11 11 03 7B 20 00 00 04 7D B2 00 00 04 02 03 11  ...{ ...}²......
000018B0   11 FE 06 1D 01 00 06 73 5A 00 00 0A 28 28 00 00  .þ.....sZ...((..
000018C0   06 2A 03 7B 1D 00 00 04 72 6B 0A 00 70 28 58 00  .*.{....rk..p(X.
000018D0   00 0A 2C 3B 03 7B 1E 00 00 04 72 DD 0B 00 70 28  ..,;.{....rÝ..p(
000018E0   58 00 00 0A 2C 29 73 1E 01 00 06 13 12 11 12 03  X...,)s.........
000018F0   7B 20 00 00 04 7D B3 00 00 04 02 03 11 12 FE 06  { ...}³.......þ.
00001900   1F 01 00 06 73 5A 00 00 0A 28 28 00 00 06 2A 03  ....sZ...((...*.
00001910   7B 1D 00 00 04 72 6B 0A 00 70 28 58 00 00 0A 2C  {....rk..p(X...,
00001920   26 03 7B 1E 00 00 04 72 19 0C 00 70 28 58 00 00  &.{....r...p(X..
00001930   0A 2C 14 02 03 14 FE 06 33 00 00 06 73 5A 00 00  .,....þ.3...sZ..
00001940   0A 28 28 00 00 06 2A 03 7B 1D 00 00 04 72 6B 0A  .((...*.{....rk.
00001950   00 70 28 58 00 00 0A 2C 3B 03 7B 1E 00 00 04 72  .p(X...,;.{....r
00001960   5B 0C 00 70 28 58 00 00 0A 2C 29 73 20 01 00 06  [..p(X...,)s ...
00001970   13 13 11 13 03 7B 20 00 00 04 7D B4 00 00 04 02  .....{ ...}´....
00001980   03 11 13 FE 06 21 01 00 06 73 5A 00 00 0A 28 28  ...þ.!...sZ...((
00001990   00 00 06 2A 03 7B 1D 00 00 04 72 6B 0A 00 70 28  ...*.{....rk..p(
000019A0   58 00 00 0A 2C 3B 03 7B 1E 00 00 04 72 99 0C 00  X...,;.{....r..
000019B0   70 28 58 00 00 0A 2C 29 73 22 01 00 06 13 14 11  p(X...,)s"......
000019C0   14 03 7B 20 00 00 04 7D B5 00 00 04 02 03 11 14  ..{ ...}µ.......
000019D0   FE 06 23 01 00 06 73 5A 00 00 0A 28 28 00 00 06  þ.#...sZ...((...
000019E0   2A 03 7B 1D 00 00 04 72 6B 0A 00 70 28 58 00 00  *.{....rk..p(X..
000019F0   0A 2C 3B 03 7B 1E 00 00 04 72 C7 0C 00 70 28 58  .,;.{....rÇ..p(X
00001A00   00 00 0A 2C 29 73 24 01 00 06 13 15 11 15 03 7B  ...,)s$........{
00001A10   20 00 00 04 7D B6 00 00 04 02 03 11 15 FE 06 25   ...}¶.......þ.%
00001A20   01 00 06 73 5A 00 00 0A 28 28 00 00 06 2A 03 7B  ...sZ...((...*.{
00001A30   1D 00 00 04 72 6B 0A 00 70 28 58 00 00 0A 2C 3B  ....rk..p(X...,;
00001A40   03 7B 1E 00 00 04 72 ED 0C 00 70 28 58 00 00 0A  .{....rí..p(X...
00001A50   2C 29 73 26 01 00 06 13 16 11 16 03 7B 20 00 00  ,)s&........{ ..
00001A60   04 7D B7 00 00 04 02 03 11 16 FE 06 27 01 00 06  .}·.......þ.'...
00001A70   73 5A 00 00 0A 28 28 00 00 06 2A 03 7B 1D 00 00  sZ...((...*.{...
00001A80   04 72 6B 0A 00 70 28 58 00 00 0A 2C 3B 03 7B 1E  .rk..p(X...,;.{.
00001A90   00 00 04 72 0B 0D 00 70 28 58 00 00 0A 2C 29 73  ...r...p(X...,)s
00001AA0   28 01 00 06 13 17 11 17 03 7B 20 00 00 04 7D B8  (........{ ...}¸
00001AB0   00 00 04 02 03 11 17 FE 06 29 01 00 06 73 5A 00  .......þ.)...sZ.
00001AC0   00 0A 28 28 00 00 06 2A 20 94 01 00 00 72 2B 0D  ..((...* ...r+.
00001AD0   00 70 28 30 00 00 06 2A 1E 02 28 06 00 00 0A 2A  .p(0...*..(....*
00001AE0   E6 02 7B B9 00 00 04 7B 28 00 00 04 2D 07 72 6D  æ.{¹...{(...-.rm
00001AF0   0D 00 70 2B 05 72 83 0D 00 70 02 7B BA 00 00 04  ..p+.r..p.{º...
00001B00   28 29 00 00 06 28 3F 00 00 0A 28 10 00 00 06 72  ()...(?...(....r
00001B10   33 06 00 70 28 4A 00 00 06 2A 00 00 13 30 04 00  3..p(J...*...0..
00001B20   92 00 00 00 0A 00 00 11 73 2A 01 00 06 0A 06 03  .......s*......
00001B30   7D BA 00 00 04 02 7B 18 00 00 04 6F 02 00 00 06  }º....{....o....
00001B40   2D 10 20 99 01 00 00 72 95 0D 00 70 28 30 00 00  -. ...r..p(0..
00001B50   06 2A 06 02 7B 18 00 00 04 6F 03 00 00 06 04 20  .*..{....o.....
00001B60   10 27 00 00 6F 41 00 00 06 7D B9 00 00 04 02 7B  .'..oA...}¹....{
00001B70   18 00 00 04 6F 03 00 00 06 06 FE 06 2B 01 00 06  ....o.....þ.+...
00001B80   73 5A 00 00 0A 20 10 27 00 00 6F 41 00 00 06 26  sZ... .'..oA...&
00001B90   06 7B B9 00 00 04 7B 28 00 00 04 2D 07 20 F4 01  .{¹...{(...-. ô.
00001BA0   00 00 2B 05 20 C8 00 00 00 06 7B B9 00 00 04 7B  ..+. È....{¹...{
00001BB0   29 00 00 04 28 30 00 00 06 2A 00 00 13 30 06 00  )...(0...*...0..
00001BC0   50 04 00 00 0B 00 00 11 02 7B 20 00 00 04 2C 08  P........{ ...,.
00001BD0   02 7B 20 00 00 04 2B 05 72 D1 04 00 70 0A 02 7B  .{ ...+.rÑ..p..{
00001BE0   1D 00 00 04 72 4B 06 00 70 28 58 00 00 0A 39 A9  ....rK..p(X...9©
00001BF0   01 00 00 02 7B 1E 00 00 04 72 E9 06 00 70 28 58  ....{....ré..p(X
00001C00   00 00 0A 2C 06 72 E9 0D 00 70 2A 02 7B 1E 00 00  ...,.ré..p*.{...
00001C10   04 72 07 07 00 70 28 58 00 00 0A 2C 06 72 0D 0E  .r...p(X...,.r..
00001C20   00 70 2A 02 7B 1E 00 00 04 72 33 07 00 70 28 58  .p*.{....r3..p(X
00001C30   00 00 0A 2C 06 72 33 0E 00 70 2A 02 7B 1E 00 00  ...,.r3..p*.{...
00001C40   04 72 4F 07 00 70 28 58 00 00 0A 2C 06 72 55 0E  .rO..p(X...,.rU.
00001C50   00 70 2A 02 7B 1E 00 00 04 72 6B 07 00 70 28 58  .p*.{....rk..p(X
00001C60   00 00 0A 2C 06 72 7D 0E 00 70 2A 02 7B 1E 00 00  ...,.r}..p*.{...
00001C70   04 72 85 07 00 70 28 58 00 00 0A 2C 06 72 A5 0E  .r..p(X...,.r¥.
00001C80   00 70 2A 02 7B 1E 00 00 04 72 A3 07 00 70 28 58  .p*.{....r£..p(X
00001C90   00 00 0A 2C 06 72 CB 0E 00 70 2A 02 7B 1E 00 00  ...,.rË..p*.{...
00001CA0   04 72 11 08 00 70 28 58 00 00 0A 2C 06 72 EB 0E  .r...p(X...,.rë.
00001CB0   00 70 2A 02 7B 1E 00 00 04 72 33 08 00 70 28 58  .p*.{....r3..p(X
00001CC0   00 00 0A 2C 06 72 1B 0F 00 70 2A 02 7B 1E 00 00  ...,.r...p*.{...
00001CD0   04 72 53 08 00 70 28 58 00 00 0A 2C 06 72 37 0F  .rS..p(X...,.r7.
00001CE0   00 70 2A 02 7B 1E 00 00 04 72 E7 08 00 70 28 58  .p*.{....rç..p(X
00001CF0   00 00 0A 2C 06 72 65 0F 00 70 2A 02 7B 1E 00 00  ...,.re..p*.{...
00001D00   04 72 1F 09 00 70 28 58 00 00 0A 2C 06 72 9F 0F  .r...p(X...,.r.
00001D10   00 70 2A 02 7B 1E 00 00 04 72 53 09 00 70 28 58  .p*.{....rS..p(X
00001D20   00 00 0A 2C 06 72 D5 0F 00 70 2A 02 7B 1E 00 00  ...,.rÕ..p*.{...
00001D30   04 72 E9 09 00 70 28 58 00 00 0A 2C 06 72 07 10  .ré..p(X...,.r..
00001D40   00 70 2A 02 7B 1E 00 00 04 72 03 0A 00 70 28 58  .p*.{....r...p(X
00001D50   00 00 0A 2C 06 72 1D 10 00 70 2A 02 7B 1E 00 00  ...,.r...p*.{...
00001D60   04 72 21 0A 00 70 28 58 00 00 0A 2C 06 72 41 10  .r!..p(X...,.rA.
00001D70   00 70 2A 02 7B 1E 00 00 04 72 45 0A 00 70 28 58  .p*.{....rE..p(X
00001D80   00 00 0A 2C 06 72 6B 10 00 70 2A 72 97 10 00 70  ...,.rk..p*r..p
00001D90   02 7B 1E 00 00 04 28 3F 00 00 0A 2A 02 7B 1E 00  .{....(?...*.{..
00001DA0   00 04 72 9F 0A 00 70 28 58 00 00 0A 2D 12 02 7B  ..r..p(X...-..{
00001DB0   1E 00 00 04 72 75 0A 00 70 28 58 00 00 0A 2C 1D  ....ru..p(X...,.
00001DC0   06 72 A1 10 00 70 72 B7 10 00 70 28 D8 00 00 06  .r¡..pr·..p(Ø...
00001DD0   0B 72 C7 10 00 70 07 28 3F 00 00 0A 2A 02 7B 1E  .rÇ..p.(?...*.{.
00001DE0   00 00 04 72 CF 0A 00 70 28 58 00 00 0A 2C 1B 72  ...rÏ..p(X...,.r
00001DF0   E5 10 00 70 06 72 F9 10 00 70 72 D1 04 00 70 28  å..p.rù..prÑ..p(
00001E00   D8 00 00 06 28 3F 00 00 0A 2A 02 7B 1E 00 00 04  Ø...(?...*.{....
00001E10   72 F5 0A 00 70 28 58 00 00 0A 2C 06 72 03 11 00  rõ..p(X...,.r...
00001E20   70 2A 02 7B 1E 00 00 04 72 3D 0B 00 70 28 58 00  p*.{....r=..p(X.
00001E30   00 0A 2C 06 72 37 11 00 70 2A 02 7B 1E 00 00 04  ..,.r7..p*.{....
00001E40   72 7B 0B 00 70 28 58 00 00 0A 2C 1B 72 61 11 00  r{..p(X...,.ra..
00001E50   70 06 72 81 11 00 70 72 D1 04 00 70 28 D8 00 00  p.r..prÑ..p(Ø..
00001E60   06 28 3F 00 00 0A 2A 02 7B 1E 00 00 04 72 AD 0B  .(?...*.{....r­.
00001E70   00 70 28 58 00 00 0A 2C 24 72 9F 11 00 70 06 72  .p(X...,$r..p.r
00001E80   BF 11 00 70 22 00 00 00 00 28 DB 00 00 06 69 0D  ¿..p"....(Û...i.
00001E90   12 03 28 5B 00 00 0A 28 3F 00 00 0A 2A 02 7B 1E  ..([...(?...*.{.
00001EA0   00 00 04 72 DD 0B 00 70 28 58 00 00 0A 2C 25 72  ...rÝ..p(X...,%r
00001EB0   C5 11 00 70 06 72 BF 11 00 70 22 00 00 00 00 28  Å..p.r¿..p"....(
00001EC0   DB 00 00 06 69 13 04 12 04 28 5B 00 00 0A 28 3F  Û...i....([...(?
00001ED0   00 00 0A 2A 02 7B 1E 00 00 04 72 19 0C 00 70 28  ...*.{....r...p(
00001EE0   58 00 00 0A 2C 06 72 F1 11 00 70 2A 02 7B 1E 00  X...,.rñ..p*.{..
00001EF0   00 04 72 C7 0C 00 70 28 58 00 00 0A 2C 3C 06 72  ..rÇ..p(X...,<.r
00001F00   1F 12 00 70 72 35 12 00 70 28 D8 00 00 06 0C 72  ...pr5..p(Ø....r
00001F10   43 12 00 70 08 72 57 12 00 70 06 72 BF 11 00 70  C..p.rW..p.r¿..p
00001F20   22 00 00 00 00 28 DB 00 00 06 69 13 05 12 05 28  "....(Û...i....(
00001F30   5B 00 00 0A 28 41 00 00 0A 2A 02 7B 1E 00 00 04  [...(A...*.{....
00001F40   72 ED 0C 00 70 28 58 00 00 0A 2C 1B 72 5D 12 00  rí..p(X...,.r]..
00001F50   70 06 72 73 12 00 70 72 7D 12 00 70 28 D8 00 00  p.rs..pr}..p(Ø..
00001F60   06 28 3F 00 00 0A 2A 02 7B 1E 00 00 04 72 5B 0C  .(?...*.{....r[.
00001F70   00 70 28 58 00 00 0A 2C 39 06 72 99 12 00 70 16  .p(X...,9.r..p.
00001F80   28 D9 00 00 06 2C 06 72 A7 12 00 70 2A 72 C9 12  (Ù...,.r§..p*rÉ.
00001F90   00 70 06 72 F5 12 00 70 22 00 00 00 00 28 DB 00  .p.rõ..p"....(Û.
00001FA0   00 06 69 13 06 12 06 28 5B 00 00 0A 28 3F 00 00  ..i....([...(?..
00001FB0   0A 2A 02 7B 1E 00 00 04 72 99 0C 00 70 28 58 00  .*.{....r..p(X.
00001FC0   00 0A 2C 25 72 01 13 00 70 06 72 1D 13 00 70 22  ..,%r...p.r...p"
00001FD0   00 00 00 00 28 DB 00 00 06 69 13 07 12 07 28 5B  ....(Û...i....([
00001FE0   00 00 0A 28 3F 00 00 0A 2A 02 7B 1E 00 00 04 72  ...(?...*.{....r
00001FF0   0B 0D 00 70 28 58 00 00 0A 2C 06 72 27 13 00 70  ...p(X...,.r'..p
00002000   2A 02 7B 1D 00 00 04 72 4D 13 00 70 02 7B 1E 00  *.{....rM..p.{..
00002010   00 04 28 56 00 00 0A 2A 13 30 04 00 7B 00 00 00  ..(V...*.0..{...
00002020   0C 00 00 11 02 7B 1F 00 00 04 2C 0D 02 7B 1F 00  .....{....,..{..
00002030   00 04 6F 42 00 00 0A 2D 02 04 2A 02 7B 1F 00 00  ..oB...-..*.{...
00002040   04 17 8D 4F 00 00 01 13 04 11 04 16 1F 26 9D 11  ..O.........&.
00002050   04 6F 5C 00 00 0A 0A 16 0B 2B 3C 06 07 9A 17 8D  .o\......+<...
00002060   4F 00 00 01 13 05 11 05 16 1F 3D 9D 11 05 6F 5C  O.........=..o\
00002070   00 00 0A 0C 08 8E 69 18 33 19 08 16 9A 03 28 58  .....i.3....(X
00002080   00 00 0A 2C 0E 08 17 9A 12 03 28 5D 00 00 0A 2C  ...,.....(]...,
00002090   02 09 2A 07 17 58 0B 07 06 8E 69 32 BE 04 2A 00  ..*..X...i2¾.*.
000020A0   13 30 04 00 7B 00 00 00 0D 00 00 11 02 7B 1F 00  .0..{........{..
000020B0   00 04 2C 0D 02 7B 1F 00 00 04 6F 42 00 00 0A 2D  ..,..{....oB...-
000020C0   02 04 2A 02 7B 1F 00 00 04 17 8D 4F 00 00 01 13  ..*.{.....O....
000020D0   04 11 04 16 1F 26 9D 11 04 6F 5C 00 00 0A 0A 16  .....&..o\.....
000020E0   0B 2B 3C 06 07 9A 17 8D 4F 00 00 01 13 05 11 05  .+<...O.......
000020F0   16 1F 3D 9D 11 05 6F 5C 00 00 0A 0C 08 8E 69 18  ..=..o\.....i.
00002100   33 19 08 16 9A 03 28 58 00 00 0A 2C 0E 08 17 9A  3....(X...,...
00002110   12 03 28 5E 00 00 0A 2C 02 09 2A 07 17 58 0B 07  ..(^...,..*..X..
00002120   06 8E 69 32 BE 04 2A 00 13 30 04 00 82 00 00 00  .i2¾.*..0.....
00002130   0E 00 00 11 02 7B 1F 00 00 04 2C 0D 02 7B 1F 00  .....{....,..{..
00002140   00 04 6F 42 00 00 0A 2D 02 04 2A 02 7B 1F 00 00  ..oB...-..*.{...
00002150   04 17 8D 4F 00 00 01 0D 09 16 1F 26 9D 09 6F 5C  ..O.......&.o\
00002160   00 00 0A 0A 16 0B 2B 46 06 07 9A 17 8D 4F 00 00  ......+F...O..
00002170   01 13 04 11 04 16 1F 3D 9D 11 04 6F 5C 00 00 0A  .......=..o\...
00002180   0C 08 8E 69 18 33 23 08 16 9A 03 28 58 00 00 0A  ..i.3#...(X...
00002190   2C 18 08 17 9A 72 49 04 00 70 72 4D 13 00 70 6F  ,...rI..prM..po
000021A0   5F 00 00 0A 28 60 00 00 0A 2A 07 17 58 0B 07 06  _...(`...*..X...
000021B0   8E 69 32 B4 04 2A 00 00 13 30 05 00 DC 01 00 00  i2´.*...0..Ü...
000021C0   0F 00 00 11 73 61 00 00 0A 0A 16 0B 02 6F 62 00  ....sa.......ob.
000021D0   00 0A 0C 08 16 32 58 06 08 D2 6F 63 00 00 0A 07  .....2X..Òoc....
000021E0   2D 05 08 1F 0D 2E 1B 07 17 33 05 08 1F 0A 2E 12  -........3......
000021F0   07 18 33 05 08 1F 0D 2E 09 07 19 33 0F 08 1F 0A  ..3........3....
00002200   33 0A 07 17 58 0B 07 1A 33 0C 2B 23 08 1F 0D 2E  3...X...3.+#....
00002210   03 16 2B 01 17 0B 06 6F 64 00 00 0A 20 00 00 01  ..+....od... ...
00002220   00 6A 31 A8 72 51 13 00 70 73 65 00 00 0A 7A 28  .j1¨rQ..pse...z(
00002230   66 00 00 0A 06 6F 67 00 00 0A 6F 68 00 00 0A 0D  f....og...oh....
00002240   09 17 8D 48 00 00 01 13 10 11 10 16 72 8F 13 00  ..H........r..
00002250   70 A2 11 10 16 6F 69 00 00 0A 13 04 11 04 16 9A  p¢...oi........
00002260   17 8D 4F 00 00 01 13 11 11 11 16 1F 20 9D 11 11  .O......... ..
00002270   6F 5C 00 00 0A 13 05 16 13 06 17 13 07 2B 4C 11  o\...........+L.
00002280   04 11 07 9A 13 08 11 08 1F 3A 6F 6A 00 00 0A 13  ........:oj....
00002290   09 11 09 16 31 2F 11 08 16 11 09 6F 43 00 00 0A  ....1/.....oC...
000022A0   72 95 13 00 70 17 28 6B 00 00 0A 2D 18 11 08 11  r..p.(k...-....
000022B0   09 17 58 6F 6C 00 00 0A 6F 6D 00 00 0A 12 06 28  ..Xol...om.....(
000022C0   5D 00 00 0A 26 11 07 17 58 13 07 11 07 11 04 8E  ]...&...X......
000022D0   69 32 AC 11 06 8D 56 00 00 01 13 0A 16 13 0B 2B  i2¬..V........+
000022E0   1D 02 11 0A 11 0B 11 06 11 0B 59 6F 6E 00 00 0A  ..........Yon...
000022F0   13 0C 11 0C 16 31 0D 11 0B 11 0C 58 13 0B 11 0B  .....1.....X....
00002300   11 06 32 DD 73 2E 00 00 06 13 0D 11 0D 11 05 8E  ..2Ýs..........
00002310   69 16 30 07 72 D1 04 00 70 2B 09 11 05 16 9A 6F  i.0.rÑ..p+....o
00002320   6F 00 00 0A 7D 1D 00 00 04 11 05 8E 69 17 30 07  o...}......i.0.
00002330   72 B3 13 00 70 2B 04 11 05 17 9A 13 0E 11 0E 1F  r³..p+.........
00002340   3F 6F 6A 00 00 0A 13 0F 11 0F 16 32 25 11 0D 11  ?oj........2%...
00002350   0E 16 11 0F 6F 43 00 00 0A 7D 1E 00 00 04 11 0D  ....oC...}......
00002360   11 0E 11 0F 17 58 6F 6C 00 00 0A 7D 1F 00 00 04  .....Xol...}....
00002370   2B 15 11 0D 11 0E 7D 1E 00 00 04 11 0D 72 D1 04  +.....}......rÑ.
00002380   00 70 7D 1F 00 00 04 11 0D 28 66 00 00 0A 11 0A  .p}......(f.....
00002390   16 11 0B 6F 70 00 00 0A 7D 20 00 00 04 11 0D 2A  ...op...} .....*
000023A0   1E 02 28 06 00 00 0A 2A 56 02 28 06 00 00 0A 02  ..(....*V.(.....
000023B0   03 7D 21 00 00 04 02 04 7D 22 00 00 04 2A 22 02  .}!.....}"...*".
000023C0   03 73 2F 00 00 06 2A 00 13 30 04 00 89 00 00 00  .s/...*..0.....
000023D0   10 00 00 11 28 66 00 00 0A 02 7B 22 00 00 04 6F  ....(f....{"...o
000023E0   71 00 00 0A 0A 1D 8D 01 00 00 01 0D 09 16 72 B7  q............r·
000023F0   13 00 70 A2 09 17 02 7B 21 00 00 04 8C 47 00 00  ..p¢...{!...G..
00002400   01 A2 09 18 72 4D 13 00 70 A2 09 19 02 7B 21 00  .¢..rM..p¢...{!.
00002410   00 04 28 32 00 00 06 A2 09 1A 72 CB 13 00 70 A2  ..(2...¢..rË..p¢
00002420   09 1B 06 8E 69 8C 47 00 00 01 A2 09 1C 72 50 14  ...iG...¢..rP.
00002430   00 70 A2 09 28 59 00 00 0A 0B 28 72 00 00 0A 07  .p¢.(Y....(r....
00002440   6F 71 00 00 0A 0C 03 08 16 08 8E 69 6F 73 00 00  oq........ios..
00002450   0A 03 06 16 06 8E 69 6F 73 00 00 0A 2A C2 02 20  .....ios...*Â.
00002460   C8 00 00 00 33 06 72 7D 15 00 70 2A 02 20 94 01  È...3.r}..p*. .
00002470   00 00 33 06 72 83 15 00 70 2A 02 20 99 01 00 00  ..3.r..p*. ...
00002480   33 06 72 97 15 00 70 2A 72 A9 15 00 70 2A 00 00  3.r..p*r©..p*..
00002490   1B 30 03 00 01 02 00 00 11 00 00 11 73 74 00 00  .0..........st..
000024A0   0A 0A 17 0B 16 0C 16 0D 28 75 00 00 0A 6F 76 00  ........(u...ov.
000024B0   00 0A 13 08 38 6E 01 00 00 11 08 6F 77 00 00 0A  ....8n.....ow...
000024C0   13 04 11 04 14 28 78 00 00 0A 3A 58 01 00 00 11  .....(x...:X....
000024D0   04 6F 79 00 00 0A 13 09 38 27 01 00 00 11 09 6F  .oy.....8'.....o
000024E0   7A 00 00 0A 13 05 11 05 75 14 00 00 01 13 06 11  z.......u.......
000024F0   06 28 36 00 00 06 39 09 01 00 00 11 06 6F 7B 00  .(6...9......o{.
00002500   00 0A 13 07 11 07 2C 0C 11 06 16 6F 7C 00 00 0A  ......,....o|...
00002510   09 17 58 0D 07 2D 0C 06 72 D5 15 00 70 6F 7D 00  ..X..-..rÕ..po}.
00002520   00 0A 26 06 72 D9 15 00 70 6F 7D 00 00 0A 11 04  ..&.rÙ..po}.....
00002530   6F 7E 00 00 0A 28 D4 00 00 06 6F 7D 00 00 0A 72  o~...(Ô...o}...r
00002540   F3 15 00 70 6F 7D 00 00 0A 26 06 72 F7 15 00 70  ó..po}...&.r÷..p
00002550   6F 7D 00 00 0A 11 06 6F 7F 00 00 0A 28 D4 00 00  o}.....o...(Ô..
00002560   06 6F 7D 00 00 0A 72 F3 15 00 70 6F 7D 00 00 0A  .o}...ró..po}...
00002570   26 06 72 0B 16 00 70 6F 7D 00 00 0A 11 06 6F 80  &.r...po}.....o
00002580   00 00 0A 28 D4 00 00 06 6F 7D 00 00 0A 72 F3 15  ...(Ô...o}...ró.
00002590   00 70 6F 7D 00 00 0A 26 06 72 27 16 00 70 6F 7D  .po}...&.r'..po}
000025A0   00 00 0A 11 06 6F 81 00 00 0A 28 D4 00 00 06 6F  .....o...(Ô...o
000025B0   7D 00 00 0A 72 F3 15 00 70 6F 7D 00 00 0A 26 06  }...ró..po}...&.
000025C0   72 3B 16 00 70 6F 7D 00 00 0A 11 07 28 D5 00 00  r;..po}.....(Õ..
000025D0   06 6F 7D 00 00 0A 26 06 72 59 16 00 70 6F 7D 00  .o}...&.rY..po}.
000025E0   00 0A 11 06 6F 7B 00 00 0A 28 D5 00 00 06 6F 7D  ....o{...(Õ...o}
000025F0   00 00 0A 72 E5 06 00 70 6F 7D 00 00 0A 26 16 0B  ...rå..po}...&..
00002600   08 17 58 0C 11 09 6F 82 00 00 0A 3A CD FE FF FF  ..X...o...:Íþ..
00002610   DE 15 11 09 75 5D 00 00 01 13 0A 11 0A 2C 07 11  Þ...u].......,..
00002620   0A 6F 83 00 00 0A DC 11 08 6F 82 00 00 0A 3A 86  .o...Ü..o...:
00002630   FE FF FF DE 0C 11 08 2C 07 11 08 6F 83 00 00 0A  þ..Þ...,...o...
00002640   DC 28 84 00 00 0A 1D 8D 01 00 00 01 13 0B 11 0B  Ü(............
00002650   16 72 75 16 00 70 A2 11 0B 17 08 8C 47 00 00 01  .ru..p¢....G...
00002660   A2 11 0B 18 72 9D 16 00 70 A2 11 0B 19 09 8C 47  ¢...r..p¢....G
00002670   00 00 01 A2 11 0B 1A 72 B7 16 00 70 A2 11 0B 1B  ...¢...r·..p¢...
00002680   06 6F 85 00 00 0A A2 11 0B 1C 72 CF 16 00 70 A2  .o...¢...rÏ..p¢
00002690   11 0B 28 59 00 00 0A 28 4A 00 00 06 2A 00 00 00  ..(Y...(J...*...
000026A0   41 34 00 00 02 00 00 00 3C 00 00 00 3A 01 00 00  A4......<...:...
000026B0   76 01 00 00 15 00 00 00 00 00 00 00 02 00 00 00  v...............
000026C0   18 00 00 00 81 01 00 00 99 01 00 00 0C 00 00 00  ..............
000026D0   00 00 00 00 5E 02 14 28 0F 00 00 0A 2C 0C 02 6F  ....^..(....,..o
000026E0   86 00 00 0A 28 35 00 00 06 2A 16 2A 32 02 72 D5  ...(5...*.*2.rÕ
000026F0   16 00 70 28 E9 00 00 06 2A CE 02 14 28 87 00 00  ..p(é...*Î..(..
00002700   0A 2C 02 16 2A 02 6F 7F 00 00 0A 28 35 00 00 06  .,..*.o...(5...
00002710   2D 19 02 6F 80 00 00 0A 28 35 00 00 06 2D 0C 02  -..o...(5...-..
00002720   6F 81 00 00 0A 28 35 00 00 06 2A 17 2A 52 02 28  o...(5...*.*R.(
00002730   35 00 00 06 2C 06 72 F7 16 00 70 2A 72 D1 04 00  5...,.r÷..p*rÑ..
00002740   70 2A 00 00 13 30 04 00 E8 01 00 00 12 00 00 11  p*...0..è.......
00002750   02 72 4F 17 00 70 28 DC 00 00 06 0A 02 72 61 17  .rO..p(Ü.....ra.
00002760   00 70 17 28 D9 00 00 06 0B 02 72 79 17 00 70 17  .p.(Ù.....ry..p.
00002770   28 D9 00 00 06 0C 06 6F 88 00 00 0A 2D 0B 72 87  (Ù.....o...-.r
00002780   17 00 70 28 4B 00 00 06 2A 06 6F 88 00 00 0A 1F  ..p(K...*.o....
00002790   20 31 0B 72 E1 17 00 70 28 4B 00 00 06 2A 73 74   1.rá..p(K...*st
000027A0   00 00 0A 0D 17 13 04 16 13 05 16 13 06 38 FA 00  .............8ú.
000027B0   00 00 06 11 06 6F 89 00 00 0A 08 28 39 00 00 06  .....o....(9...
000027C0   13 07 11 07 72 17 18 00 70 72 D1 04 00 70 28 D8  ....r...prÑ..p(Ø
000027D0   00 00 06 13 08 11 08 72 21 18 00 70 28 58 00 00  .......r!..p(X..
000027E0   0A 2C 0B 11 07 28 DD 00 00 06 13 09 2B 2C 11 08  .,...(Ý.....+,..
000027F0   72 37 18 00 70 28 58 00 00 0A 2C 0B 11 07 28 EA  r7..p(X...,...(ê
00002800   00 00 06 13 09 2B 13 72 49 18 00 70 11 08 28 3F  .....+.rI..p..(?
00002810   00 00 0A 28 4B 00 00 06 13 09 11 06 16 31 0C 09  ...(K........1..
00002820   72 D5 15 00 70 6F 7D 00 00 0A 26 09 72 7F 18 00  rÕ..po}...&.r..
00002830   70 6F 7D 00 00 0A 11 06 6F 8A 00 00 0A 26 09 72  po}.....o...&.r
00002840   93 18 00 70 6F 7D 00 00 0A 11 08 28 D4 00 00 06  ..po}.....(Ô...
00002850   6F 7D 00 00 0A 72 F3 15 00 70 6F 7D 00 00 0A 26  o}...ró..po}...&
00002860   09 72 A7 18 00 70 6F 7D 00 00 0A 11 09 7B 29 00  .r§..po}.....{).
00002870   00 04 6F 7D 00 00 0A 72 E5 06 00 70 6F 7D 00 00  ..o}...rå..po}..
00002880   0A 26 11 09 7B 28 00 00 04 2C 08 11 05 17 58 13  .&..{(...,....X.
00002890   05 2B 13 16 13 04 07 2C 0D 09 06 11 06 17 58 28  .+.....,......X(
000028A0   3A 00 00 06 2B 13 11 06 17 58 13 06 11 06 06 6F  :...+....X.....o
000028B0   88 00 00 0A 3F F9 FE FF FF 73 74 00 00 0A 13 0A  ...?ùþ..st.....
000028C0   11 0A 72 BD 18 00 70 6F 7D 00 00 0A 11 04 28 D5  ..r½..po}.....(Õ
000028D0   00 00 06 6F 7D 00 00 0A 26 11 0A 72 CB 18 00 70  ...o}...&..rË..p
000028E0   6F 7D 00 00 0A 09 6F 85 00 00 0A 6F 7D 00 00 0A  o}....o...o}...
000028F0   26 11 0A 72 E5 18 00 70 6F 7D 00 00 0A 11 05 6F  &..rå..po}.....o
00002900   8A 00 00 0A 26 11 0A 72 01 19 00 70 6F 7D 00 00  ...&..r...po}..
00002910   0A 11 04 28 D5 00 00 06 6F 7D 00 00 0A 26 11 0A  ...(Õ...o}...&..
00002920   72 E5 06 00 70 6F 7D 00 00 0A 26 11 0A 6F 85 00  rå..po}...&..o.
00002930   00 0A 28 4A 00 00 06 2A 13 30 05 00 6D 00 00 00  ..(J...*.0..m...
00002940   13 00 00 11 02 72 15 19 00 70 6F 8B 00 00 0A 16  .....r...po....
00002950   32 02 02 2A 02 1F 7D 6F 8C 00 00 0A 0A 06 16 2F  2..*..}o....../
00002960   02 02 2A 02 6F 42 00 00 0A 18 30 07 72 D1 04 00  ..*.oB....0.rÑ..
00002970   70 2B 05 72 D5 15 00 70 0B 1B 8D 48 00 00 01 0C  p+.rÕ..p..H....
00002980   08 16 02 16 06 6F 43 00 00 0A A2 08 17 07 A2 08  .....oC...¢...¢.
00002990   18 72 27 19 00 70 A2 08 19 03 28 D5 00 00 06 A2  .r'..p¢...(Õ...¢
000029A0   08 1A 02 06 6F 6C 00 00 0A A2 08 28 8D 00 00 0A  ....ol...¢.(...
000029B0   2A 00 00 00 13 30 03 00 68 00 00 00 14 00 00 11  *....0..h.......
000029C0   04 0A 2B 5A 03 06 6F 89 00 00 0A 72 17 18 00 70  ..+Z..o...r...p
000029D0   72 D1 04 00 70 28 D8 00 00 06 0B 02 72 3B 19 00  rÑ..p(Ø.....r;..
000029E0   70 6F 7D 00 00 0A 06 6F 8A 00 00 0A 26 02 72 93  po}....o...&.r
000029F0   18 00 70 6F 7D 00 00 0A 07 28 D4 00 00 06 6F 7D  ..po}....(Ô...o}
00002A00   00 00 0A 72 F3 15 00 70 6F 7D 00 00 0A 26 02 72  ...ró..po}...&.r
00002A10   51 19 00 70 6F 7D 00 00 0A 26 06 17 58 0A 06 03  Q..po}...&..X...
00002A20   6F 88 00 00 0A 32 9D 2A 13 30 08 00 2D 02 00 00  o...2*.0..-...
00002A30   15 00 00 11 02 72 79 17 00 70 16 28 D9 00 00 06  .....ry..p.(Ù...
00002A40   0A 02 72 81 11 00 70 72 D1 04 00 70 28 D8 00 00  ..r..prÑ..p(Ø..
00002A50   06 0B 02 72 73 19 00 70 22 00 00 00 00 28 DB 00  ...rs..p"....(Û.
00002A60   00 06 0C 02 72 8D 19 00 70 28 3F 00 00 06 0D 07  ....r..p(?.....
00002A70   2C 08 07 6F 42 00 00 0A 2D 0B 72 9F 19 00 70 28  ,..oB...-.r..p(
00002A80   4B 00 00 06 2A 07 28 8E 00 00 0A 13 04 11 04 14  K...*.(........
00002A90   28 08 00 00 0A 2C 11 72 D7 19 00 70 07 28 3F 00  (....,.r×..p.(?.
00002AA0   00 0A 28 4B 00 00 06 2A 11 04 28 34 00 00 06 2C  ..(K...*..(4...,
00002AB0   3F 1B 8D 48 00 00 01 13 0D 11 0D 16 72 17 1A 00  ?.H........r...
00002AC0   70 A2 11 0D 17 07 A2 11 0D 18 72 7B 1A 00 70 A2  p¢....¢...r{..p¢
00002AD0   11 0D 19 07 28 37 00 00 06 A2 11 0D 1A 72 95 04  ....(7...¢...r.
00002AE0   00 70 A2 11 0D 28 8D 00 00 0A 28 4B 00 00 06 2A  .p¢..(...(K...*
00002AF0   28 8F 00 00 0A 13 05 12 03 11 05 09 16 22 00 00  (..........."..
00002B00   00 00 6F 90 00 00 0A 7D 35 00 00 0A 06 2C 1B 72  ..o...}5....,.r
00002B10   81 1A 00 70 07 28 D4 00 00 06 72 1D 06 00 70 28  ..p.(Ô...r...p(
00002B20   56 00 00 0A 28 4A 00 00 06 2A 28 91 00 00 0A 13  V...(J...*(....
00002B30   06 28 92 00 00 0A 13 07 11 06 7B 93 00 00 0A 13  .(.......{....
00002B40   08 08 22 35 FA 8E 3C 5A 13 0A 11 07 12 09 12 08  .."5ú<Z........
00002B50   11 04 09 11 0A 11 04 6F 94 00 00 0A 11 06 7B 95  .......o.....{
00002B60   00 00 0A 6F 96 00 00 0A 13 0B 11 06 11 08 7D 93  ...o.........}
00002B70   00 00 0A 11 0B 2D 0B 72 36 1B 00 70 28 4B 00 00  .....-.r6..p(K..
00002B80   06 2A 11 06 25 7B 95 00 00 0A 17 58 7D 95 00 00  .*..%{....X}..
00002B90   0A 1F 09 8D 01 00 00 01 13 0E 11 0E 16 72 6C 1B  ............rl.
00002BA0   00 70 A2 11 0E 17 11 09 8C 63 00 00 01 A2 11 0E  .p¢.....c...¢..
00002BB0   18 72 BC 1B 00 70 A2 11 0E 19 07 28 D4 00 00 06  .r¼..p¢....(Ô...
00002BC0   A2 11 0E 1A 72 E4 1B 00 70 A2 11 0E 1B 11 04 7B  ¢...rä..p¢.....{
00002BD0   97 00 00 0A 7B 98 00 00 0A 8C 1C 00 00 01 6F 85  ...{.......o
00002BE0   00 00 0A 28 D4 00 00 06 A2 11 0E 1C 72 00 1C 00  ...(Ô...¢...r...
00002BF0   70 A2 11 0E 1D 11 04 7B 97 00 00 0A 7B 99 00 00  p¢.....{...{..
00002C00   0A 8C 1E 00 00 01 6F 85 00 00 0A 28 D4 00 00 06  .....o...(Ô...
00002C10   A2 11 0E 1E 72 1D 06 00 70 A2 11 0E 28 59 00 00  ¢...r...p¢..(Y..
00002C20   0A 13 0C 1A 8D 01 00 00 01 13 0F 11 0F 16 72 22  .............r"
00002C30   1C 00 70 A2 11 0F 17 11 09 8C 63 00 00 01 A2 11  ..p¢.....c...¢.
00002C40   0F 18 72 70 1C 00 70 A2 11 0F 19 07 A2 11 0F 28  ..rp..p¢....¢..(
00002C50   59 00 00 0A 28 05 00 00 0A 11 0C 28 4A 00 00 06  Y...(......(J...
00002C60   2A 00 00 00 13 30 08 00 F1 02 00 00 16 00 00 11  *....0..ñ.......
00002C70   02 72 BF 11 00 70 22 00 00 00 00 28 DB 00 00 06  .r¿..p"....(Û...
00002C80   D1 0A 02 72 79 17 00 70 16 28 D9 00 00 06 0B 06  Ñ..ry..p.(Ù.....
00002C90   2D 0B 72 8C 1C 00 70 28 4B 00 00 06 2A 28 92 00  -.r..p(K...*(.
00002CA0   00 0A 0C 08 7B 9A 00 00 0A 7B 9B 00 00 0A 06 8F  ....{...{....
00002CB0   17 00 00 01 7B 9C 00 00 0A 17 5F 2D 16 72 AC 1C  ....{...._-.r¬.
00002CC0   00 70 06 8C 63 00 00 01 28 4E 00 00 0A 28 4B 00  .p.c...(N...(K.
00002CD0   00 06 2A 08 7B 9A 00 00 0A 7B 9B 00 00 0A 06 8F  ..*.{...{....
00002CE0   17 00 00 01 71 17 00 00 01 0D 12 03 28 9D 00 00  ....q.......(..
00002CF0   0A 13 04 11 04 14 28 08 00 00 0A 2C 16 72 DE 1C  ......(....,.rÞ.
00002D00   00 70 06 8C 63 00 00 01 28 4E 00 00 0A 28 4B 00  .p.c...(N...(K.
00002D10   00 06 2A 11 04 28 34 00 00 06 2C 4B 1B 8D 48 00  ..*..(4...,K.H.
00002D20   00 01 13 0E 11 0E 16 72 42 1D 00 70 A2 11 0E 17  .......rB..p¢...
00002D30   11 04 6F 86 00 00 0A A2 11 0E 18 72 7B 1A 00 70  ..o...¢...r{..p
00002D40   A2 11 0E 19 11 04 6F 86 00 00 0A 28 37 00 00 06  ¢.....o...(7...
00002D50   A2 11 0E 1A 72 95 04 00 70 A2 11 0E 28 8D 00 00  ¢...r..p¢..(..
00002D60   0A 28 4B 00 00 06 2A 02 72 8D 19 00 70 28 3F 00  .(K...*.r..p(?.
00002D70   00 06 13 05 28 8F 00 00 0A 13 06 12 05 11 06 11  ....(..........
00002D80   05 16 22 00 00 00 00 6F 90 00 00 0A 7D 35 00 00  .."....o...}5..
00002D90   0A 02 72 73 19 00 70 12 03 7B 9E 00 00 0A 22 E1  ..rs..p..{..."á
00002DA0   2E 65 42 5A 28 DB 00 00 06 13 07 11 07 22 35 FA  .eBZ(Û......."5ú
00002DB0   8E 3C 5A 13 08 07 2C 4A 1B 8D 01 00 00 01 13 0F  <Z...,J.......
00002DC0   11 0F 16 72 CB 1D 00 70 A2 11 0F 17 06 8C 63 00  ...rË..p¢....c.
00002DD0   00 01 A2 11 0F 18 72 BC 1B 00 70 A2 11 0F 19 11  ..¢...r¼..p¢....
00002DE0   04 6F 86 00 00 0A 28 D4 00 00 06 A2 11 0F 1A 72  .o...(Ô...¢...r
00002DF0   1D 06 00 70 A2 11 0F 28 59 00 00 0A 28 4A 00 00  ...p¢..(Y...(J..
00002E00   06 2A 28 91 00 00 0A 13 09 11 09 7B 93 00 00 0A  .*(.......{...
00002E10   13 0A 08 12 0B 12 0A 11 04 11 05 11 08 11 04 6F  ...............o
00002E20   94 00 00 0A 11 09 7B 95 00 00 0A 6F 96 00 00 0A  .....{...o...
00002E30   13 0C 11 09 11 0A 7D 93 00 00 0A 11 0C 2D 0B 72  ......}.....-.r
00002E40   64 1E 00 70 28 4B 00 00 06 2A 11 09 25 7B 95 00  d..p(K...*..%{.
00002E50   00 0A 17 58 7D 95 00 00 0A 08 06 28 D1 00 00 06  ...X}.....(Ñ...
00002E60   1F 0D 8D 01 00 00 01 13 10 11 10 16 72 A6 1E 00  ...........r¦..
00002E70   70 A2 11 10 17 06 8C 63 00 00 01 A2 11 10 18 72  p¢....c...¢...r
00002E80   FC 1E 00 70 A2 11 10 19 11 0B 8C 63 00 00 01 A2  ü..p¢.....c...¢
00002E90   11 10 1A 72 BC 1B 00 70 A2 11 10 1B 11 04 6F 86  ...r¼..p¢.....o
00002EA0   00 00 0A 28 D4 00 00 06 A2 11 10 1C 72 20 1F 00  ...(Ô...¢...r ..
00002EB0   70 A2 11 10 1D 12 05 7B 34 00 00 0A 28 D6 00 00  p¢.....{4...(Ö..
00002EC0   06 A2 11 10 1E 72 46 1F 00 70 A2 11 10 1F 09 12  .¢...rF..p¢.....
00002ED0   05 7B 35 00 00 0A 28 D6 00 00 06 A2 11 10 1F 0A  .{5...(Ö...¢....
00002EE0   72 52 1F 00 70 A2 11 10 1F 0B 12 05 7B 9F 00 00  rR..p¢......{..
00002EF0   0A 28 D6 00 00 06 A2 11 10 1F 0C 72 5E 1F 00 70  .(Ö...¢....r^..p
00002F00   A2 11 10 28 59 00 00 0A 13 0D 1C 8D 01 00 00 01  ¢..(Y..........
00002F10   13 11 11 11 16 72 64 1F 00 70 A2 11 11 17 06 8C  .....rd..p¢....
00002F20   63 00 00 01 A2 11 11 18 72 B0 1F 00 70 A2 11 11  c...¢...r°..p¢..
00002F30   19 11 0B 8C 63 00 00 01 A2 11 11 1A 72 70 1C 00  ...c...¢...rp..
00002F40   70 A2 11 11 1B 11 04 6F 86 00 00 0A A2 11 11 28  p¢.....o...¢..(
00002F50   59 00 00 0A 28 05 00 00 0A 11 0D 28 4A 00 00 06  Y...(......(J...
00002F60   2A 00 00 00 13 30 04 00 DC 01 00 00 17 00 00 11  *....0..Ü.......
00002F70   02 72 BF 11 00 70 22 00 00 00 00 28 DB 00 00 06  .r¿..p"....(Û...
00002F80   D1 0A 02 72 BA 1F 00 70 17 28 D9 00 00 06 0B 06  Ñ..rº..p.(Ù.....
00002F90   2D 0B 72 8C 1C 00 70 28 4B 00 00 06 2A 28 92 00  -.r..p(K...*(.
00002FA0   00 0A 0C 08 7B 9A 00 00 0A 7B 9B 00 00 0A 06 8F  ....{...{....
00002FB0   17 00 00 01 71 17 00 00 01 0D 12 03 7B 9C 00 00  ....q.......{..
00002FC0   0A 17 5F 2D 16 72 AC 1C 00 70 06 8C 63 00 00 01  .._-.r¬..p.c...
00002FD0   28 4E 00 00 0A 28 4B 00 00 06 2A 12 03 7B 9C 00  (N...(K...*..{.
00002FE0   00 0A 13 04 12 03 28 9D 00 00 0A 13 05 11 05 14  ......(........
00002FF0   28 0F 00 00 0A 2C 1F 11 05 7B A0 00 00 0A 14 28  (....,...{ ....(
00003000   0F 00 00 0A 2C 10 11 05 7B A0 00 00 0A 06 12 03  ....,...{ ......
00003010   07 28 3E 00 00 06 07 2C 15 12 03 25 7B 9C 00 00  .(>....,...%{..
00003020   0A 20 00 00 02 00 60 7D 9C 00 00 0A 2B 13 12 03  . ....`}...+...
00003030   25 7B 9C 00 00 0A 20 FF FF FD FF 5F 7D 9C 00 00  %{... ..ý._}..
00003040   0A 08 7B 9A 00 00 0A 7B 9B 00 00 0A 06 8F 17 00  ..{...{......
00003050   00 01 09 81 17 00 00 01 11 05 14 28 08 00 00 0A  ..........(....
00003060   2D 09 11 05 6F 86 00 00 0A 2B 05 72 D1 04 00 70  -...o...+.rÑ..p
00003070   13 06 1F 0B 8D 01 00 00 01 13 08 11 08 16 72 C8  .............rÈ
00003080   1F 00 70 A2 11 08 17 06 8C 63 00 00 01 A2 11 08  ..p¢....c...¢..
00003090   18 72 EA 1F 00 70 A2 11 08 19 07 28 D5 00 00 06  .rê..p¢....(Õ...
000030A0   A2 11 08 1A 72 00 20 00 70 A2 11 08 1B 11 06 28  ¢...r. .p¢.....(
000030B0   D4 00 00 06 A2 11 08 1C 72 18 20 00 70 A2 11 08  Ô...¢...r. .p¢..
000030C0   1D 11 04 8C 2B 00 00 01 6F 85 00 00 0A 28 D4 00  ...+...o...(Ô.
000030D0   00 06 A2 11 08 1E 72 3C 20 00 70 A2 11 08 1F 09  ..¢...r< .p¢....
000030E0   12 03 7B 9C 00 00 0A 8C 2B 00 00 01 6F 85 00 00  ..{...+...o..
000030F0   0A 28 D4 00 00 06 A2 11 08 1F 0A 72 1D 06 00 70  .(Ô...¢....r...p
00003100   A2 11 08 28 59 00 00 0A 13 07 1A 8D 01 00 00 01  ¢..(Y..........
00003110   13 09 11 09 16 72 5E 20 00 70 A2 11 09 17 06 8C  .....r^ .p¢....
00003120   63 00 00 01 A2 11 09 18 72 A6 20 00 70 A2 11 09  c...¢...r¦ .p¢..
00003130   19 07 8C 65 00 00 01 A2 11 09 28 59 00 00 0A 28  ..e...¢..(Y...(
00003140   05 00 00 0A 11 07 28 4A 00 00 06 2A 13 30 03 00  ......(J...*.0..
00003150   7D 00 00 00 18 00 00 11 05 2D 07 72 B8 20 00 70  }........-.r¸ .p
00003160   2B 05 72 DE 20 00 70 0A 02 6F A1 00 00 0A 06 1F  +.rÞ .p..o¡.....
00003170   34 6F A2 00 00 0A 0B 07 14 28 A3 00 00 0A 2C 13  4o¢......(£...,.
00003180   D0 16 00 00 01 28 14 00 00 0A 06 1F 34 28 A2 00  Ð....(......4(¢.
00003190   00 0A 0B 07 14 28 A3 00 00 0A 2C 01 2A 18 8D 01  .....(£...,.*..
000031A0   00 00 01 0D 09 16 03 8C 63 00 00 01 A2 09 17 04  .......c...¢...
000031B0   71 17 00 00 01 8C 17 00 00 01 A2 09 0C 07 02 08  q........¢.....
000031C0   6F A4 00 00 0A 26 04 08 17 9A A5 17 00 00 01 81  o¤...&...¥....
000031D0   17 00 00 01 2A 00 00 00 13 30 04 00 3F 00 00 00  ....*....0..?...
000031E0   19 00 00 11 02 03 72 00 21 00 70 22 00 00 00 00  ......r.!.p"....
000031F0   28 DA 00 00 06 0A 02 03 72 04 21 00 70 22 00 00  (Ú......r.!.p"..
00003200   00 00 28 DA 00 00 06 0B 02 03 72 08 21 00 70 22  ..(Ú......r.!.p"
00003210   00 00 00 00 28 DA 00 00 06 0C 06 08 07 73 36 00  ....(Ú.......s6.
00003220   00 0A 2A 00 13 30 03 00 2F 02 00 00 1A 00 00 11  ..*..0../.......
00003230   02 72 1F 12 00 70 72 D1 04 00 70 28 D8 00 00 06  .r...prÑ..p(Ø...
00003240   0A 02 72 BF 11 00 70 22 00 00 00 00 28 DB 00 00  ..r¿..p"....(Û..
00003250   06 D1 0B 02 72 0C 21 00 70 16 28 D9 00 00 06 0C  .Ñ..r.!.p.(Ù....
00003260   02 72 79 17 00 70 16 28 D9 00 00 06 0D 07 2D 0B  .ry..p.(Ù.....-.
00003270   72 8C 1C 00 70 28 4B 00 00 06 2A 06 72 20 21 00  r..p(K...*.r !.
00003280   70 28 58 00 00 0A 39 87 00 00 00 28 92 00 00 0A  p(X...9...(...
00003290   13 04 11 04 7B 9A 00 00 0A 7B 9B 00 00 0A 07 8F  ....{...{....
000032A0   17 00 00 01 7B 9C 00 00 0A 17 5F 2D 16 72 AC 1C  ....{...._-.r¬.
000032B0   00 70 07 8C 63 00 00 01 28 4E 00 00 0A 28 4B 00  .p.c...(N...(K.
000032C0   00 06 2A 09 2D 08 11 04 07 28 D1 00 00 06 1B 8D  ..*.-....(Ñ....
000032D0   01 00 00 01 13 07 11 07 16 72 32 21 00 70 A2 11  .........r2!.p¢.
000032E0   07 17 09 28 D5 00 00 06 A2 11 07 18 72 5C 21 00  ...(Õ...¢...r\!.
000032F0   70 A2 11 07 19 07 8C 63 00 00 01 A2 11 07 1A 72  p¢....c...¢...r
00003300   E5 06 00 70 A2 11 07 28 59 00 00 0A 28 4A 00 00  å..p¢..(Y...(J..
00003310   06 2A 06 72 9A 21 00 70 28 58 00 00 0A 39 9B 00  .*.r!.p(X...9.
00003320   00 00 28 A5 00 00 0A 13 05 11 05 7B A6 00 00 0A  ..(¥.......{¦...
00003330   7B A7 00 00 0A 07 8F 24 00 00 01 7B A8 00 00 0A  {§....$...{¨...
00003340   17 5F 2D 16 72 B0 21 00 70 07 8C 63 00 00 01 28  ._-.r°!.p.c...(
00003350   4E 00 00 0A 28 4B 00 00 06 2A 09 2D 09 11 05 07  N...(K...*.-....
00003360   08 28 D2 00 00 06 1D 8D 01 00 00 01 13 08 11 08  .(Ò............
00003370   16 72 32 21 00 70 A2 11 08 17 09 28 D5 00 00 06  .r2!.p¢....(Õ...
00003380   A2 11 08 18 72 E8 21 00 70 A2 11 08 19 07 8C 63  ¢...rè!.p¢....c
00003390   00 00 01 A2 11 08 1A 72 2A 22 00 70 A2 11 08 1B  ...¢...r*".p¢...
000033A0   08 28 D5 00 00 06 A2 11 08 1C 72 E5 06 00 70 A2  .(Õ...¢...rå..p¢
000033B0   11 08 28 59 00 00 0A 28 4A 00 00 06 2A 06 72 46  ..(Y...(J...*.rF
000033C0   22 00 70 28 58 00 00 0A 39 87 00 00 00 28 A5 00  ".p(X...9...(¥.
000033D0   00 0A 13 06 11 06 7B A9 00 00 0A 7B AA 00 00 0A  ......{©...{ª...
000033E0   07 8F 28 00 00 01 7B AB 00 00 0A 17 5F 2D 16 72  .(...{«...._-.r
000033F0   56 22 00 70 07 8C 63 00 00 01 28 4E 00 00 0A 28  V".p.c...(N...(
00003400   4B 00 00 06 2A 09 2D 08 11 06 07 6F AC 00 00 0A  K...*.-....o¬...
00003410   1B 8D 01 00 00 01 13 09 11 09 16 72 32 21 00 70  ..........r2!.p
00003420   A2 11 09 17 09 28 D5 00 00 06 A2 11 09 18 72 88  ¢....(Õ...¢...r
00003430   22 00 70 A2 11 09 19 07 8C 63 00 00 01 A2 11 09  ".p¢....c...¢..
00003440   1A 72 E5 06 00 70 A2 11 09 28 59 00 00 0A 28 4A  .rå..p¢..(Y...(J
00003450   00 00 06 2A 72 C4 22 00 70 28 4B 00 00 06 2A 00  ...*rÄ".p(K...*.
00003460   1B 30 02 00 4B 00 00 00 1B 00 00 11 03 73 45 00  .0..K........sE.
00003470   00 06 0A 16 0B 02 7B 23 00 00 04 25 0C 12 01 28  ......{#...%...(
00003480   AD 00 00 0A 02 7B 24 00 00 04 06 6F AE 00 00 0A  ­....{$....o®...
00003490   DE 0A 07 2C 06 08 28 AF 00 00 0A DC 06 04 6F 47  Þ..,..(¯...Ü..oG
000034A0   00 00 06 2D 0B 72 40 23 00 70 28 4B 00 00 06 2A  ...-.r@#.p(K...*
000034B0   06 6F 46 00 00 06 2A 00 01 10 00 00 02 00 09 00  .oF...*.........
000034C0   1D 26 00 0A 00 00 00 00 1B 30 02 00 4D 00 00 00  .&.......0..M...
000034D0   1C 00 00 11 16 0A 2B 44 14 0B 16 0C 02 7B 23 00  ......+D.....{#.
000034E0   00 04 25 0D 12 02 28 AD 00 00 0A 02 7B 24 00 00  ..%...(­....{$..
000034F0   04 6F B0 00 00 0A 2D 02 DE 26 02 7B 24 00 00 04  .o°...-.Þ&.{$...
00003500   6F B1 00 00 0A 0B DE 0A 08 2C 06 09 28 AF 00 00  o±....Þ..,..(¯..
00003510   0A DC 07 6F 48 00 00 06 06 17 58 0A 06 03 32 B8  .Ü.oH.....X...2¸
00003520   2A 00 00 00 01 10 00 00 02 00 08 00 2C 34 00 0A  *...........,4..
00003530   00 00 00 00 1B 30 02 00 43 00 00 00 1D 00 00 11  .....0..C.......
00003540   16 0A 02 7B 23 00 00 04 25 0B 12 00 28 AD 00 00  ...{#...%...(­..
00003550   0A 2B 15 02 7B 24 00 00 04 6F B1 00 00 0A 72 8E  .+..{$...o±...r
00003560   23 00 70 6F 49 00 00 06 02 7B 24 00 00 04 6F B0  #.poI....{$...o°
00003570   00 00 0A 16 30 DD DE 0A 06 2C 06 07 28 AF 00 00  ....0ÝÞ..,..(¯..
00003580   0A DC 2A 00 01 10 00 00 02 00 02 00 36 38 00 0A  .Ü*.........68..
00003590   00 00 00 00 76 02 73 06 00 00 0A 7D 23 00 00 04  ....v.s....}#...
000035A0   02 73 B2 00 00 0A 7D 24 00 00 04 02 28 06 00 00  .s²...}$....(...
000035B0   0A 2A 6A 02 16 73 B3 00 00 0A 7D 26 00 00 04 02  .*j..s³...}&....
000035C0   28 06 00 00 0A 02 03 7D 25 00 00 04 2A 1E 02 7B  (......}%...*..{
000035D0   27 00 00 04 2A 3A 02 7B 26 00 00 04 03 16 6F B4  '...*:.{&.....o´
000035E0   00 00 0A 2A 1B 30 04 00 4C 00 00 00 1E 00 00 11  ...*.0..L.......
000035F0   02 02 7B 25 00 00 04 6F B5 00 00 0A 7D 27 00 00  ..{%...oµ...}'..
00003600   04 DE 29 0A 02 06 6F B6 00 00 0A 6F B7 00 00 0A  .Þ)...o¶...o·...
00003610   72 B6 23 00 70 06 6F 52 00 00 0A 28 56 00 00 0A  r¶#.p.oR...(V...
00003620   28 4B 00 00 06 7D 27 00 00 04 DE 00 DE 0D 02 7B  (K...}'...Þ.Þ..{
00003630   26 00 00 04 6F B8 00 00 0A 26 DC 2A 01 1C 00 00  &...o¸...&Ü*....
00003640   00 00 00 00 13 13 00 29 4E 00 00 01 02 00 00 00  .......)N.......
00003650   3E 3E 00 0D 00 00 00 00 66 02 03 28 4B 00 00 06  >>......f..(K...
00003660   7D 27 00 00 04 02 7B 26 00 00 04 6F B8 00 00 0A  }'....{&...o¸...
00003670   26 2A 00 00 13 30 02 00 16 00 00 00 1F 00 00 11  &*...0..........
00003680   73 4C 00 00 06 0A 06 17 7D 28 00 00 04 06 02 7D  sL......}(.....}
00003690   29 00 00 04 06 2A 00 00 13 30 04 00 31 00 00 00  )....*...0..1...
000036A0   1F 00 00 11 73 4C 00 00 06 0A 06 16 7D 28 00 00  ....sL......}(..
000036B0   04 06 02 7D 2A 00 00 04 06 72 F1 05 00 70 02 28  ...}*....rñ..p.(
000036C0   D4 00 00 06 72 1D 06 00 70 28 56 00 00 0A 7D 29  Ô...r...p(V...})
000036D0   00 00 04 06 2A 1E 02 28 06 00 00 0A 2A 00 00 00  ....*..(....*...
000036E0   13 30 05 00 F0 02 00 00 20 00 00 11 28 B9 00 00  .0..ð... ...(¹..
000036F0   0A 0A 06 28 51 00 00 06 0B 73 74 00 00 0A 0C 73  ...(Q....st....s
00003700   74 00 00 0A 0D 17 13 04 17 13 05 16 13 06 38 1C  t.............8.
00003710   01 00 00 7E 2D 00 00 04 11 06 8F 15 00 00 02 71  ...~-.........q
00003720   15 00 00 02 13 07 11 05 2D 0C 09 72 D5 15 00 70  ........-..rÕ..p
00003730   6F 7D 00 00 0A 26 09 72 BC 23 00 70 6F 7D 00 00  o}...&.r¼#.po}..
00003740   0A 12 07 7B 30 00 00 04 8C 1C 00 00 01 6F 85 00  ...{0.......o.
00003750   00 0A 6F 7D 00 00 0A 72 F3 15 00 70 6F 7D 00 00  ..o}...ró..po}..
00003760   0A 26 09 72 D6 23 00 70 6F 7D 00 00 0A 12 07 7B  .&.rÖ#.po}.....{
00003770   30 00 00 04 6F 8A 00 00 0A 26 09 72 F8 23 00 70  0...o...&.rø#.p
00003780   6F 7D 00 00 0A 12 07 7B 31 00 00 04 8C 1E 00 00  o}.....{1......
00003790   01 6F 85 00 00 0A 6F 7D 00 00 0A 72 F3 15 00 70  .o...o}...ró..p
000037A0   6F 7D 00 00 0A 26 09 72 18 24 00 70 6F 7D 00 00  o}...&.r.$.po}..
000037B0   0A 12 07 7B 31 00 00 04 6F 8A 00 00 0A 26 09 72  ...{1...o...&.r
000037C0   40 24 00 70 6F 7D 00 00 0A 15 8C 1B 00 00 01 6F  @$.po}........o
000037D0   85 00 00 0A 6F 7D 00 00 0A 72 F3 15 00 70 6F 7D  ...o}...ró..po}
000037E0   00 00 0A 26 09 72 56 24 00 70 6F 7D 00 00 0A 15  ...&.rV$.po}....
000037F0   6F 8A 00 00 0A 26 09 72 74 24 00 70 6F 7D 00 00  o...&.rt$.po}..
00003800   0A 26 09 72 A4 24 00 70 6F 7D 00 00 0A 07 11 07  .&.r¤$.po}......
00003810   06 28 52 00 00 06 6F 8A 00 00 0A 72 E5 06 00 70  .(R...o...rå..p
00003820   6F 7D 00 00 0A 26 16 13 05 11 06 17 58 13 06 11  o}...&......X...
00003830   06 7E 2D 00 00 04 8E 69 3F D6 FE FF FF 16 13 08  .~-...i?Öþ.....
00003840   38 45 01 00 00 7E 2C 00 00 04 11 08 8F 14 00 00  8E...~,........
00003850   02 71 14 00 00 02 13 09 16 13 0A 38 16 01 00 00  .q.........8....
00003860   7E 2B 00 00 04 11 0A 94 13 0B 11 04 2D 0C 08 72  ~+.........-..r
00003870   D5 15 00 70 6F 7D 00 00 0A 26 08 72 BC 23 00 70  Õ..po}...&.r¼#.p
00003880   6F 7D 00 00 0A 12 09 7B 2E 00 00 04 8C 1C 00 00  o}.....{.......
00003890   01 6F 85 00 00 0A 6F 7D 00 00 0A 72 F3 15 00 70  .o...o}...ró..p
000038A0   6F 7D 00 00 0A 26 08 72 D6 23 00 70 6F 7D 00 00  o}...&.rÖ#.po}..
000038B0   0A 12 09 7B 2E 00 00 04 6F 8A 00 00 0A 26 08 72  ...{....o...&.r
000038C0   F8 23 00 70 6F 7D 00 00 0A 12 09 7B 2F 00 00 04  ø#.po}.....{/...
000038D0   8C 1E 00 00 01 6F 85 00 00 0A 6F 7D 00 00 0A 72  ....o...o}...r
000038E0   F3 15 00 70 6F 7D 00 00 0A 26 08 72 18 24 00 70  ó..po}...&.r.$.p
000038F0   6F 7D 00 00 0A 12 09 7B 2F 00 00 04 6F 8A 00 00  o}.....{/...o..
00003900   0A 26 08 72 40 24 00 70 6F 7D 00 00 0A 11 0B 8C  .&.r@$.po}.....
00003910   1B 00 00 01 6F 85 00 00 0A 6F 7D 00 00 0A 72 F3  ....o...o}...ró
00003920   15 00 70 6F 7D 00 00 0A 26 08 72 56 24 00 70 6F  ..po}...&.rV$.po
00003930   7D 00 00 0A 11 0B 6F 8A 00 00 0A 26 08 72 A4 24  }.....o...&.r¤$
00003940   00 70 6F 7D 00 00 0A 06 12 09 7B 2E 00 00 04 12  .po}......{.....
00003950   09 7B 2F 00 00 04 11 0B 6F BA 00 00 0A 6F 8A 00  .{/.....oº...o.
00003960   00 0A 72 E5 06 00 70 6F 7D 00 00 0A 26 16 13 04  ..rå..po}...&...
00003970   11 0A 17 58 13 0A 11 0A 7E 2B 00 00 04 8E 69 3F  ...X....~+...i?
00003980   DC FE FF FF 11 08 17 58 13 08 11 08 7E 2C 00 00  Üþ.....X....~,..
00003990   04 8E 69 3F AD FE FF FF 1B 8D 48 00 00 01 13 0C  .i?­þ...H.....
000039A0   11 0C 16 72 B6 24 00 70 A2 11 0C 17 09 6F 85 00  ...r¶$.p¢....o.
000039B0   00 0A A2 11 0C 18 72 F8 24 00 70 A2 11 0C 19 08  ..¢...rø$.p¢....
000039C0   6F 85 00 00 0A A2 11 0C 1A 72 CF 16 00 70 A2 11  o...¢...rÏ..p¢.
000039D0   0C 28 8D 00 00 0A 28 4A 00 00 06 2A 13 30 07 00  .(...(J...*.0..
000039E0   D8 03 00 00 21 00 00 11 02 72 1D 13 00 70 22 00  Ø...!....r...p".
000039F0   00 80 BF 28 DB 00 00 06 69 0A 02 72 79 17 00 70  .¿(Û...i..ry..p
00003A00   16 28 D9 00 00 06 0B 02 72 C7 07 00 70 72 D1 04  .(Ù.....rÇ..prÑ.
00003A10   00 70 28 D8 00 00 06 6F 6D 00 00 0A 0C 02 72 16  .p(Ø...om.....r.
00003A20   25 00 70 72 D1 04 00 70 28 D8 00 00 06 6F 6D 00  %.prÑ..p(Ø...om.
00003A30   00 0A 0D 02 72 2C 25 00 70 72 D1 04 00 70 28 D8  ....r,%.prÑ..p(Ø
00003A40   00 00 06 6F 6D 00 00 0A 13 04 06 16 32 05 06 1F  ...om.......2...
00003A50   1D 31 0B 72 38 25 00 70 28 4B 00 00 06 2A 08 12  .1.r8%.p(K...*..
00003A60   05 28 4F 00 00 06 13 06 08 17 28 55 00 00 06 2C  .(O.......(U...,
00003A70   15 11 06 2D 11 72 76 25 00 70 08 28 3F 00 00 0A  ...-.rv%.p.(?...
00003A80   28 4B 00 00 06 2A 09 12 07 28 53 00 00 06 13 08  (K...*...(S.....
00003A90   09 16 28 55 00 00 06 2C 15 11 08 2D 11 72 A8 25  ..(U...,...-.r¨%
00003AA0   00 70 09 28 3F 00 00 0A 28 4B 00 00 06 2A 11 04  .p.(?...(K...*..
00003AB0   12 09 28 54 00 00 06 13 0A 11 04 16 28 55 00 00  ..(T........(U..
00003AC0   06 2C 16 11 0A 2D 12 72 E0 25 00 70 11 04 28 3F  .,...-.rà%.p..(?
00003AD0   00 00 0A 28 4B 00 00 06 2A 28 B9 00 00 0A 13 0B  ...(K...*(¹.....
00003AE0   11 0B 28 51 00 00 06 13 0C 73 74 00 00 0A 13 0D  ..(Q.....st.....
00003AF0   17 13 0E 16 13 0F 11 0C 39 E4 00 00 00 16 13 10  ........9ä......
00003B00   38 CE 00 00 00 7E 2D 00 00 04 11 10 8F 15 00 00  8Î...~-........
00003B10   02 71 15 00 00 02 13 11 11 06 2C 0E 12 11 7B 30  .q........,...{0
00003B20   00 00 04 11 05 40 A3 00 00 00 11 08 2C 0E 12 11  .....@£.....,...
00003B30   7B 31 00 00 04 11 07 40 91 00 00 00 16 13 12 2B  {1.....@......+
00003B40   7E 7E 2B 00 00 04 11 12 94 13 13 11 0A 2C 06 11  ~~+.........,..
00003B50   13 11 09 33 64 12 11 7B 32 00 00 04 11 13 58 13  ...3d..{2.....X.
00003B60   14 11 14 16 32 53 11 14 11 0C 8E 69 2F 4B 11 0C  ....2S....i/K..
00003B70   11 14 94 13 15 07 2D 06 11 0C 11 14 06 9E 07 2D  .....-.......-
00003B80   07 11 0C 11 14 94 2B 02 11 15 13 16 11 0D 12 0E  .....+.........
00003B90   12 11 7B 30 00 00 04 12 11 7B 31 00 00 04 73 58  ..{0.....{1...sX
00003BA0   00 00 06 11 13 72 0E 26 00 70 11 15 11 16 28 50  .....r.&.p....(P
00003BB0   00 00 06 11 0F 17 58 13 0F 11 12 17 58 13 12 11  ......X.....X...
00003BC0   12 7E 2B 00 00 04 8E 69 3F 74 FF FF FF 11 10 17  .~+...i?t......
00003BD0   58 13 10 11 10 7E 2D 00 00 04 8E 69 3F 24 FF FF  X....~-...i?$..
00003BE0   FF 16 13 17 38 4D 01 00 00 7E 2C 00 00 04 11 17  ....8M...~,.....
00003BF0   8F 14 00 00 02 71 14 00 00 02 13 18 11 06 2C 0E  ....q........,.
00003C00   12 18 7B 2E 00 00 04 11 05 40 22 01 00 00 11 08  ..{......@".....
00003C10   2C 0E 12 18 7B 2F 00 00 04 11 07 40 10 01 00 00  ,...{/.....@....
00003C20   11 0A 2D 6C 11 0B 12 18 7B 2E 00 00 04 12 18 7B  ..-l....{......{
00003C30   2F 00 00 04 15 6F BA 00 00 0A 13 19 07 2D 17 11  /....oº......-..
00003C40   0B 12 18 7B 2E 00 00 04 12 18 7B 2F 00 00 04 15  ...{......{/....
00003C50   06 6F BB 00 00 0A 07 2D 18 11 0B 12 18 7B 2E 00  .o»....-.....{..
00003C60   00 04 12 18 7B 2F 00 00 04 15 6F BA 00 00 0A 2B  ....{/....oº...+
00003C70   02 11 19 13 1A 11 0D 12 0E 11 18 15 72 26 26 00  ............r&&.
00003C80   70 11 19 11 1A 28 50 00 00 06 11 0F 17 58 13 0F  p....(P......X..
00003C90   16 13 1B 38 8A 00 00 00 7E 2B 00 00 04 11 1B 94  ...8...~+.....
00003CA0   13 1C 11 0A 2C 06 11 1C 11 09 33 70 11 0B 12 18  ....,.....3p....
00003CB0   7B 2E 00 00 04 12 18 7B 2F 00 00 04 11 1C 6F BA  {......{/.....oº
00003CC0   00 00 0A 13 1D 07 2D 18 11 0B 12 18 7B 2E 00 00  ......-.....{...
00003CD0   04 12 18 7B 2F 00 00 04 11 1C 06 6F BB 00 00 0A  ...{/......o»...
00003CE0   07 2D 19 11 0B 12 18 7B 2E 00 00 04 12 18 7B 2F  .-.....{......{/
00003CF0   00 00 04 11 1C 6F BA 00 00 0A 2B 02 11 1D 13 1E  .....oº...+.....
00003D00   11 0D 12 0E 11 18 11 1C 72 2C 25 00 70 11 1D 11  ........r,%.p...
00003D10   1E 28 50 00 00 06 11 0F 17 58 13 0F 11 1B 17 58  .(P......X.....X
00003D20   13 1B 11 1B 7E 2B 00 00 04 8E 69 3F 68 FF FF FF  ....~+...i?h...
00003D30   11 17 17 58 13 17 11 17 7E 2C 00 00 04 8E 69 3F  ...X....~,...i?
00003D40   A5 FE FF FF 11 0F 2D 0B 72 3A 26 00 70 28 4B 00  ¥þ....-.r:&.p(K.
00003D50   00 06 2A 1F 09 8D 01 00 00 01 13 1F 11 1F 16 72  ..*...........r
00003D60   32 21 00 70 A2 11 1F 17 07 28 D5 00 00 06 A2 11  2!.p¢....(Õ...¢.
00003D70   1F 18 72 A4 24 00 70 A2 11 1F 19 06 8C 47 00 00  ..r¤$.p¢....G..
00003D80   01 A2 11 1F 1A 72 B4 26 00 70 A2 11 1F 1B 11 0F  .¢...r´&.p¢.....
00003D90   8C 47 00 00 01 A2 11 1F 1C 72 CC 26 00 70 A2 11  G...¢...rÌ&.p¢.
00003DA0   1F 1D 11 0D 6F 85 00 00 0A A2 11 1F 1E 72 CF 16  ....o...¢...rÏ.
00003DB0   00 70 A2 11 1F 28 59 00 00 0A 28 4A 00 00 06 2A  .p¢..(Y...(J...*
00003DC0   5A 03 16 54 02 17 28 55 00 00 06 2D 02 16 2A 02  Z..T..(U...-..*.
00003DD0   03 28 01 00 00 2B 2A 00 03 30 02 00 DF 00 00 00  .(...+*..0..ß...
00003DE0   00 00 00 00 03 46 2D 0C 02 72 D5 15 00 70 6F 7D  .....F-..rÕ..po}
00003DF0   00 00 0A 26 02 72 BC 23 00 70 6F 7D 00 00 0A 0F  ...&.r¼#.po}....
00003E00   02 7B 2E 00 00 04 8C 1C 00 00 01 6F 85 00 00 0A  .{........o...
00003E10   6F 7D 00 00 0A 72 F3 15 00 70 6F 7D 00 00 0A 26  o}...ró..po}...&
00003E20   02 72 F8 23 00 70 6F 7D 00 00 0A 0F 02 7B 2F 00  .rø#.po}.....{/.
00003E30   00 04 8C 1E 00 00 01 6F 85 00 00 0A 6F 7D 00 00  ......o...o}..
00003E40   0A 72 F3 15 00 70 6F 7D 00 00 0A 26 02 72 40 24  .ró..po}...&.r@$
00003E50   00 70 6F 7D 00 00 0A 05 8C 1B 00 00 01 6F 85 00  .po}........o.
00003E60   00 0A 6F 7D 00 00 0A 72 F3 15 00 70 6F 7D 00 00  ..o}...ró..po}..
00003E70   0A 26 02 72 E8 26 00 70 6F 7D 00 00 0A 0E 04 6F  .&.rè&.po}.....o
00003E80   7D 00 00 0A 72 F3 15 00 70 6F 7D 00 00 0A 26 02  }...ró..po}...&.
00003E90   72 FE 26 00 70 6F 7D 00 00 0A 0E 05 6F 8A 00 00  rþ&.po}.....o..
00003EA0   0A 26 02 72 14 27 00 70 6F 7D 00 00 0A 0E 06 6F  .&.r.'.po}.....o
00003EB0   8A 00 00 0A 72 E5 06 00 70 6F 7D 00 00 0A 26 03  ...rå..po}...&.
00003EC0   16 52 2A 00 13 30 03 00 2F 00 00 00 22 00 00 11  .R*..0../..."...
00003ED0   D0 1D 00 00 01 28 14 00 00 0A 72 28 27 00 70 1F  Ð....(....r('.p.
00003EE0   34 6F BC 00 00 0A 0A 06 14 28 BD 00 00 0A 2D 0D  4o¼......(½...-.
00003EF0   06 02 6F BE 00 00 0A 75 10 00 00 1B 2A 14 2A E6  ..o¾...u....*.*æ
00003F00   02 2C 16 0F 01 7B 32 00 00 04 16 32 0C 0F 01 7B  .,...{2....2...{
00003F10   32 00 00 04 02 8E 69 32 16 04 0F 01 7B 30 00 00  2....i2....{0..
00003F20   04 0F 01 7B 31 00 00 04 15 6F BA 00 00 0A 2A 02  ...{1....oº...*.
00003F30   0F 01 7B 32 00 00 04 94 2A 5A 03 16 54 02 16 28  ..{2...*Z..T..(
00003F40   55 00 00 06 2D 02 16 2A 02 03 28 02 00 00 2B 2A  U...-..*..(...+*
00003F50   5A 03 15 54 02 16 28 55 00 00 06 2D 02 16 2A 02  Z..T..(U...-..*.
00003F60   03 28 03 00 00 2B 2A B6 02 28 BF 00 00 0A 2D 0E  .(...+*¶.(¿...-.
00003F70   02 72 3E 27 00 70 1B 28 C0 00 00 0A 2C 02 16 2A  .r>'.p.(À...,..*
00003F80   03 2C 10 02 72 46 27 00 70 1B 28 C0 00 00 0A 16  .,..rF'.p.(À....
00003F90   FE 01 2A 17 2A 00 00 00 1B 30 04 00 2E 00 00 00  þ.*.*....0......
00003FA0   23 00 00 11 03 D0 11 00 00 1B 28 14 00 00 0A 02  #....Ð....(.....
00003FB0   17 28 C1 00 00 0A A5 11 00 00 1B 81 11 00 00 1B  .(Á...¥........
00003FC0   17 0A DE 0C 26 03 FE 15 11 00 00 1B 16 0A DE 00  ..Þ.&.þ.......Þ.
00003FD0   06 2A 00 00 01 10 00 00 00 00 00 00 20 20 00 0C  .*..........  ..
00003FE0   01 00 00 01 13 30 04 00 49 02 00 00 24 00 00 11  .....0..I...$...
00003FF0   1B 8D 1B 00 00 01 0A 06 17 17 9E 06 18 18 9E 06  .............
00004000   19 19 9E 06 1A 1A 9E 06 80 2B 00 00 04 1F 14 8D  ......+.....
00004010   14 00 00 02 0B 07 16 8F 14 00 00 02 17 17 73 58  .............sX
00004020   00 00 06 81 14 00 00 02 07 17 8F 14 00 00 02 17  ..............
00004030   18 73 58 00 00 06 81 14 00 00 02 07 18 8F 14 00  .sX...........
00004040   00 02 17 1F 19 73 58 00 00 06 81 14 00 00 02 07  .....sX........
00004050   19 8F 14 00 00 02 17 1F 1A 73 58 00 00 06 81 14  ........sX....
00004060   00 00 02 07 1A 8F 14 00 00 02 17 1F 26 73 58 00  ...........&sX.
00004070   00 06 81 14 00 00 02 07 1B 8F 14 00 00 02 18 19  ..............
00004080   73 58 00 00 06 81 14 00 00 02 07 1C 8F 14 00 00  sX............
00004090   02 18 1A 73 58 00 00 06 81 14 00 00 02 07 1D 8F  ...sX.........
000040A0   14 00 00 02 18 1F 12 73 58 00 00 06 81 14 00 00  .......sX......
000040B0   02 07 1E 8F 14 00 00 02 18 1F 13 73 58 00 00 06  ..........sX...
000040C0   81 14 00 00 02 07 1F 09 8F 14 00 00 02 18 1F 18  ..............
000040D0   73 58 00 00 06 81 14 00 00 02 07 1F 0A 8F 14 00  sX............
000040E0   00 02 18 1F 27 73 58 00 00 06 81 14 00 00 02 07  ....'sX........
000040F0   1F 0B 8F 14 00 00 02 19 1B 73 58 00 00 06 81 14  ........sX....
00004100   00 00 02 07 1F 0C 8F 14 00 00 02 19 1C 73 58 00  ............sX.
00004110   00 06 81 14 00 00 02 07 1F 0D 8F 14 00 00 02 19  ..............
00004120   1D 73 58 00 00 06 81 14 00 00 02 07 1F 0E 8F 14  .sX...........
00004130   00 00 02 19 1E 73 58 00 00 06 81 14 00 00 02 07  .....sX........
00004140   1F 0F 8F 14 00 00 02 19 1F 09 73 58 00 00 06 81  .........sX...
00004150   14 00 00 02 07 1F 10 8F 14 00 00 02 1E 1F 16 73  ..............s
00004160   58 00 00 06 81 14 00 00 02 07 1F 11 8F 14 00 00  X.............
00004170   02 1E 1F 17 73 58 00 00 06 81 14 00 00 02 07 1F  ....sX.........
00004180   12 8F 14 00 00 02 1E 1F 28 73 58 00 00 06 81 14  .......(sX....
00004190   00 00 02 07 1F 13 8F 14 00 00 02 1E 1F 2A 73 58  ............*sX
000041A0   00 00 06 81 14 00 00 02 07 80 2C 00 00 04 1C 8D  ........,....
000041B0   15 00 00 02 0C 08 16 8F 15 00 00 02 17 17 1F 28  ..............(
000041C0   73 59 00 00 06 81 15 00 00 02 08 17 8F 15 00 00  sY............
000041D0   02 17 18 1F 2D 73 59 00 00 06 81 15 00 00 02 08  ....-sY........
000041E0   18 8F 15 00 00 02 18 19 16 73 59 00 00 06 81 15  ........sY....
000041F0   00 00 02 08 19 8F 15 00 00 02 18 1A 1B 73 59 00  ............sY.
00004200   00 06 81 15 00 00 02 08 1A 8F 15 00 00 02 19 1B  ..............
00004210   1F 0A 73 59 00 00 06 81 15 00 00 02 08 1B 8F 15  ..sY..........
00004220   00 00 02 1E 1F 16 1F 23 73 59 00 00 06 81 15 00  .......#sY.....
00004230   00 02 08 80 2D 00 00 04 2A 3E 02 03 7D 2E 00 00  ...-...*>..}...
00004240   04 02 04 7D 2F 00 00 04 2A 5A 02 03 7D 30 00 00  ...}/...*Z..}0..
00004250   04 02 04 7D 31 00 00 04 02 05 7D 32 00 00 04 2A  ...}1.....}2...*
00004260   13 30 03 00 AC 01 00 00 25 00 00 11 28 91 00 00  .0..¬...%...(..
00004270   0A 0A 28 A5 00 00 0A 0B 28 C3 00 00 0A 0C 28 C4  ..(¥....(Ã....(Ä
00004280   00 00 0A 0D 73 74 00 00 0A 13 04 11 04 72 52 27  ....st.......rR'
00004290   00 70 6F 7D 00 00 0A 26 11 04 72 68 27 00 70 6F  .po}...&..rh'.po
000042A0   7D 00 00 0A 06 7C C5 00 00 0A 72 84 27 00 70 28  }....|Å...r'.p(
000042B0   0A 00 00 0A 28 D4 00 00 06 6F 7D 00 00 0A 72 F3  ....(Ô...o}...ró
000042C0   15 00 70 6F 7D 00 00 0A 26 11 04 72 88 27 00 70  ..po}...&..r'.p
000042D0   6F 7D 00 00 0A 06 7B 95 00 00 0A 6F C6 00 00 0A  o}....{...oÆ...
000042E0   26 11 04 72 A6 27 00 70 6F 7D 00 00 0A 06 6F C7  &..r¦'.po}....oÇ
000042F0   00 00 0A 28 D5 00 00 06 6F 7D 00 00 0A 26 11 04  ...(Õ...o}...&..
00004300   72 D8 27 00 70 6F 7D 00 00 0A 06 6F C8 00 00 0A  rØ'.po}....oÈ...
00004310   6F 8A 00 00 0A 26 11 04 72 FC 27 00 70 6F 7D 00  o...&..rü'.po}.
00004320   00 0A 06 6F C9 00 00 0A 6F 8A 00 00 0A 72 E5 06  ...oÉ...o...rå.
00004330   00 70 6F 7D 00 00 0A 26 11 04 72 1A 28 00 70 6F  .po}...&..r.(.po
00004340   7D 00 00 0A 07 7B CA 00 00 0A 6F 8A 00 00 0A 26  }....{Ê...o...&
00004350   11 04 72 44 28 00 70 6F 7D 00 00 0A 07 7B CB 00  ..rD(.po}....{Ë.
00004360   00 0A 6F 8A 00 00 0A 26 11 04 72 5E 28 00 70 6F  ..o...&..r^(.po
00004370   7D 00 00 0A 07 7B CC 00 00 0A 6F 8A 00 00 0A 72  }....{Ì...o...r
00004380   E5 06 00 70 6F 7D 00 00 0A 26 11 04 72 72 28 00  å..po}...&..rr(.
00004390   70 6F 7D 00 00 0A 09 7B CD 00 00 0A 6F 8A 00 00  po}....{Í...o..
000043A0   0A 72 E5 06 00 70 6F 7D 00 00 0A 26 11 04 72 9E  .rå..po}...&..r
000043B0   28 00 70 6F 7D 00 00 0A 08 7B CE 00 00 0A 6F 8A  (.po}....{Î...o
000043C0   00 00 0A 26 11 04 72 D2 28 00 70 6F 7D 00 00 0A  ...&..rÒ(.po}...
000043D0   08 7B CF 00 00 0A 6F 8A 00 00 0A 26 11 04 72 F0  .{Ï...o...&..rð
000043E0   28 00 70 6F 7D 00 00 0A 08 7B D0 00 00 0A 6F 8A  (.po}....{Ð...o
000043F0   00 00 0A 72 E5 06 00 70 6F 7D 00 00 0A 26 11 04  ...rå..po}...&..
00004400   72 E5 06 00 70 6F 7D 00 00 0A 26 11 04 6F 85 00  rå..po}...&..o.
00004410   00 0A 28 4A 00 00 06 2A 13 30 06 00 D5 00 00 00  ..(J...*.0..Õ...
00004420   26 00 00 11 28 C3 00 00 0A 0A 73 74 00 00 0A 0B  &...(Ã....st....
00004430   07 72 52 27 00 70 6F 7D 00 00 0A 26 07 72 0C 29  .rR'.po}...&.r.)
00004440   00 70 6F 7D 00 00 0A 06 7B CE 00 00 0A 6F 8A 00  .po}....{Î...o.
00004450   00 0A 26 07 72 D2 28 00 70 6F 7D 00 00 0A 06 7B  ..&.rÒ(.po}....{
00004460   CF 00 00 0A 6F 8A 00 00 0A 26 07 72 F0 28 00 70  Ï...o...&.rð(.p
00004470   6F 7D 00 00 0A 06 7B D0 00 00 0A 6F 8A 00 00 0A  o}....{Ð...o...
00004480   26 07 72 2C 29 00 70 6F 7D 00 00 0A 26 07 72 40  &.r,).po}...&.r@
00004490   29 00 70 72 58 29 00 70 06 7B CE 00 00 0A 72 70  ).prX).p.{Î...rp
000044A0   29 00 70 17 28 5E 00 00 06 07 72 80 29 00 70 72  ).p.(^....r).pr
000044B0   96 29 00 70 06 7B CF 00 00 0A 72 AC 29 00 70 16  ).p.{Ï...r¬).p.
000044C0   28 5E 00 00 06 07 72 BC 29 00 70 72 D0 29 00 70  (^....r¼).prÐ).p
000044D0   06 7B D0 00 00 0A 72 E4 29 00 70 16 28 5E 00 00  .{Ð...rä).p.(^..
000044E0   06 07 72 CF 16 00 70 6F 7D 00 00 0A 26 07 6F 85  ..rÏ..po}...&.o
000044F0   00 00 0A 28 4A 00 00 06 2A 00 00 00 13 30 03 00  ...(J...*....0..
00004500   F5 00 00 00 27 00 00 11 02 16 2F 03 16 10 00 02  õ...'...../.....
00004510   20 C8 00 00 00 31 07 20 C8 00 00 00 10 00 28 D1   È...1. È.....(Ñ
00004520   00 00 0A 0A 06 14 28 08 00 00 0A 2D 08 06 6F D2  ......(....-..oÒ
00004530   00 00 0A 2B 01 14 0B 16 0C 16 0D 17 13 04 73 74  ...+..........st
00004540   00 00 0A 13 05 07 2C 49 07 8E 69 17 59 13 06 2B  ......,I.i.Y..+
00004550   3B 07 11 06 9A 13 07 11 07 2C 2B 08 17 58 0C 09  ;.......,+..X..
00004560   02 2F 23 11 04 2D 0D 11 05 72 D5 15 00 70 6F 7D  ./#..-...rÕ..po}
00004570   00 00 0A 26 11 05 11 06 11 07 28 5F 00 00 06 16  ...&......(_....
00004580   13 04 09 17 58 0D 11 06 17 59 13 06 11 06 16 2F  ....X....Y...../
00004590   C0 1F 09 8D 01 00 00 01 13 08 11 08 16 72 75 16  À...........ru.
000045A0   00 70 A2 11 08 17 08 8C 47 00 00 01 A2 11 08 18  .p¢....G...¢...
000045B0   72 F4 29 00 70 A2 11 08 19 09 8C 47 00 00 01 A2  rô).p¢....G...¢
000045C0   11 08 1A 72 0E 2A 00 70 A2 11 08 1B 02 8C 47 00  ...r.*.p¢....G.
000045D0   00 01 A2 11 08 1C 72 22 2A 00 70 A2 11 08 1D 11  ..¢...r"*.p¢....
000045E0   05 6F 85 00 00 0A A2 11 08 1E 72 CF 16 00 70 A2  .o...¢...rÏ..p¢
000045F0   11 08 28 59 00 00 0A 28 4A 00 00 06 2A 00 00 00  ..(Y...(J...*...
00004600   1B 30 04 00 F0 01 00 00 28 00 00 11 28 C3 00 00  .0..ð...(...(Ã..
00004610   0A 0A 73 D3 00 00 0A 0B 16 0C 16 0D 16 13 04 17  ..sÓ............
00004620   13 05 38 B3 00 00 00 06 7B D4 00 00 0A 7B D5 00  ..8³....{Ô...{Õ.
00004630   00 0A 11 05 8F 21 00 00 01 71 21 00 00 01 13 06  ....!...q!.....
00004640   12 06 7B D6 00 00 0A 17 5F 39 85 00 00 00 08 17  ..{Ö...._9.....
00004650   58 0C 11 06 28 F9 00 00 06 13 07 16 13 08 2B 6D  X...(ù........+m
00004660   16 13 09 2B 5D 12 06 11 09 11 08 28 D7 00 00 0A  ...+]......(×...
00004670   13 0A 11 0A 8C 30 00 00 01 6F 85 00 00 0A 13 0B  ....0...o.....
00004680   07 11 0B 6F D8 00 00 0A 2C 1B 07 25 13 10 11 0B  ...oØ...,..%....
00004690   25 13 11 11 10 11 11 6F D9 00 00 0A 17 58 6F DA  %......oÙ....XoÚ
000046A0   00 00 0A 2B 09 07 11 0B 17 6F DA 00 00 0A 09 17  ...+.....oÚ.....
000046B0   58 0D 11 0A 2C 06 11 04 17 58 13 04 11 09 17 58  X...,....X.....X
000046C0   13 09 11 09 1A 32 9E 11 08 17 58 13 08 11 08 11  .....2...X.....
000046D0   07 32 8D 11 05 17 58 D1 13 05 11 05 06 7B D4 00  .2...XÑ.....{Ô.
000046E0   00 0A 7B D5 00 00 0A 8E 69 3F 39 FF FF FF 73 74  ..{Õ...i?9...st
000046F0   00 00 0A 13 0C 17 13 0D 07 6F DB 00 00 0A 13 12  .........oÛ.....
00004700   2B 32 12 12 28 DC 00 00 0A 13 0E 11 0D 2D 0D 11  +2..(Ü.......-..
00004710   0C 72 D5 15 00 70 6F 7D 00 00 0A 26 11 0C 12 0E  .rÕ..po}...&....
00004720   28 DD 00 00 0A 12 0E 28 DE 00 00 0A 28 60 00 00  (Ý.....(Þ...(`..
00004730   06 16 13 0D 12 12 28 DF 00 00 0A 2D C5 DE 0E 12  ......(ß...-ÅÞ..
00004740   12 FE 16 17 00 00 1B 6F 83 00 00 0A DC 73 74 00  .þ.....o...Üst.
00004750   00 0A 13 0F 11 0F 72 52 27 00 70 6F 7D 00 00 0A  ......rR'.po}...
00004760   26 11 0F 72 3A 2A 00 70 6F 7D 00 00 0A 08 6F 8A  &..r:*.po}....o
00004770   00 00 0A 26 11 0F 72 60 2A 00 70 6F 7D 00 00 0A  ...&..r`*.po}...
00004780   26 11 0F 72 88 2A 00 70 6F 7D 00 00 0A 26 11 0F  &..r*.po}...&..
00004790   72 BE 2A 00 70 6F 7D 00 00 0A 09 6F 8A 00 00 0A  r¾*.po}....o...
000047A0   26 11 0F 72 DC 2A 00 70 6F 7D 00 00 0A 11 04 6F  &..rÜ*.po}.....o
000047B0   8A 00 00 0A 26 11 0F 72 FA 2A 00 70 6F 7D 00 00  ...&..rú*.po}..
000047C0   0A 11 04 1F 40 5A 6F 8A 00 00 0A 26 11 0F 72 2E  ....@Zo...&..r.
000047D0   2B 00 70 6F 7D 00 00 0A 11 0C 6F 85 00 00 0A 6F  +.po}.....o...o
000047E0   7D 00 00 0A 72 CF 16 00 70 6F 7D 00 00 0A 26 11  }...rÏ..po}...&.
000047F0   0F 6F 85 00 00 0A 28 4A 00 00 06 2A 01 10 00 00  .o...(J...*....
00004800   02 00 F4 00 3F 33 01 0E 00 00 00 00 03 30 02 00  ..ô.?3.......0..
00004810   84 00 00 00 00 00 00 00 0E 05 2D 0C 02 72 D5 15  .........-..rÕ.
00004820   00 70 6F 7D 00 00 0A 26 02 72 44 2B 00 70 6F 7D  .po}...&.rD+.po}
00004830   00 00 0A 03 6F 7D 00 00 0A 72 F3 15 00 70 6F 7D  ....o}...ró..po}
00004840   00 00 0A 26 02 72 58 2B 00 70 6F 7D 00 00 0A 04  ...&.rX+.po}....
00004850   6F 7D 00 00 0A 72 F3 15 00 70 6F 7D 00 00 0A 26  o}...ró..po}...&
00004860   02 72 6A 2B 00 70 6F 7D 00 00 0A 05 6F 8A 00 00  .rj+.po}....o..
00004870   0A 26 02 72 7E 2B 00 70 6F 7D 00 00 0A 26 02 72  .&.r~+.po}...&.r
00004880   94 2B 00 70 6F 7D 00 00 0A 0E 04 6F 7D 00 00 0A  +.po}.....o}...
00004890   72 1D 06 00 70 6F 7D 00 00 0A 26 2A 1B 30 02 00  r...po}...&*.0..
000048A0   C7 01 00 00 29 00 00 11 04 6F A1 00 00 0A 6F B7  Ç...)....o¡...o·
000048B0   00 00 0A 0A 72 D1 04 00 70 0B 72 D1 04 00 70 0C  ....rÑ..p.rÑ..p.
000048C0   16 0D 04 6F E0 00 00 0A 0B DE 03 26 DE 00 04 6F  ...oà....Þ.&Þ..o
000048D0   E1 00 00 0A 0C DE 03 26 DE 00 04 6F E2 00 00 0A  á....Þ.&Þ..oâ...
000048E0   0D DE 03 26 DE 00 02 72 7F 18 00 70 6F 7D 00 00  .Þ.&Þ..r..po}..
000048F0   0A 03 6F 8A 00 00 0A 26 02 72 93 18 00 70 6F 7D  ..o...&.r..po}
00004900   00 00 0A 06 28 D4 00 00 06 6F 7D 00 00 0A 72 F3  ....(Ô...o}...ró
00004910   15 00 70 6F 7D 00 00 0A 26 02 72 AA 2B 00 70 6F  ..po}...&.rª+.po
00004920   7D 00 00 0A 07 28 D4 00 00 06 6F 7D 00 00 0A 72  }....(Ô...o}...r
00004930   F3 15 00 70 6F 7D 00 00 0A 26 02 72 CA 2B 00 70  ó..po}...&.rÊ+.p
00004940   6F 7D 00 00 0A 09 6F C6 00 00 0A 26 02 72 E4 2B  o}....oÆ...&.rä+
00004950   00 70 6F 7D 00 00 0A 08 28 D4 00 00 06 6F 7D 00  .po}....(Ô...o}.
00004960   00 0A 72 F3 15 00 70 6F 7D 00 00 0A 26 04 75 79  ..ró..po}...&.uy
00004970   00 00 01 13 04 11 04 2C 77 02 72 F8 2B 00 70 6F  .......,w.rø+.po
00004980   7D 00 00 0A 11 04 7B E3 00 00 0A 28 D4 00 00 06  }.....{ã...(Ô...
00004990   6F 7D 00 00 0A 72 F3 15 00 70 6F 7D 00 00 0A 26  o}...ró..po}...&
000049A0   02 72 16 2C 00 70 6F 7D 00 00 0A 11 04 7B E4 00  .r.,.po}.....{ä.
000049B0   00 0A 28 D4 00 00 06 6F 7D 00 00 0A 72 F3 15 00  ..(Ô...o}...ró..
000049C0   70 6F 7D 00 00 0A 26 02 72 2C 2C 00 70 6F 7D 00  po}...&.r,,.po}.
000049D0   00 0A 11 04 7B E5 00 00 0A 28 D4 00 00 06 6F 7D  ....{å...(Ô...o}
000049E0   00 00 0A 72 F3 15 00 70 6F 7D 00 00 0A 26 2B 72  ...ró..po}...&+r
000049F0   04 75 7A 00 00 01 13 05 11 05 2C 66 02 72 F8 2B  .uz.......,f.rø+
00004A00   00 70 6F 7D 00 00 0A 11 05 7B E6 00 00 0A 28 D4  .po}.....{æ...(Ô
00004A10   00 00 06 6F 7D 00 00 0A 72 F3 15 00 70 6F 7D 00  ...o}...ró..po}.
00004A20   00 0A 26 02 72 3E 2C 00 70 6F 7D 00 00 0A 11 05  ..&.r>,.po}.....
00004A30   7B E7 00 00 0A 28 D4 00 00 06 6F 7D 00 00 0A 72  {ç...(Ô...o}...r
00004A40   F3 15 00 70 6F 7D 00 00 0A 26 02 72 5C 2C 00 70  ó..po}...&.r\,.p
00004A50   6F 7D 00 00 0A 11 05 7B E8 00 00 0A 6F C6 00 00  o}.....{è...oÆ..
00004A60   0A 26 02 72 E5 06 00 70 6F 7D 00 00 0A 26 2A 00  .&.rå..po}...&*.
00004A70   01 28 00 00 00 00 1A 00 09 23 00 03 01 00 00 01  .(.......#......
00004A80   00 00 26 00 09 2F 00 03 01 00 00 01 00 00 32 00  ..&../........2.
00004A90   09 3B 00 03 01 00 00 01 03 30 03 00 73 00 00 00  .;.......0..s...
00004AA0   00 00 00 00 02 72 76 2C 00 70 6F 7D 00 00 0A 03  .....rv,.po}....
00004AB0   28 D4 00 00 06 6F 7D 00 00 0A 72 F3 15 00 70 6F  (Ô...o}...ró..po
00004AC0   7D 00 00 0A 26 02 72 8A 2C 00 70 6F 7D 00 00 0A  }...&.r,.po}...
00004AD0   04 6F 8A 00 00 0A 26 02 72 9E 2C 00 70 6F 7D 00  .o...&.r,.po}.
00004AE0   00 0A 04 1F 40 5A 6F 8A 00 00 0A 26 02 72 C8 2C  ....@Zo...&.rÈ,
00004AF0   00 70 6F 7D 00 00 0A 04 6B 22 17 B7 D1 3B 5A 28  .po}....k".·Ñ;Z(
00004B00   D6 00 00 06 6F 7D 00 00 0A 26 02 72 E5 06 00 70  Ö...o}...&.rå..p
00004B10   6F 7D 00 00 0A 26 2A 00 13 30 02 00 D4 00 00 00  o}...&*..0..Ô...
00004B20   2A 00 00 11 73 74 00 00 0A 0A 06 72 EA 2C 00 70  *...st.....rê,.p
00004B30   6F 7D 00 00 0A 26 28 E9 00 00 0A 0B 17 0C 16 0D  o}...&(é........
00004B40   38 94 00 00 00 09 28 EA 00 00 0A 13 04 11 04 14  8....(ê........
00004B50   28 08 00 00 0A 2D 7E 11 04 7B EB 00 00 0A 14 28  (....-~..{ë....(
00004B60   08 00 00 0A 2D 6F 11 04 7B EB 00 00 0A 7B 98 00  ....-o..{ë...{.
00004B70   00 0A 1F 09 33 5F 08 2D 0C 06 72 D5 15 00 70 6F  ....3_.-..rÕ..po
00004B80   7D 00 00 0A 26 06 72 14 2D 00 70 6F 7D 00 00 0A  }...&.r.-.po}...
00004B90   11 04 6F 86 00 00 0A 28 D4 00 00 06 6F 7D 00 00  ..o...(Ô...o}..
00004BA0   0A 72 F3 15 00 70 6F 7D 00 00 0A 26 06 72 28 2D  .ró..po}...&.r(-
00004BB0   00 70 6F 7D 00 00 0A 11 04 6F EC 00 00 0A 28 D4  .po}.....oì...(Ô
00004BC0   00 00 06 6F 7D 00 00 0A 72 1D 06 00 70 6F 7D 00  ...o}...r...po}.
00004BD0   00 0A 26 16 0C 09 17 58 0D 09 07 3F 65 FF FF FF  ..&....X...?e...
00004BE0   06 72 CF 16 00 70 6F 7D 00 00 0A 26 06 6F 85 00  .rÏ..po}...&.o.
00004BF0   00 0A 28 4A 00 00 06 2A 13 30 02 00 53 01 00 00  ..(J...*.0..S...
00004C00   2B 00 00 11 73 74 00 00 0A 0A 06 72 4A 2D 00 70  +...st.....rJ-.p
00004C10   6F 7D 00 00 0A 26 28 E9 00 00 0A 0B 17 0C 16 0D  o}...&(é........
00004C20   38 13 01 00 00 09 28 EA 00 00 0A 13 04 11 04 14  8.....(ê........
00004C30   28 08 00 00 0A 3A FA 00 00 00 11 04 7B EB 00 00  (....:ú.....{ë..
00004C40   0A 14 28 08 00 00 0A 3A E8 00 00 00 11 04 7B EB  ..(....:è.....{ë
00004C50   00 00 0A 7B 98 00 00 0A 8C 1C 00 00 01 6F 85 00  ...{.......o.
00004C60   00 0A 13 05 02 2C 16 02 6F 42 00 00 0A 16 31 0D  .....,..oB....1.
00004C70   11 05 02 28 ED 00 00 0A 3A B7 00 00 00 08 2D 0C  ...(í...:·....-.
00004C80   06 72 D5 15 00 70 6F 7D 00 00 0A 26 06 72 14 2D  .rÕ..po}...&.r.-
00004C90   00 70 6F 7D 00 00 0A 11 04 6F 86 00 00 0A 28 D4  .po}.....o...(Ô
00004CA0   00 00 06 6F 7D 00 00 0A 72 F3 15 00 70 6F 7D 00  ...o}...ró..po}.
00004CB0   00 0A 26 06 72 28 2D 00 70 6F 7D 00 00 0A 11 04  ..&.r(-.po}.....
00004CC0   6F EC 00 00 0A 28 D4 00 00 06 6F 7D 00 00 0A 72  oì...(Ô...o}...r
00004CD0   F3 15 00 70 6F 7D 00 00 0A 26 06 72 7A 2D 00 70  ó..po}...&.rz-.p
00004CE0   6F 7D 00 00 0A 11 05 28 D4 00 00 06 6F 7D 00 00  o}.....(Ô...o}..
00004CF0   0A 72 F3 15 00 70 6F 7D 00 00 0A 26 06 72 F8 23  .ró..po}...&.rø#
00004D00   00 70 6F 7D 00 00 0A 11 04 7B EB 00 00 0A 7B 99  .po}.....{ë...{
00004D10   00 00 0A 8C 1E 00 00 01 6F 85 00 00 0A 28 D4 00  .......o...(Ô.
00004D20   00 06 6F 7D 00 00 0A 72 1D 06 00 70 6F 7D 00 00  ..o}...r...po}..
00004D30   0A 26 16 0C 09 17 58 0D 09 07 3F E6 FE FF FF 06  .&....X...?æþ...
00004D40   72 CF 16 00 70 6F 7D 00 00 0A 26 06 6F 85 00 00  rÏ..po}...&.o..
00004D50   0A 28 4A 00 00 06 2A 00 13 30 02 00 CF 01 00 00  .(J...*..0..Ï...
00004D60   2C 00 00 11 73 74 00 00 0A 0A 06 72 94 2D 00 70  ,...st.....r-.p
00004D70   6F 7D 00 00 0A 26 28 EE 00 00 0A 0B 17 0C 16 0D  o}...&(î........
00004D80   38 8F 01 00 00 09 28 EF 00 00 0A 13 04 11 04 14  8....(ï........
00004D90   28 08 00 00 0A 3A 76 01 00 00 11 04 7B 97 00 00  (....:v.....{..
00004DA0   0A 14 28 08 00 00 0A 3A 64 01 00 00 11 04 28 34  ..(....:d.....(4
00004DB0   00 00 06 3A 58 01 00 00 11 04 7B 97 00 00 0A 7B  ...:X.....{...{
00004DC0   98 00 00 0A 8C 1C 00 00 01 6F 85 00 00 0A 13 05  .......o.....
00004DD0   02 2C 16 02 6F 42 00 00 0A 16 31 0D 11 05 02 28  .,..oB....1....(
00004DE0   ED 00 00 0A 3A 27 01 00 00 08 2D 0C 06 72 D5 15  í...:'....-..rÕ.
00004DF0   00 70 6F 7D 00 00 0A 26 06 72 14 2D 00 70 6F 7D  .po}...&.r.-.po}
00004E00   00 00 0A 11 04 6F 86 00 00 0A 28 D4 00 00 06 6F  .....o...(Ô...o
00004E10   7D 00 00 0A 72 F3 15 00 70 6F 7D 00 00 0A 26 06  }...ró..po}...&.
00004E20   72 28 2D 00 70 6F 7D 00 00 0A 11 04 6F EC 00 00  r(-.po}.....oì..
00004E30   0A 28 D4 00 00 06 6F 7D 00 00 0A 72 F3 15 00 70  .(Ô...o}...ró..p
00004E40   6F 7D 00 00 0A 26 06 72 7A 2D 00 70 6F 7D 00 00  o}...&.rz-.po}..
00004E50   0A 11 05 28 D4 00 00 06 6F 7D 00 00 0A 72 F3 15  ...(Ô...o}...ró.
00004E60   00 70 6F 7D 00 00 0A 26 06 72 F8 23 00 70 6F 7D  .po}...&.rø#.po}
00004E70   00 00 0A 11 04 7B 97 00 00 0A 7B 99 00 00 0A 8C  .....{...{...
00004E80   1E 00 00 01 6F 85 00 00 0A 28 D4 00 00 06 6F 7D  ....o...(Ô...o}
00004E90   00 00 0A 72 F3 15 00 70 6F 7D 00 00 0A 26 06 72  ...ró..po}...&.r
00004EA0   40 24 00 70 6F 7D 00 00 0A 11 04 7B 97 00 00 0A  @$.po}.....{...
00004EB0   7B F0 00 00 0A 8C 1B 00 00 01 6F 85 00 00 0A 28  {ð.......o...(
00004EC0   D4 00 00 06 6F 7D 00 00 0A 72 F3 15 00 70 6F 7D  Ô...o}...ró..po}
00004ED0   00 00 0A 26 06 72 C6 2D 00 70 6F 7D 00 00 0A 11  ...&.rÆ-.po}....
00004EE0   04 6F F1 00 00 0A 6F 8A 00 00 0A 26 06 72 DA 2D  .oñ...o...&.rÚ-
00004EF0   00 70 6F 7D 00 00 0A 11 04 6F 94 00 00 0A 6F 8A  .po}.....o...o
00004F00   00 00 0A 72 E5 06 00 70 6F 7D 00 00 0A 26 16 0C  ...rå..po}...&..
00004F10   09 17 58 0D 09 07 3F 6A FE FF FF 06 72 CF 16 00  ..X...?jþ...rÏ..
00004F20   70 6F 7D 00 00 0A 26 06 6F 85 00 00 0A 28 4A 00  po}...&.o...(J.
00004F30   00 06 2A 00 13 30 02 00 3B 00 00 00 2D 00 00 11  ..*..0..;...-...
00004F40   02 16 2F 03 16 10 00 02 20 E8 03 00 00 31 07 20  ../..... è...1.
00004F50   E8 03 00 00 10 00 02 73 BE 00 00 06 0A 06 6F BF  è......s¾.....o¿
00004F60   00 00 06 06 6F C0 00 00 06 06 6F C1 00 00 06 06  ....oÀ....oÁ....
00004F70   6F C2 00 00 06 28 4A 00 00 06 2A 1A 28 4D 00 00  oÂ...(J...*.(M..
00004F80   06 2A 00 00 1B 30 04 00 C9 05 00 00 2E 00 00 11  .*...0..É.......
00004F90   02 16 2F 03 16 10 00 02 20 88 13 00 00 31 07 20  ../..... ...1.
00004FA0   88 13 00 00 10 00 28 92 00 00 0A 0A 73 74 00 00  .....(....st..
00004FB0   0A 0B 73 74 00 00 0A 0C 73 74 00 00 0A 0D 73 D3  ..st....st....sÓ
00004FC0   00 00 0A 13 04 73 D3 00 00 0A 13 05 16 13 06 16  .....sÓ.........
00004FD0   13 07 17 13 08 17 13 09 38 BB 03 00 00 06 7B 9A  ........8»....{
00004FE0   00 00 0A 7B 9B 00 00 0A 11 09 8F 17 00 00 01 71  ...{.........q
00004FF0   17 00 00 01 13 0A 12 0A 7B 9C 00 00 0A 17 5F 39  ........{...._9
00005000   8D 03 00 00 12 0A 28 9D 00 00 0A 13 0B 11 0B 14  .....(........
00005010   28 08 00 00 0A 3A 77 03 00 00 11 0B 7B 97 00 00  (....:w.....{..
00005020   0A 14 28 08 00 00 0A 3A 65 03 00 00 04 2D 0C 11  ..(....:e....-..
00005030   0B 28 71 00 00 06 3A 56 03 00 00 11 0B 7B 97 00  .(q...:V.....{.
00005040   00 0A 7B 98 00 00 0A 8C 1C 00 00 01 6F 85 00 00  ..{.......o..
00005050   0A 13 0C 11 0B 7B 97 00 00 0A 7B 99 00 00 0A 8C  .....{...{...
00005060   1E 00 00 01 6F 85 00 00 0A 13 0D 11 0C 72 B3 13  ....o.......r³.
00005070   00 70 11 0D 28 56 00 00 0A 13 0E 04 2D 17 03 2C  .p..(V......-..,
00005080   08 03 6F 42 00 00 0A 2D 0C 11 0C 28 6D 00 00 06  ..oB...-...(m...
00005090   39 FC 02 00 00 03 2C 16 03 6F 42 00 00 0A 16 31  9ü....,..oB....1
000050A0   0D 11 0C 03 28 ED 00 00 0A 3A E3 02 00 00 11 04  ....(í...:ã.....
000050B0   11 0C 6F D8 00 00 0A 2C 1C 11 04 25 13 14 11 0C  ..oØ...,...%....
000050C0   25 13 15 11 14 11 15 6F D9 00 00 0A 17 58 6F DA  %......oÙ....XoÚ
000050D0   00 00 0A 2B 0A 11 04 11 0C 17 6F DA 00 00 0A 11  ...+......oÚ....
000050E0   05 11 0E 6F D8 00 00 0A 2C 1C 11 05 25 13 16 11  ...oØ...,...%...
000050F0   0E 25 13 17 11 16 11 17 6F D9 00 00 0A 17 58 6F  .%......oÙ....Xo
00005100   DA 00 00 0A 2B 0A 11 05 11 0E 17 6F DA 00 00 0A  Ú...+......oÚ...
00005110   11 06 17 58 13 06 11 07 02 3C 73 02 00 00 11 08  ...X.....<s.....
00005120   2D 0C 07 72 D5 15 00 70 6F 7D 00 00 0A 26 12 0A  -..rÕ..po}...&..
00005130   7C F2 00 00 0A 28 F3 00 00 0A 2D 14 12 0A 7C F2  |ò...(ó...-...|ò
00005140   00 00 0A FE 16 2A 00 00 01 6F 85 00 00 0A 2B 05  ...þ.*...o...+.
00005150   72 D1 04 00 70 13 0F 12 0A 7B F4 00 00 0A 13 10  rÑ..p....{ô.....
00005160   07 72 F0 2D 00 70 6F 7D 00 00 0A 11 09 6F F5 00  .rð-.po}.....oõ.
00005170   00 0A 26 07 72 00 20 00 70 6F 7D 00 00 0A 11 0B  ..&.r. .po}.....
00005180   6F 86 00 00 0A 28 D4 00 00 06 6F 7D 00 00 0A 72  o...(Ô...o}...r
00005190   F3 15 00 70 6F 7D 00 00 0A 26 07 72 28 2D 00 70  ó..po}...&.r(-.p
000051A0   6F 7D 00 00 0A 11 0B 6F EC 00 00 0A 28 D4 00 00  o}.....oì...(Ô..
000051B0   06 6F 7D 00 00 0A 72 F3 15 00 70 6F 7D 00 00 0A  .o}...ró..po}...
000051C0   26 07 72 FE 2D 00 70 6F 7D 00 00 0A 11 0B 28 34  &.rþ-.po}.....(4
000051D0   00 00 06 28 D5 00 00 06 6F 7D 00 00 0A 26 07 72  ...(Õ...o}...&.r
000051E0   EA 1F 00 70 6F 7D 00 00 0A 12 0A 7B 9C 00 00 0A  ê..po}.....{...
000051F0   20 00 00 02 00 5F 16 FE 01 16 FE 01 28 D5 00 00   ...._.þ..þ.(Õ..
00005200   06 6F 7D 00 00 0A 26 07 72 20 2E 00 70 6F 7D 00  .o}...&.r ..po}.
00005210   00 0A 12 0A 7B 9C 00 00 0A 8C 2B 00 00 01 6F 85  ....{...+...o
00005220   00 00 0A 28 D4 00 00 06 6F 7D 00 00 0A 72 F3 15  ...(Ô...o}...ró.
00005230   00 70 6F 7D 00 00 0A 26 07 72 7A 2D 00 70 6F 7D  .po}...&.rz-.po}
00005240   00 00 0A 11 0C 28 D4 00 00 06 6F 7D 00 00 0A 72  .....(Ô...o}...r
00005250   F3 15 00 70 6F 7D 00 00 0A 26 07 72 F8 23 00 70  ó..po}...&.rø#.p
00005260   6F 7D 00 00 0A 11 0D 28 D4 00 00 06 6F 7D 00 00  o}.....(Ô...o}..
00005270   0A 72 F3 15 00 70 6F 7D 00 00 0A 26 07 72 40 24  .ró..po}...&.r@$
00005280   00 70 6F 7D 00 00 0A 11 0B 7B 97 00 00 0A 7B F0  .po}.....{...{ð
00005290   00 00 0A 8C 1B 00 00 01 6F 85 00 00 0A 28 D4 00  .......o...(Ô.
000052A0   00 06 6F 7D 00 00 0A 72 F3 15 00 70 6F 7D 00 00  ..o}...ró..po}..
000052B0   0A 26 07 72 C6 2D 00 70 6F 7D 00 00 0A 11 0B 6F  .&.rÆ-.po}.....o
000052C0   F1 00 00 0A 6F 8A 00 00 0A 26 07 72 DA 2D 00 70  ñ...o...&.rÚ-.p
000052D0   6F 7D 00 00 0A 11 0B 6F 94 00 00 0A 6F 8A 00 00  o}.....o...o..
000052E0   0A 26 07 72 36 2E 00 70 6F 7D 00 00 0A 12 0A 7B  .&.r6..po}.....{
000052F0   9E 00 00 0A 22 E1 2E 65 42 5A 28 D6 00 00 06 6F  ..."á.eBZ(Ö...o
00005300   7D 00 00 0A 26 07 72 58 2E 00 70 6F 7D 00 00 0A  }...&.rX..po}...
00005310   11 0F 28 D4 00 00 06 6F 7D 00 00 0A 72 F3 15 00  ..(Ô...o}...ró..
00005320   70 6F 7D 00 00 0A 26 07 72 74 2E 00 70 6F 7D 00  po}...&.rt..po}.
00005330   00 0A 12 10 7B 34 00 00 0A 28 D6 00 00 06 6F 7D  ....{4...(Ö...o}
00005340   00 00 0A 26 07 72 46 1F 00 70 6F 7D 00 00 0A 12  ...&.rF..po}....
00005350   10 7B 35 00 00 0A 28 D6 00 00 06 6F 7D 00 00 0A  .{5...(Ö...o}...
00005360   26 07 72 52 1F 00 70 6F 7D 00 00 0A 12 10 7B 9F  &.rR..po}.....{
00005370   00 00 0A 28 D6 00 00 06 6F 7D 00 00 0A 72 5E 1F  ...(Ö...o}...r^.
00005380   00 70 6F 7D 00 00 0A 26 16 13 08 11 07 17 58 13  .po}...&......X.
00005390   07 11 09 17 58 D1 13 09 11 09 06 7B 9A 00 00 0A  ....XÑ.....{...
000053A0   7B 9B 00 00 0A 8E 69 3F 31 FC FF FF 17 13 11 11  {...i?1ü......
000053B0   04 6F DB 00 00 0A 13 18 2B 4F 12 18 28 DC 00 00  .oÛ.....+O..(Ü..
000053C0   0A 13 12 11 11 2D 0C 08 72 D5 15 00 70 6F 7D 00  .....-..rÕ..po}.
000053D0   00 0A 26 08 72 F3 15 00 70 6F 7D 00 00 0A 12 12  ..&.ró..po}.....
000053E0   28 DD 00 00 0A 28 D4 00 00 06 6F 7D 00 00 0A 72  (Ý...(Ô...o}...r
000053F0   98 2E 00 70 6F 7D 00 00 0A 12 12 28 DE 00 00 0A  ..po}.....(Þ...
00005400   6F 8A 00 00 0A 26 16 13 11 12 18 28 DF 00 00 0A  o...&.....(ß...
00005410   2D A8 DE 0E 12 18 FE 16 17 00 00 1B 6F 83 00 00  -¨Þ...þ.....o..
00005420   0A DC 17 13 11 11 05 6F DB 00 00 0A 13 19 2B 4F  .Ü.....oÛ.....+O
00005430   12 19 28 DC 00 00 0A 13 13 11 11 2D 0C 09 72 D5  ..(Ü.......-..rÕ
00005440   15 00 70 6F 7D 00 00 0A 26 09 72 F3 15 00 70 6F  ..po}...&.ró..po
00005450   7D 00 00 0A 12 13 28 DD 00 00 0A 28 D4 00 00 06  }.....(Ý...(Ô...
00005460   6F 7D 00 00 0A 72 98 2E 00 70 6F 7D 00 00 0A 12  o}...r..po}....
00005470   13 28 DE 00 00 0A 6F 8A 00 00 0A 26 16 13 11 12  .(Þ...o...&....
00005480   19 28 DF 00 00 0A 2D A8 DE 0E 12 19 FE 16 17 00  .(ß...-¨Þ...þ...
00005490   00 1B 6F 83 00 00 0A DC 1F 11 8D 01 00 00 01 13  ..o...Ü.......
000054A0   1A 11 1A 16 72 75 16 00 70 A2 11 1A 17 11 06 8C  ....ru..p¢.....
000054B0   47 00 00 01 A2 11 1A 18 72 F4 29 00 70 A2 11 1A  G...¢...rô).p¢..
000054C0   19 11 07 8C 47 00 00 01 A2 11 1A 1A 72 0E 2A 00  ...G...¢...r.*.
000054D0   70 A2 11 1A 1B 02 8C 47 00 00 01 A2 11 1A 1C 72  p¢....G...¢...r
000054E0   9E 2E 00 70 A2 11 1A 1D 03 28 D4 00 00 06 A2 11  ..p¢....(Ô...¢.
000054F0   1A 1E 72 C4 2E 00 70 A2 11 1A 1F 09 04 28 D5 00  ..rÄ..p¢.....(Õ.
00005500   00 06 A2 11 1A 1F 0A 72 F2 2E 00 70 A2 11 1A 1F  ..¢....rò..p¢...
00005510   0B 08 6F 85 00 00 0A A2 11 1A 1F 0C 72 1C 2F 00  ..o...¢....r./.
00005520   70 A2 11 1A 1F 0D 09 6F 85 00 00 0A A2 11 1A 1F  p¢.....o...¢...
00005530   0E 72 4E 2F 00 70 A2 11 1A 1F 0F 07 6F 85 00 00  .rN/.p¢.....o..
00005540   0A A2 11 1A 1F 10 72 CF 16 00 70 A2 11 1A 28 59  .¢....rÏ..p¢..(Y
00005550   00 00 0A 28 4A 00 00 06 2A 00 00 00 01 1C 00 00  ...(J...*.......
00005560   02 00 28 04 5C 84 04 0E 00 00 00 00 02 00 9E 04  ..(.\.........
00005570   5C FA 04 0E 00 00 00 00 13 30 03 00 77 04 00 00  \ú.......0..w...
00005580   2F 00 00 11 02 16 2F 03 16 10 00 02 20 88 13 00  /...../..... ..
00005590   00 31 07 20 88 13 00 00 10 00 28 92 00 00 0A 0A  .1. .....(....
000055A0   73 74 00 00 0A 0B 73 74 00 00 0A 0C 73 74 00 00  st....st....st..
000055B0   0A 0D 73 D3 00 00 0A 13 04 73 D3 00 00 0A 13 05  ..sÓ.....sÓ.....
000055C0   16 13 06 16 13 07 17 13 08 17 13 09 38 5A 03 00  ............8Z..
000055D0   00 06 7B 9A 00 00 0A 7B 9B 00 00 0A 11 09 8F 17  ..{...{......
000055E0   00 00 01 71 17 00 00 01 13 0A 12 0A 7B 9C 00 00  ...q........{..
000055F0   0A 17 5F 39 2C 03 00 00 12 0A 28 9D 00 00 0A 13  .._9,.....(....
00005600   0B 11 0B 14 28 08 00 00 0A 3A 16 03 00 00 11 0B  ....(....:......
00005610   7B 97 00 00 0A 14 28 08 00 00 0A 3A 04 03 00 00  {....(....:....
00005620   11 0B 7B 97 00 00 0A 7B 98 00 00 0A 8C 1C 00 00  ..{...{......
00005630   01 6F 85 00 00 0A 13 0C 11 0C 28 6E 00 00 06 39  .o.......(n...9
00005640   E0 02 00 00 03 2C 16 03 6F 42 00 00 0A 16 31 0D  à....,..oB....1.
00005650   11 0C 03 28 ED 00 00 0A 3A C7 02 00 00 11 0B 7B  ...(í...:Ç.....{
00005660   97 00 00 0A 7B 99 00 00 0A 8C 1E 00 00 01 6F 85  ...{.......o
00005670   00 00 0A 13 0D 11 0C 72 B3 13 00 70 11 0D 28 56  .......r³..p..(V
00005680   00 00 0A 13 0E 11 04 11 0C 28 6F 00 00 06 11 05  .........(o.....
00005690   11 0E 28 6F 00 00 06 11 06 17 58 13 06 11 07 02  ..(o......X.....
000056A0   3C 7F 02 00 00 11 08 2D 0C 07 72 D5 15 00 70 6F  <.....-..rÕ..po
000056B0   7D 00 00 0A 26 12 0A 7C F2 00 00 0A 28 F3 00 00  }...&..|ò...(ó..
000056C0   0A 2D 14 12 0A 7C F2 00 00 0A FE 16 2A 00 00 01  .-...|ò...þ.*...
000056D0   6F 85 00 00 0A 2B 05 72 D1 04 00 70 13 0F 12 0A  o...+.rÑ..p....
000056E0   7B F4 00 00 0A 13 10 07 72 F0 2D 00 70 6F 7D 00  {ô......rð-.po}.
000056F0   00 0A 11 09 6F F5 00 00 0A 26 07 72 00 20 00 70  ....oõ...&.r. .p
00005700   6F 7D 00 00 0A 11 0B 6F 86 00 00 0A 28 D4 00 00  o}.....o...(Ô..
00005710   06 6F 7D 00 00 0A 72 F3 15 00 70 6F 7D 00 00 0A  .o}...ró..po}...
00005720   26 07 72 28 2D 00 70 6F 7D 00 00 0A 11 0B 6F EC  &.r(-.po}.....oì
00005730   00 00 0A 28 D4 00 00 06 6F 7D 00 00 0A 72 F3 15  ...(Ô...o}...ró.
00005740   00 70 6F 7D 00 00 0A 26 07 72 EA 1F 00 70 6F 7D  .po}...&.rê..po}
00005750   00 00 0A 12 0A 7B 9C 00 00 0A 20 00 00 02 00 5F  .....{... ...._
00005760   16 FE 01 16 FE 01 28 D5 00 00 06 6F 7D 00 00 0A  .þ..þ.(Õ...o}...
00005770   26 07 72 70 2F 00 70 6F 7D 00 00 0A 12 0A 7B 9C  &.rp/.po}.....{
00005780   00 00 0A 20 00 00 04 00 5F 16 FE 01 16 FE 01 28  ... ...._.þ..þ.(
00005790   D5 00 00 06 6F 7D 00 00 0A 26 07 72 20 2E 00 70  Õ...o}...&.r ..p
000057A0   6F 7D 00 00 0A 12 0A 7B 9C 00 00 0A 8C 2B 00 00  o}.....{...+..
000057B0   01 6F 85 00 00 0A 28 D4 00 00 06 6F 7D 00 00 0A  .o...(Ô...o}...
000057C0   72 F3 15 00 70 6F 7D 00 00 0A 26 07 72 7A 2D 00  ró..po}...&.rz-.
000057D0   70 6F 7D 00 00 0A 11 0C 28 D4 00 00 06 6F 7D 00  po}.....(Ô...o}.
000057E0   00 0A 72 F3 15 00 70 6F 7D 00 00 0A 26 07 72 F8  ..ró..po}...&.rø
000057F0   23 00 70 6F 7D 00 00 0A 11 0D 28 D4 00 00 06 6F  #.po}.....(Ô...o
00005800   7D 00 00 0A 72 F3 15 00 70 6F 7D 00 00 0A 26 07  }...ró..po}...&.
00005810   72 40 24 00 70 6F 7D 00 00 0A 11 0B 7B 97 00 00  r@$.po}.....{..
00005820   0A 7B F0 00 00 0A 8C 1B 00 00 01 6F 85 00 00 0A  .{ð.......o...
00005830   28 D4 00 00 06 6F 7D 00 00 0A 72 F3 15 00 70 6F  (Ô...o}...ró..po
00005840   7D 00 00 0A 26 07 72 C6 2D 00 70 6F 7D 00 00 0A  }...&.rÆ-.po}...
00005850   11 0B 6F F1 00 00 0A 6F 8A 00 00 0A 26 07 72 DA  ..oñ...o...&.rÚ
00005860   2D 00 70 6F 7D 00 00 0A 11 0B 6F 94 00 00 0A 6F  -.po}.....o...o
00005870   8A 00 00 0A 26 07 72 36 2E 00 70 6F 7D 00 00 0A  ...&.r6..po}...
00005880   12 0A 7B 9E 00 00 0A 22 E1 2E 65 42 5A 28 D6 00  ..{..."á.eBZ(Ö.
00005890   00 06 6F 7D 00 00 0A 26 07 72 58 2E 00 70 6F 7D  ..o}...&.rX..po}
000058A0   00 00 0A 11 0F 28 D4 00 00 06 6F 7D 00 00 0A 72  .....(Ô...o}...r
000058B0   F3 15 00 70 6F 7D 00 00 0A 26 07 72 74 2E 00 70  ó..po}...&.rt..p
000058C0   6F 7D 00 00 0A 12 10 7B 34 00 00 0A 28 D6 00 00  o}.....{4...(Ö..
000058D0   06 6F 7D 00 00 0A 26 07 72 46 1F 00 70 6F 7D 00  .o}...&.rF..po}.
000058E0   00 0A 12 10 7B 35 00 00 0A 28 D6 00 00 06 6F 7D  ....{5...(Ö...o}
000058F0   00 00 0A 26 07 72 52 1F 00 70 6F 7D 00 00 0A 12  ...&.rR..po}....
00005900   10 7B 9F 00 00 0A 28 D6 00 00 06 6F 7D 00 00 0A  .{...(Ö...o}...
00005910   72 5E 1F 00 70 6F 7D 00 00 0A 26 16 13 08 11 07  r^..po}...&.....
00005920   17 58 13 07 11 09 17 58 D1 13 09 11 09 06 7B 9A  .X.....XÑ.....{
00005930   00 00 0A 7B 9B 00 00 0A 8E 69 3F 92 FC FF FF 08  ...{...i?ü...
00005940   11 04 28 70 00 00 06 09 11 05 28 70 00 00 06 1F  ..(p......(p....
00005950   0F 8D 01 00 00 01 13 11 11 11 16 72 75 16 00 70  ..........ru..p
00005960   A2 11 11 17 11 06 8C 47 00 00 01 A2 11 11 18 72  ¢.....G...¢...r
00005970   F4 29 00 70 A2 11 11 19 11 07 8C 47 00 00 01 A2  ô).p¢.....G...¢
00005980   11 11 1A 72 0E 2A 00 70 A2 11 11 1B 02 8C 47 00  ...r.*.p¢....G.
00005990   00 01 A2 11 11 1C 72 9E 2E 00 70 A2 11 11 1D 03  ..¢...r..p¢....
000059A0   28 D4 00 00 06 A2 11 11 1E 72 8C 2F 00 70 A2 11  (Ô...¢...r/.p¢.
000059B0   11 1F 09 08 6F 85 00 00 0A A2 11 11 1F 0A 72 1C  ....o...¢....r.
000059C0   2F 00 70 A2 11 11 1F 0B 09 6F 85 00 00 0A A2 11  /.p¢.....o...¢.
000059D0   11 1F 0C 72 B8 2F 00 70 A2 11 11 1F 0D 07 6F 85  ...r¸/.p¢.....o
000059E0   00 00 0A A2 11 11 1F 0E 72 CF 16 00 70 A2 11 11  ...¢....rÏ..p¢..
000059F0   28 59 00 00 0A 28 4A 00 00 06 2A 00 1B 30 04 00  (Y...(J...*..0..
00005A00   01 05 00 00 30 00 00 11 02 16 2F 03 16 10 00 02  ....0...../.....
00005A10   20 88 13 00 00 31 07 20 88 13 00 00 10 00 28 A5   ...1. .....(¥
00005A20   00 00 0A 0A 73 74 00 00 0A 0B 73 74 00 00 0A 0C  ....st....st....
00005A30   73 D3 00 00 0A 0D 16 13 04 16 13 05 17 13 06 17  sÓ..............
00005A40   13 07 38 A2 03 00 00 06 7B A6 00 00 0A 7B A7 00  ..8¢....{¦...{§.
00005A50   00 0A 11 07 8F 24 00 00 01 71 24 00 00 01 13 08  ....$...q$.....
00005A60   12 08 7B A8 00 00 0A 17 5F 39 74 03 00 00 12 08  ..{¨...._9t.....
00005A70   28 F6 00 00 0A 13 09 11 09 14 28 08 00 00 0A 3A  (ö........(....:
00005A80   5E 03 00 00 11 09 7B EB 00 00 0A 14 28 08 00 00  ^.....{ë....(...
00005A90   0A 3A 4C 03 00 00 11 09 7B EB 00 00 0A 7B 98 00  .:L.....{ë...{.
00005AA0   00 0A 8C 1C 00 00 01 6F 85 00 00 0A 13 0A 03 2C  ......o......,
00005AB0   16 03 6F 42 00 00 0A 16 31 0D 11 0A 03 28 ED 00  ..oB....1....(í.
00005AC0   00 0A 3A 1B 03 00 00 09 11 0A 6F D8 00 00 0A 2C  ..:.......oØ...,
00005AD0   1B 09 25 13 14 11 0A 25 13 15 11 14 11 15 6F D9  ..%....%......oÙ
00005AE0   00 00 0A 17 58 6F DA 00 00 0A 2B 09 09 11 0A 17  ....XoÚ...+.....
00005AF0   6F DA 00 00 0A 11 04 17 58 13 04 11 05 02 3C DF  oÚ......X.....<ß
00005B00   02 00 00 12 08 7B F7 00 00 0A 13 0B 12 08 7B F8  .....{÷.......{ø
00005B10   00 00 0A 13 0C 06 7B A9 00 00 0A 7B AA 00 00 0A  ......{©...{ª...
00005B20   11 0B 8F 28 00 00 01 7B F9 00 00 0A 13 0D 06 7B  ..(...{ù......{
00005B30   A9 00 00 0A 7B AA 00 00 0A 11 0C 8F 28 00 00 01  ©...{ª.....(...
00005B40   7B F9 00 00 0A 13 0E 12 08 7B FA 00 00 0A 13 0F  {ù.......{ú.....
00005B50   12 08 7C FB 00 00 0A 28 F3 00 00 0A 2D 14 12 08  ..|û...(ó...-...
00005B60   7C FB 00 00 0A FE 16 2A 00 00 01 6F 85 00 00 0A  |û...þ.*...o...
00005B70   2B 05 72 D1 04 00 70 13 10 06 11 07 6F FC 00 00  +.rÑ..p.....oü..
00005B80   0A 13 11 11 06 2D 0C 07 72 D5 15 00 70 6F 7D 00  .....-..rÕ..po}.
00005B90   00 0A 26 07 72 F0 2D 00 70 6F 7D 00 00 0A 11 07  ..&.rð-.po}.....
00005BA0   6F F5 00 00 0A 26 07 72 00 20 00 70 6F 7D 00 00  oõ...&.r. .po}..
00005BB0   0A 11 09 6F 86 00 00 0A 28 D4 00 00 06 6F 7D 00  ...o...(Ô...o}.
00005BC0   00 0A 72 F3 15 00 70 6F 7D 00 00 0A 26 07 72 F7  ..ró..po}...&.r÷
00005BD0   15 00 70 6F 7D 00 00 0A 11 11 28 D4 00 00 06 6F  ..po}.....(Ô...o
00005BE0   7D 00 00 0A 72 F3 15 00 70 6F 7D 00 00 0A 26 07  }...ró..po}...&.
00005BF0   72 28 2D 00 70 6F 7D 00 00 0A 11 09 6F EC 00 00  r(-.po}.....oì..
00005C00   0A 28 D4 00 00 06 6F 7D 00 00 0A 72 F3 15 00 70  .(Ô...o}...ró..p
00005C10   6F 7D 00 00 0A 26 07 72 7A 2D 00 70 6F 7D 00 00  o}...&.rz-.po}..
00005C20   0A 11 0A 28 D4 00 00 06 6F 7D 00 00 0A 72 F3 15  ...(Ô...o}...ró.
00005C30   00 70 6F 7D 00 00 0A 26 07 72 F8 23 00 70 6F 7D  .po}...&.rø#.po}
00005C40   00 00 0A 11 09 7B EB 00 00 0A 7B 99 00 00 0A 8C  .....{ë...{...
00005C50   1E 00 00 01 6F 85 00 00 0A 28 D4 00 00 06 6F 7D  ....o...(Ô...o}
00005C60   00 00 0A 72 F3 15 00 70 6F 7D 00 00 0A 26 07 72  ...ró..po}...&.r
00005C70   58 2E 00 70 6F 7D 00 00 0A 11 10 28 D4 00 00 06  X..po}.....(Ô...
00005C80   6F 7D 00 00 0A 72 F3 15 00 70 6F 7D 00 00 0A 26  o}...ró..po}...&
00005C90   07 72 D8 2F 00 70 6F 7D 00 00 0A 11 0B 6F F5 00  .rØ/.po}.....oõ.
00005CA0   00 0A 26 07 72 F8 2F 00 70 6F 7D 00 00 0A 11 0C  ..&.rø/.po}.....
00005CB0   6F F5 00 00 0A 26 07 72 14 30 00 70 6F 7D 00 00  oõ...&.r.0.po}..
00005CC0   0A 12 0D 7B 34 00 00 0A 28 D6 00 00 06 6F 7D 00  ...{4...(Ö...o}.
00005CD0   00 0A 26 07 72 46 1F 00 70 6F 7D 00 00 0A 12 0D  ..&.rF..po}.....
00005CE0   7B 35 00 00 0A 28 D6 00 00 06 6F 7D 00 00 0A 26  {5...(Ö...o}...&
00005CF0   07 72 52 1F 00 70 6F 7D 00 00 0A 12 0D 7B 9F 00  .rR..po}.....{.
00005D00   00 0A 28 D6 00 00 06 6F 7D 00 00 0A 72 E5 06 00  ..(Ö...o}...rå..
00005D10   70 6F 7D 00 00 0A 26 07 72 32 30 00 70 6F 7D 00  po}...&.r20.po}.
00005D20   00 0A 12 0E 7B 34 00 00 0A 28 D6 00 00 06 6F 7D  ....{4...(Ö...o}
00005D30   00 00 0A 26 07 72 46 1F 00 70 6F 7D 00 00 0A 12  ...&.rF..po}....
00005D40   0E 7B 35 00 00 0A 28 D6 00 00 06 6F 7D 00 00 0A  .{5...(Ö...o}...
00005D50   26 07 72 52 1F 00 70 6F 7D 00 00 0A 12 0E 7B 9F  &.rR..po}.....{
00005D60   00 00 0A 28 D6 00 00 06 6F 7D 00 00 0A 72 E5 06  ...(Ö...o}...rå.
00005D70   00 70 6F 7D 00 00 0A 26 07 72 4C 30 00 70 6F 7D  .po}...&.rL0.po}
00005D80   00 00 0A 12 0F 7B 34 00 00 0A 28 D6 00 00 06 6F  .....{4...(Ö...o
00005D90   7D 00 00 0A 26 07 72 46 1F 00 70 6F 7D 00 00 0A  }...&.rF..po}...
00005DA0   12 0F 7B 35 00 00 0A 28 D6 00 00 06 6F 7D 00 00  ..{5...(Ö...o}..
00005DB0   0A 26 07 72 52 1F 00 70 6F 7D 00 00 0A 12 0F 7B  .&.rR..po}.....{
00005DC0   9F 00 00 0A 28 D6 00 00 06 6F 7D 00 00 0A 72 5E  ...(Ö...o}...r^
00005DD0   1F 00 70 6F 7D 00 00 0A 26 16 13 06 11 05 17 58  ..po}...&......X
00005DE0   13 05 11 07 17 58 D1 13 07 11 07 06 7B A6 00 00  .....XÑ.....{¦..
00005DF0   0A 7B A7 00 00 0A 8E 69 3F 4A FC FF FF 17 13 12  .{§...i?Jü.....
00005E00   09 6F DB 00 00 0A 13 16 2B 4F 12 16 28 DC 00 00  .oÛ.....+O..(Ü..
00005E10   0A 13 13 11 12 2D 0C 08 72 D5 15 00 70 6F 7D 00  .....-..rÕ..po}.
00005E20   00 0A 26 08 72 F3 15 00 70 6F 7D 00 00 0A 12 13  ..&.ró..po}.....
00005E30   28 DD 00 00 0A 28 D4 00 00 06 6F 7D 00 00 0A 72  (Ý...(Ô...o}...r
00005E40   98 2E 00 70 6F 7D 00 00 0A 12 13 28 DE 00 00 0A  ..po}.....(Þ...
00005E50   6F 8A 00 00 0A 26 16 13 12 12 16 28 DF 00 00 0A  o...&.....(ß...
00005E60   2D A8 DE 0E 12 16 FE 16 17 00 00 1B 6F 83 00 00  -¨Þ...þ.....o..
00005E70   0A DC 1F 0D 8D 01 00 00 01 13 17 11 17 16 72 75  .Ü...........ru
00005E80   16 00 70 A2 11 17 17 11 04 8C 47 00 00 01 A2 11  ..p¢.....G...¢.
00005E90   17 18 72 F4 29 00 70 A2 11 17 19 11 05 8C 47 00  ..rô).p¢.....G.
00005EA0   00 01 A2 11 17 1A 72 0E 2A 00 70 A2 11 17 1B 02  ..¢...r.*.p¢....
00005EB0   8C 47 00 00 01 A2 11 17 1C 72 9E 2E 00 70 A2 11  G...¢...r..p¢.
00005EC0   17 1D 03 28 D4 00 00 06 A2 11 17 1E 72 8C 2F 00  ...(Ô...¢...r/.
00005ED0   70 A2 11 17 1F 09 08 6F 85 00 00 0A A2 11 17 1F  p¢.....o...¢...
00005EE0   0A 72 6C 30 00 70 A2 11 17 1F 0B 07 6F 85 00 00  .rl0.p¢.....o..
00005EF0   0A A2 11 17 1F 0C 72 CF 16 00 70 A2 11 17 28 59  .¢....rÏ..p¢..(Y
00005F00   00 00 0A 28 4A 00 00 06 2A 00 00 00 01 10 00 00  ...(J...*.......
00005F10   02 00 00 04 5C 5C 04 0E 00 00 00 00 13 30 04 00  ....\\.......0..
00005F20   50 00 00 00 31 00 00 11 02 16 2F 03 16 10 00 02  P...1...../.....
00005F30   20 E8 03 00 00 31 07 20 E8 03 00 00 10 00 03 22   è...1. è......"
00005F40   00 00 80 3F 34 07 22 00 00 80 3F 10 01 04 22 00  ..?4."..?...".
00005F50   00 80 3F 34 07 22 00 00 80 3F 10 02 02 03 04 05  .?4."..?......
00005F60   73 87 00 00 06 0A 06 6F 88 00 00 06 06 6F 89 00  s.....o....o.
00005F70   00 06 28 4A 00 00 06 2A 13 30 02 00 2F 00 00 00  ..(J...*.0../...
00005F80   32 00 00 11 02 16 2F 03 16 10 00 02 20 C8 00 00  2...../..... È..
00005F90   00 31 07 20 C8 00 00 00 10 00 02 73 B4 00 00 06  .1. È......s´...
00005FA0   0A 06 6F B5 00 00 06 06 6F B6 00 00 06 28 4A 00  ..oµ....o¶...(J.
00005FB0   00 06 2A 00 13 30 02 00 2F 00 00 00 33 00 00 11  ..*..0../...3...
00005FC0   02 16 2F 03 16 10 00 02 20 E8 03 00 00 31 07 20  ../..... è...1.
00005FD0   E8 03 00 00 10 00 02 73 7E 00 00 06 0A 06 6F 7F  è......s~.....o
00005FE0   00 00 06 06 6F 80 00 00 06 28 4A 00 00 06 2A 00  ....o...(J...*.
00005FF0   13 30 04 00 40 00 00 00 34 00 00 11 02 16 2F 03  .0..@...4...../.
00006000   16 10 00 02 20 E8 03 00 00 31 07 20 E8 03 00 00  .... è...1. è...
00006010   10 00 03 17 2F 03 17 10 01 04 17 2F 03 17 10 02  ..../....../....
00006020   02 03 04 05 73 72 00 00 06 0A 06 6F 73 00 00 06  ....sr.....os...
00006030   06 6F 74 00 00 06 28 4A 00 00 06 2A 03 30 02 00  .ot...(J...*.0..
00006040   69 00 00 00 00 00 00 00 02 72 8A 30 00 70 28 58  i........r0.p(X
00006050   00 00 0A 2D 5A 02 72 96 30 00 70 28 58 00 00 0A  ...-Z.r0.p(X...
00006060   2D 4D 02 72 AE 30 00 70 28 58 00 00 0A 2D 40 02  -M.r®0.p(X...-@.
00006070   72 BE 30 00 70 28 58 00 00 0A 2D 33 02 72 D4 30  r¾0.p(X...-3.rÔ0
00006080   00 70 28 58 00 00 0A 2D 26 02 72 F6 30 00 70 28  .p(X...-&.rö0.p(
00006090   58 00 00 0A 2D 19 02 72 14 31 00 70 28 58 00 00  X...-..r.1.p(X..
000060A0   0A 2D 0C 02 72 28 31 00 70 28 58 00 00 0A 2A 17  .-..r(1.p(X...*.
000060B0   2A D6 02 72 40 29 00 70 28 58 00 00 0A 2D 26 02  *Ö.r@).p(X...-&.
000060C0   72 80 29 00 70 28 58 00 00 0A 2D 19 02 72 3A 31  r).p(X...-..r:1
000060D0   00 70 28 58 00 00 0A 2D 0C 02 72 50 31 00 70 28  .p(X...-..rP1.p(
000060E0   58 00 00 0A 2A 17 2A 00 13 30 04 00 27 00 00 00  X...*.*..0..'...
000060F0   35 00 00 11 02 03 6F D8 00 00 0A 2C 15 02 25 0A  5.....oØ...,..%.
00006100   03 25 0B 06 07 6F D9 00 00 0A 17 58 6F DA 00 00  .%...oÙ....XoÚ..
00006110   0A 2A 02 03 17 6F DA 00 00 0A 2A 00 1B 30 02 00  .*...oÚ...*..0..
00006120   71 00 00 00 36 00 00 11 17 0A 03 6F DB 00 00 0A  q...6......oÛ...
00006130   0C 2B 4C 12 02 28 DC 00 00 0A 0B 06 2D 0C 02 72  .+L..(Ü.....-..r
00006140   D5 15 00 70 6F 7D 00 00 0A 26 02 72 F3 15 00 70  Õ..po}...&.ró..p
00006150   6F 7D 00 00 0A 12 01 28 DD 00 00 0A 28 D4 00 00  o}.....(Ý...(Ô..
00006160   06 6F 7D 00 00 0A 72 98 2E 00 70 6F 7D 00 00 0A  .o}...r..po}...
00006170   12 01 28 DE 00 00 0A 6F 8A 00 00 0A 26 16 0A 12  ..(Þ...o...&...
00006180   02 28 DF 00 00 0A 2D AB DE 0E 12 02 FE 16 17 00  .(ß...-«Þ...þ...
00006190   00 1B 6F 83 00 00 0A DC 2A 00 00 00 01 10 00 00  ..o...Ü*.......
000061A0   02 00 09 00 59 62 00 0E 00 00 00 00 C2 02 14 28  ....Yb......Â..(
000061B0   0F 00 00 0A 2C 25 02 6F 86 00 00 0A 72 5E 31 00  ....,%.o...r^1.
000061C0   70 28 58 00 00 0A 2D 11 02 6F 86 00 00 0A 72 86  p(X...-..o...r
000061D0   31 00 70 28 58 00 00 0A 2A 17 2A 16 2A 00 00 00  1.p(X...*.*.*...
000061E0   03 30 02 00 41 00 00 00 00 00 00 00 02 73 74 00  .0..A........st.
000061F0   00 0A 7D 37 00 00 04 02 73 D3 00 00 0A 7D 38 00  ..}7....sÓ...}8.
00006200   00 04 02 17 7D 3B 00 00 04 02 28 06 00 00 0A 02  ....};....(.....
00006210   03 7D 33 00 00 04 02 04 7D 34 00 00 04 02 05 7D  .}3.....}4.....}
00006220   35 00 00 04 02 0E 04 7D 36 00 00 04 2A 00 00 00  5......}6...*...
00006230   13 30 03 00 51 00 00 00 37 00 00 11 28 C3 00 00  .0..Q...7...(Ã..
00006240   0A 0A 17 0B 2B 2F 06 7B D4 00 00 0A 7B D5 00 00  ....+/.{Ô...{Õ..
00006250   0A 07 8F 21 00 00 01 71 21 00 00 01 0C 12 02 7B  ..!...q!......{
00006260   D6 00 00 0A 17 5F 2C 08 02 07 08 28 75 00 00 06  Ö...._,....(u...
00006270   07 17 58 D1 0B 07 06 7B D4 00 00 0A 7B D5 00 00  ..XÑ...{Ô...{Õ..
00006280   0A 8E 69 32 C1 02 06 28 77 00 00 06 2A 00 00 00  .i2Á..(w...*...
00006290   1B 30 03 00 58 01 00 00 38 00 00 11 73 74 00 00  .0..X...8...st..
000062A0   0A 0A 17 0B 02 7B 38 00 00 04 6F DB 00 00 0A 0D  .....{8...oÛ....
000062B0   2B 4C 12 03 28 DC 00 00 0A 0C 07 2D 0C 06 72 D5  +L..(Ü.....-..rÕ
000062C0   15 00 70 6F 7D 00 00 0A 26 06 72 F3 15 00 70 6F  ..po}...&.ró..po
000062D0   7D 00 00 0A 12 02 28 DD 00 00 0A 28 D4 00 00 06  }.....(Ý...(Ô...
000062E0   6F 7D 00 00 0A 72 98 2E 00 70 6F 7D 00 00 0A 12  o}...r..po}....
000062F0   02 28 DE 00 00 0A 6F 8A 00 00 0A 26 16 0B 12 03  .(Þ...o...&....
00006300   28 DF 00 00 0A 2D AB DE 0E 12 03 FE 16 17 00 00  (ß...-«Þ...þ....
00006310   1B 6F 83 00 00 0A DC 1F 11 8D 01 00 00 01 13 04  .o...Ü........
00006320   11 04 16 72 75 16 00 70 A2 11 04 17 02 7B 39 00  ...ru..p¢....{9.
00006330   00 04 8C 47 00 00 01 A2 11 04 18 72 F4 29 00 70  ..G...¢...rô).p
00006340   A2 11 04 19 02 7B 3A 00 00 04 8C 47 00 00 01 A2  ¢....{:...G...¢
00006350   11 04 1A 72 0E 2A 00 70 A2 11 04 1B 02 7B 33 00  ...r.*.p¢....{3.
00006360   00 04 8C 47 00 00 01 A2 11 04 1C 72 B2 31 00 70  ..G...¢...r²1.p
00006370   A2 11 04 1D 02 7B 34 00 00 04 8C 47 00 00 01 A2  ¢....{4...G...¢
00006380   11 04 1E 72 DC 31 00 70 A2 11 04 1F 09 02 7B 35  ...rÜ1.p¢.....{5
00006390   00 00 04 8C 47 00 00 01 A2 11 04 1F 0A 72 04 32  ...G...¢....r.2
000063A0   00 70 A2 11 04 1F 0B 02 7B 36 00 00 04 28 D5 00  .p¢.....{6...(Õ.
000063B0   00 06 A2 11 04 1F 0C 72 34 32 00 70 A2 11 04 1F  ..¢....r42.p¢...
000063C0   0D 06 6F 85 00 00 0A A2 11 04 1F 0E 72 4C 32 00  ..o...¢....rL2.
000063D0   70 A2 11 04 1F 0F 02 7B 37 00 00 04 6F 85 00 00  p¢.....{7...o..
000063E0   0A A2 11 04 1F 10 72 CF 16 00 70 A2 11 04 28 59  .¢....rÏ..p¢..(Y
000063F0   00 00 0A 2A 01 10 00 00 02 00 14 00 59 6D 00 0E  ...*........Ym..
00006400   00 00 00 00 1B 30 0B 00 75 01 00 00 39 00 00 11  .....0..u...9...
00006410   04 28 F9 00 00 06 0A 06 1A 5A 0B 16 0C 16 0D 16  .(ù......Z......
00006420   13 04 72 6C 32 00 70 13 05 73 D3 00 00 0A 13 06  ..rl2.p..sÓ.....
00006430   16 13 07 38 8F 00 00 00 16 13 08 2B 7C 0F 02 11  ...8......+|...
00006440   08 11 07 28 D7 00 00 0A 13 09 11 09 8C 30 00 00  ...(×.......0..
00006450   01 6F 85 00 00 0A 13 0A 11 06 11 0A 6F D8 00 00  .o.........oØ..
00006460   0A 2C 1C 11 06 25 13 0E 11 0A 25 13 0F 11 0E 11  .,...%....%.....
00006470   0F 6F D9 00 00 0A 17 58 6F DA 00 00 0A 2B 0A 11  .oÙ....XoÚ...+..
00006480   06 11 0A 17 6F DA 00 00 0A 11 09 2D 06 08 17 58  ....oÚ.....-...X
00006490   0C 2B 20 09 17 58 0D 11 06 11 0A 6F D9 00 00 0A  .+ ..X.....oÙ...
000064A0   11 04 31 0F 11 06 11 0A 6F D9 00 00 0A 13 04 11  ..1.....oÙ......
000064B0   0A 13 05 11 08 17 58 13 08 11 08 1A 3F 7C FF FF  ......X.....?|..
000064C0   FF 11 07 17 58 13 07 11 07 06 3F 69 FF FF FF 16  ....X.....?i....
000064D0   13 0B 11 06 6F DB 00 00 0A 13 10 2B 2C 12 10 28  ....oÛ.....+,..(
000064E0   DC 00 00 0A 13 0C 12 0C 28 DD 00 00 0A 72 6C 32  Ü.......(Ý...rl2
000064F0   00 70 28 ED 00 00 0A 2C 10 12 0C 28 DE 00 00 0A  .p(í...,...(Þ...
00006500   16 31 06 11 0B 17 58 13 0B 12 10 28 DF 00 00 0A  .1....X....(ß...
00006510   2D CB DE 0E 12 10 FE 16 17 00 00 1B 6F 83 00 00  -ËÞ...þ.....o..
00006520   0A DC 09 11 04 59 13 0D 11 0B 17 31 22 11 0D 02  .Ü...Y.....1"...
00006530   7B 34 00 00 04 32 18 02 03 04 72 7C 32 00 70 06  {4...2....r|2.p.
00006540   07 09 08 11 05 11 0D 11 06 28 76 00 00 06 2A 02  .........(v...*.
00006550   7B 36 00 00 04 2C 2D 11 0B 17 33 28 09 02 7B 34  {6...,-...3(..{4
00006560   00 00 04 32 1F 08 02 7B 35 00 00 04 32 16 02 03  ...2...{5...2...
00006570   04 72 9A 32 00 70 06 07 09 08 11 05 08 11 06 28  .r2.p.........(
00006580   76 00 00 06 2A 00 00 00 01 10 00 00 02 00 CB 00  v...*.........Ë.
00006590   39 04 01 0E 00 00 00 00 1B 30 04 00 76 02 00 00  9........0..v...
000065A0   3A 00 00 11 02 25 7B 39 00 00 04 17 58 7D 39 00  :....%{9....X}9.
000065B0   00 04 02 7B 38 00 00 04 05 6F D8 00 00 0A 2C 1B  ...{8....oØ...,.
000065C0   02 7B 38 00 00 04 25 0C 05 25 0D 08 09 6F D9 00  .{8...%..%...oÙ.
000065D0   00 0A 17 58 6F DA 00 00 0A 2B 0D 02 7B 38 00 00  ...XoÚ...+..{8..
000065E0   04 05 17 6F DA 00 00 0A 02 7B 3A 00 00 04 02 7B  ...oÚ....{:....{
000065F0   33 00 00 04 32 01 2A 02 7B 3B 00 00 04 2D 11 02  3...2.*.{;...-..
00006600   7B 37 00 00 04 72 D5 15 00 70 6F 7D 00 00 0A 26  {7...rÕ..po}...&
00006610   02 7B 37 00 00 04 72 44 2B 00 70 6F 7D 00 00 0A  .{7...rD+.po}...
00006620   05 6F 7D 00 00 0A 72 F3 15 00 70 6F 7D 00 00 0A  .o}...ró..po}...
00006630   26 02 7B 37 00 00 04 72 C0 32 00 70 6F 7D 00 00  &.{7...rÀ2.po}..
00006640   0A 03 6F F5 00 00 0A 26 02 7B 37 00 00 04 72 D8  ..oõ...&.{7...rØ
00006650   32 00 70 6F 7D 00 00 0A 0E 04 6F 8A 00 00 0A 26  2.po}.....o...&
00006660   02 7B 37 00 00 04 72 F2 32 00 70 6F 7D 00 00 0A  .{7...rò2.po}...
00006670   0E 05 6F 8A 00 00 0A 26 02 7B 37 00 00 04 72 DC  ..o...&.{7...rÜ
00006680   2A 00 70 6F 7D 00 00 0A 0E 06 6F 8A 00 00 0A 26  *.po}.....o...&
00006690   02 7B 37 00 00 04 72 0E 33 00 70 6F 7D 00 00 0A  .{7...r.3.po}...
000066A0   0E 07 6F 8A 00 00 0A 26 02 7B 37 00 00 04 72 30  ..o...&.{7...r0
000066B0   33 00 70 6F 7D 00 00 0A 0E 08 28 D4 00 00 06 6F  3.po}.....(Ô...o
000066C0   7D 00 00 0A 72 F3 15 00 70 6F 7D 00 00 0A 26 02  }...ró..po}...&.
000066D0   7B 37 00 00 04 72 54 33 00 70 6F 7D 00 00 0A 0E  {7...rT3.po}....
000066E0   09 6F 8A 00 00 0A 26 02 7B 37 00 00 04 72 7C 33  .o...&.{7...r|3
000066F0   00 70 6F 7D 00 00 0A 26 17 0A 0E 0A 6F DB 00 00  .po}...&....oÛ..
00006700   0A 13 04 2B 56 12 04 28 DC 00 00 0A 0B 06 2D 11  ...+V..(Ü.....-.
00006710   02 7B 37 00 00 04 72 D5 15 00 70 6F 7D 00 00 0A  .{7...rÕ..po}...
00006720   26 02 7B 37 00 00 04 72 F3 15 00 70 6F 7D 00 00  &.{7...ró..po}..
00006730   0A 12 01 28 DD 00 00 0A 28 D4 00 00 06 6F 7D 00  ...(Ý...(Ô...o}.
00006740   00 0A 72 98 2E 00 70 6F 7D 00 00 0A 12 01 28 DE  ..r..po}.....(Þ
00006750   00 00 0A 6F 8A 00 00 0A 26 16 0A 12 04 28 DF 00  ...o...&....(ß.
00006760   00 0A 2D A1 DE 0E 12 04 FE 16 17 00 00 1B 6F 83  ..-¡Þ...þ.....o
00006770   00 00 0A DC 02 7B 37 00 00 04 72 E5 06 00 70 6F  ...Ü.{7...rå..po
00006780   7D 00 00 0A 26 02 7B 37 00 00 04 72 74 2E 00 70  }...&.{7...rt..p
00006790   6F 7D 00 00 0A 0F 02 7C FD 00 00 0A 7B 34 00 00  o}.....|ý...{4..
000067A0   0A 28 D6 00 00 06 6F 7D 00 00 0A 26 02 7B 37 00  .(Ö...o}...&.{7.
000067B0   00 04 72 46 1F 00 70 6F 7D 00 00 0A 0F 02 7C FD  ..rF..po}.....|ý
000067C0   00 00 0A 7B 35 00 00 0A 28 D6 00 00 06 6F 7D 00  ...{5...(Ö...o}.
000067D0   00 0A 26 02 7B 37 00 00 04 72 52 1F 00 70 6F 7D  ..&.{7...rR..po}
000067E0   00 00 0A 0F 02 7C FD 00 00 0A 7B 9F 00 00 0A 28  .....|ý...{...(
000067F0   D6 00 00 06 6F 7D 00 00 0A 72 5E 1F 00 70 6F 7D  Ö...o}...r^..po}
00006800   00 00 0A 26 02 25 7B 3A 00 00 04 17 58 7D 3A 00  ...&.%{:....X}:.
00006810   00 04 02 16 7D 3B 00 00 04 2A 00 00 01 10 00 00  ....};...*......
00006820   02 00 5F 01 63 C2 01 0E 00 00 00 00 1B 30 04 00  .._.cÂ.......0..
00006830   27 01 00 00 3B 00 00 11 73 FE 00 00 0A 0A 17 0B  '...;...sþ......
00006840   2B 5E 03 7B D4 00 00 0A 7B D5 00 00 0A 07 8F 21  +^.{Ô...{Õ....!
00006850   00 00 01 71 21 00 00 01 0C 12 02 7B D6 00 00 0A  ...q!......{Ö...
00006860   17 5F 2C 37 12 02 7B FD 00 00 0A 22 00 00 A0 42  ._,7..{ý...".. B
00006870   28 79 00 00 06 0D 06 09 12 04 6F FF 00 00 0A 2D  (y........o....-
00006880   11 09 73 7A 00 00 06 13 04 06 09 11 04 6F 00 01  ..sz.........o..
00006890   00 0A 11 04 07 08 6F 7C 00 00 06 07 17 58 D1 0B  ......o|.....XÑ.
000068A0   07 03 7B D4 00 00 0A 7B D5 00 00 0A 8E 69 32 92  ..{Ô...{Õ...i2
000068B0   06 6F 01 01 00 0A 13 07 38 85 00 00 00 12 07 28  .o......8.....(
000068C0   02 01 00 0A 13 05 12 05 28 03 01 00 0A 13 06 11  ........(.......
000068D0   06 7B 43 00 00 04 17 31 25 11 06 7B 44 00 00 04  .{C....1%..{D...
000068E0   02 7B 34 00 00 04 32 16 02 11 06 72 9C 33 00 70  .{4...2....r3.p
000068F0   11 06 7B 44 00 00 04 28 78 00 00 06 2B 44 02 7B  ..{D...(x...+D.{
00006900   36 00 00 04 2C 3C 11 06 7B 43 00 00 04 17 33 32  6...,<..{C....32
00006910   11 06 7B 40 00 00 04 02 7B 34 00 00 04 32 23 11  ..{@....{4...2#.
00006920   06 7B 41 00 00 04 02 7B 35 00 00 04 32 14 02 11  .{A....{5...2...
00006930   06 72 BE 33 00 70 11 06 7B 41 00 00 04 28 78 00  .r¾3.p..{A...(x.
00006940   00 06 12 07 28 04 01 00 0A 3A 6F FF FF FF DE 0E  ....(....:o...Þ.
00006950   12 07 FE 16 1B 00 00 1B 6F 83 00 00 0A DC 2A 00  ..þ.....o...Ü*.
00006960   01 10 00 00 02 00 80 00 98 18 01 0E 00 00 00 00  ..............
00006970   1B 30 04 00 80 03 00 00 3A 00 00 11 02 25 7B 39  .0.....:....%{9
00006980   00 00 04 17 58 7D 39 00 00 04 02 7B 38 00 00 04  ....X}9....{8...
00006990   04 6F D8 00 00 0A 2C 1B 02 7B 38 00 00 04 25 0C  .oØ...,..{8...%.
000069A0   04 25 0D 08 09 6F D9 00 00 0A 17 58 6F DA 00 00  .%...oÙ....XoÚ..
000069B0   0A 2B 0D 02 7B 38 00 00 04 04 17 6F DA 00 00 0A  .+..{8.....oÚ...
000069C0   02 7B 3A 00 00 04 02 7B 33 00 00 04 32 01 2A 02  .{:....{3...2.*.
000069D0   7B 3B 00 00 04 2D 11 02 7B 37 00 00 04 72 D5 15  {;...-..{7...rÕ.
000069E0   00 70 6F 7D 00 00 0A 26 02 7B 37 00 00 04 72 44  .po}...&.{7...rD
000069F0   2B 00 70 6F 7D 00 00 0A 04 6F 7D 00 00 0A 72 F3  +.po}....o}...ró
00006A00   15 00 70 6F 7D 00 00 0A 26 02 7B 37 00 00 04 72  ..po}...&.{7...r
00006A10   E2 33 00 70 6F 7D 00 00 0A 03 7B 3C 00 00 04 28  â3.po}....{<...(
00006A20   D4 00 00 06 6F 7D 00 00 0A 72 F3 15 00 70 6F 7D  Ô...o}...ró..po}
00006A30   00 00 0A 26 02 7B 37 00 00 04 72 02 34 00 70 6F  ...&.{7...r.4.po
00006A40   7D 00 00 0A 03 7B 3E 00 00 04 6F 8A 00 00 0A 26  }....{>...o...&
00006A50   02 7B 37 00 00 04 72 F2 32 00 70 6F 7D 00 00 0A  .{7...rò2.po}...
00006A60   03 7B 3F 00 00 04 6F 8A 00 00 0A 26 02 7B 37 00  .{?...o...&.{7.
00006A70   00 04 72 DC 2A 00 70 6F 7D 00 00 0A 03 7B 40 00  ..rÜ*.po}....{@.
00006A80   00 04 6F 8A 00 00 0A 26 02 7B 37 00 00 04 72 0E  ..o...&.{7...r.
00006A90   33 00 70 6F 7D 00 00 0A 03 7B 41 00 00 04 6F 8A  3.po}....{A...o
00006AA0   00 00 0A 26 02 7B 37 00 00 04 72 30 33 00 70 6F  ...&.{7...r03.po
00006AB0   7D 00 00 0A 03 7B 45 00 00 04 28 D4 00 00 06 6F  }....{E...(Ô...o
00006AC0   7D 00 00 0A 72 F3 15 00 70 6F 7D 00 00 0A 26 02  }...ró..po}...&.
00006AD0   7B 37 00 00 04 72 20 34 00 70 6F 7D 00 00 0A 03  {7...r 4.po}....
00006AE0   7B 42 00 00 04 6F 8A 00 00 0A 26 02 7B 37 00 00  {B...o...&.{7..
00006AF0   04 72 44 34 00 70 6F 7D 00 00 0A 03 7B 44 00 00  .rD4.po}....{D..
00006B00   04 6F 8A 00 00 0A 26 02 7B 37 00 00 04 72 68 34  .o...&.{7...rh4
00006B10   00 70 6F 7D 00 00 0A 03 7B 43 00 00 04 6F 8A 00  .po}....{C...o.
00006B20   00 0A 26 02 7B 37 00 00 04 72 54 33 00 70 6F 7D  ..&.{7...rT3.po}
00006B30   00 00 0A 05 6F 8A 00 00 0A 26 02 7B 37 00 00 04  ....o...&.{7...
00006B40   72 7C 33 00 70 6F 7D 00 00 0A 26 17 0A 03 7B 3D  r|3.po}...&...{=
00006B50   00 00 04 6F DB 00 00 0A 13 04 2B 56 12 04 28 DC  ...oÛ.....+V..(Ü
00006B60   00 00 0A 0B 06 2D 11 02 7B 37 00 00 04 72 D5 15  .....-..{7...rÕ.
00006B70   00 70 6F 7D 00 00 0A 26 02 7B 37 00 00 04 72 F3  .po}...&.{7...ró
00006B80   15 00 70 6F 7D 00 00 0A 12 01 28 DD 00 00 0A 28  ..po}.....(Ý...(
00006B90   D4 00 00 06 6F 7D 00 00 0A 72 98 2E 00 70 6F 7D  Ô...o}...r..po}
00006BA0   00 00 0A 12 01 28 DE 00 00 0A 6F 8A 00 00 0A 26  .....(Þ...o...&
00006BB0   16 0A 12 04 28 DF 00 00 0A 2D A1 DE 0E 12 04 FE  ....(ß...-¡Þ...þ
00006BC0   16 17 00 00 1B 6F 83 00 00 0A DC 02 7B 37 00 00  .....o...Ü.{7..
00006BD0   04 72 E5 06 00 70 6F 7D 00 00 0A 26 02 7B 37 00  .rå..po}...&.{7.
00006BE0   00 04 72 74 2E 00 70 6F 7D 00 00 0A 03 6F 7B 00  ..rt..po}....o{.
00006BF0   00 06 7B 34 00 00 0A 28 D6 00 00 06 6F 7D 00 00  ..{4...(Ö...o}..
00006C00   0A 26 02 7B 37 00 00 04 72 46 1F 00 70 6F 7D 00  .&.{7...rF..po}.
00006C10   00 0A 03 6F 7B 00 00 06 7B 35 00 00 0A 28 D6 00  ...o{...{5...(Ö.
00006C20   00 06 6F 7D 00 00 0A 26 02 7B 37 00 00 04 72 52  ..o}...&.{7...rR
00006C30   1F 00 70 6F 7D 00 00 0A 03 6F 7B 00 00 06 7B 9F  ..po}....o{...{
00006C40   00 00 0A 28 D6 00 00 06 6F 7D 00 00 0A 72 E5 06  ...(Ö...o}...rå.
00006C50   00 70 6F 7D 00 00 0A 26 02 7B 37 00 00 04 72 8C  .po}...&.{7...r
00006C60   34 00 70 6F 7D 00 00 0A 03 7B 46 00 00 04 28 D6  4.po}....{F...(Ö
00006C70   00 00 06 6F 7D 00 00 0A 26 02 7B 37 00 00 04 72  ...o}...&.{7...r
00006C80   B2 34 00 70 6F 7D 00 00 0A 03 7B 47 00 00 04 28  ²4.po}....{G...(
00006C90   D6 00 00 06 6F 7D 00 00 0A 26 02 7B 37 00 00 04  Ö...o}...&.{7...
00006CA0   72 C4 34 00 70 6F 7D 00 00 0A 03 7B 48 00 00 04  rÄ4.po}....{H...
00006CB0   28 D6 00 00 06 6F 7D 00 00 0A 26 02 7B 37 00 00  (Ö...o}...&.{7..
00006CC0   04 72 D6 34 00 70 6F 7D 00 00 0A 03 7B 49 00 00  .rÖ4.po}....{I..
00006CD0   04 28 D6 00 00 06 6F 7D 00 00 0A 72 5E 1F 00 70  .(Ö...o}...r^..p
00006CE0   6F 7D 00 00 0A 26 02 25 7B 3A 00 00 04 17 58 7D  o}...&.%{:....X}
00006CF0   3A 00 00 04 02 16 7D 3B 00 00 04 2A 01 10 00 00  :.....};...*....
00006D00   02 00 DE 01 63 41 02 0E 00 00 00 00 13 30 03 00  ..Þ.cA.......0..
00006D10   47 00 00 00 3C 00 00 11 0F 00 7B 34 00 00 0A 03  G...<.....{4....
00006D20   22 00 00 00 3F 5A 58 03 5B 28 05 01 00 0A 0A 0F  "...?ZX.[(......
00006D30   00 7B 9F 00 00 0A 03 22 00 00 00 3F 5A 58 03 5B  .{...."...?ZX.[
00006D40   28 05 01 00 0A 0B 12 00 28 5B 00 00 0A 72 E8 34  (.......([...rè4
00006D50   00 70 12 01 28 5B 00 00 0A 28 56 00 00 0A 2A 00  .p..([...(V...*.
00006D60   03 30 02 00 5B 00 00 00 00 00 00 00 02 73 D3 00  .0..[........sÓ.
00006D70   00 0A 7D 3D 00 00 04 02 72 6C 32 00 70 7D 45 00  ..}=....rl2.p}E.
00006D80   00 04 02 22 FF FF 7F 7F 7D 46 00 00 04 02 22 FF  ..."..}F....".
00006D90   FF 7F FF 7D 47 00 00 04 02 22 FF FF 7F 7F 7D 48  ..}G...."..}H
00006DA0   00 00 04 02 22 FF FF 7F FF 7D 49 00 00 04 02 28  ...."...}I....(
00006DB0   06 01 00 0A 7D 4A 00 00 04 02 28 06 00 00 0A 02  ....}J....(.....
00006DC0   03 7D 3C 00 00 04 2A 86 02 7B 3E 00 00 04 2C 13  .}<...*.{>...,.
00006DD0   02 7B 4A 00 00 04 02 7B 3E 00 00 04 6B 28 07 01  .{J....{>...k(..
00006DE0   00 0A 2A 28 06 01 00 0A 2A 00 00 00 13 30 04 00  ..*(....*....0..
00006DF0   4F 01 00 00 3D 00 00 11 02 25 7B 3E 00 00 04 17  O...=....%{>....
00006E00   58 7D 3E 00 00 04 02 25 7B 4A 00 00 04 0F 02 7B  X}>....%{J.....{
00006E10   FD 00 00 0A 28 37 00 00 0A 7D 4A 00 00 04 02 02  ý...(7...}J.....
00006E20   7B 46 00 00 04 0F 02 7C FD 00 00 0A 7B 34 00 00  {F.....|ý...{4..
00006E30   0A 28 08 01 00 0A 7D 46 00 00 04 02 02 7B 47 00  .(....}F.....{G.
00006E40   00 04 0F 02 7C FD 00 00 0A 7B 34 00 00 0A 28 3A  ....|ý...{4...(:
00006E50   00 00 0A 7D 47 00 00 04 02 02 7B 48 00 00 04 0F  ...}G.....{H....
00006E60   02 7C FD 00 00 0A 7B 9F 00 00 0A 28 08 01 00 0A  .|ý...{...(....
00006E70   7D 48 00 00 04 02 02 7B 49 00 00 04 0F 02 7C FD  }H.....{I.....|ý
00006E80   00 00 0A 7B 9F 00 00 0A 28 3A 00 00 0A 7D 49 00  ...{...(:...}I.
00006E90   00 04 04 28 F9 00 00 06 0A 16 0B 38 99 00 00 00  ...(ù......8...
00006EA0   16 0C 38 87 00 00 00 0F 02 08 07 28 D7 00 00 0A  ..8.......(×...
00006EB0   0D 09 8C 30 00 00 01 6F 85 00 00 0A 13 04 02 7B  ..0...o......{
00006EC0   3D 00 00 04 11 04 6F D8 00 00 0A 2C 20 02 7B 3D  =.....oØ..., .{=
00006ED0   00 00 04 25 13 05 11 04 25 13 06 11 05 11 06 6F  ...%....%......o
00006EE0   D9 00 00 0A 17 58 6F DA 00 00 0A 2B 0E 02 7B 3D  Ù....XoÚ...+..{=
00006EF0   00 00 04 11 04 17 6F DA 00 00 0A 02 25 7B 3F 00  ......oÚ....%{?.
00006F00   00 04 17 58 7D 3F 00 00 04 09 2D 10 02 25 7B 41  ...X}?....-..%{A
00006F10   00 00 04 17 58 7D 41 00 00 04 2B 0E 02 25 7B 40  ....X}A...+..%{@
00006F20   00 00 04 17 58 7D 40 00 00 04 08 17 58 0C 08 1A  ....X}@.....X...
00006F30   3F 72 FF FF FF 07 17 58 0B 07 06 3F 60 FF FF FF  ?r.....X...?`...
00006F40   02 28 7D 00 00 06 2A 00 1B 30 03 00 A6 00 00 00  .(}...*..0..¦...
00006F50   3E 00 00 11 02 16 7D 42 00 00 04 02 72 6C 32 00  >.....}B....rl2.
00006F60   70 7D 45 00 00 04 02 16 7D 43 00 00 04 02 7B 3D  p}E.....}C....{=
00006F70   00 00 04 6F DB 00 00 0A 0B 2B 52 12 01 28 DC 00  ...oÛ....+R..(Ü.
00006F80   00 0A 0A 12 00 28 DD 00 00 0A 72 6C 32 00 70 28  .....(Ý...rl2.p(
00006F90   58 00 00 0A 2D 37 02 25 7B 43 00 00 04 17 58 7D  X...-7.%{C....X}
00006FA0   43 00 00 04 12 00 28 DE 00 00 0A 02 7B 42 00 00  C.....(Þ....{B..
00006FB0   04 31 1A 02 12 00 28 DE 00 00 0A 7D 42 00 00 04  .1....(Þ...}B...
00006FC0   02 12 00 28 DD 00 00 0A 7D 45 00 00 04 12 01 28  ...(Ý...}E.....(
00006FD0   DF 00 00 0A 2D A5 DE 0E 12 01 FE 16 17 00 00 1B  ß...-¥Þ...þ.....
00006FE0   6F 83 00 00 0A DC 02 02 7B 40 00 00 04 02 7B 42  o...Ü..{@....{B
00006FF0   00 00 04 59 7D 44 00 00 04 2A 00 00 01 10 00 00  ...Y}D...*......
00007000   02 00 25 00 5F 84 00 0E 00 00 00 00 82 02 73 74  ..%._.......st
00007010   00 00 0A 7D 4C 00 00 04 02 17 7D 4F 00 00 04 02  ...}L.....}O....
00007020   28 06 00 00 0A 02 03 7D 4B 00 00 04 2A 00 00 00  (......}K...*...
00007030   13 30 05 00 42 01 00 00 3F 00 00 11 28 92 00 00  .0..B...?...(..
00007040   0A 0A 28 A5 00 00 0A 0B 17 0C 38 1B 01 00 00 06  ..(¥......8.....
00007050   7B 9A 00 00 0A 7B 9B 00 00 0A 08 8F 17 00 00 01  {...{........
00007060   71 17 00 00 01 0D 12 03 7B 9C 00 00 0A 17 5F 39  q.......{...._9
00007070   F1 00 00 00 12 03 28 9D 00 00 0A 13 04 11 04 14  ñ.....(........
00007080   28 08 00 00 0A 3A DB 00 00 00 11 04 7B 97 00 00  (....:Û.....{..
00007090   0A 14 28 08 00 00 0A 3A C9 00 00 00 11 04 28 71  ..(....:É.....(q
000070A0   00 00 06 3A BD 00 00 00 11 04 7B 97 00 00 0A 7B  ...:½.....{...{
000070B0   98 00 00 0A 8C 1C 00 00 01 6F 85 00 00 0A 28 6D  .......o...(m
000070C0   00 00 06 39 9D 00 00 00 17 13 05 38 81 00 00 00  ...9......8...
000070D0   07 7B A6 00 00 0A 7B A7 00 00 0A 11 05 8F 24 00  .{¦...{§.....$.
000070E0   00 01 71 24 00 00 01 13 06 11 06 28 86 00 00 06  ..q$.......(...
000070F0   2C 58 07 7B A9 00 00 0A 7B AA 00 00 0A 12 06 7B  ,X.{©...{ª.....{
00007100   F7 00 00 0A 8F 28 00 00 01 7B F9 00 00 0A 13 07  ÷...(...{ù.....
00007110   07 7B A9 00 00 0A 7B AA 00 00 0A 12 06 7B F8 00  .{©...{ª.....{ø.
00007120   00 0A 8F 28 00 00 01 7B F9 00 00 0A 13 08 09 11  ..(...{ù.......
00007130   04 11 07 11 08 28 82 00 00 06 2C 0E 02 08 09 11  .....(...,.....
00007140   04 11 05 28 81 00 00 06 2B 1B 11 05 17 58 D1 13  ...(...+....XÑ.
00007150   05 11 05 07 7B A6 00 00 0A 7B A7 00 00 0A 8E 69  ....{¦...{§...i
00007160   3F 6B FF FF FF 08 17 58 D1 0C 08 06 7B 9A 00 00  ?k.....XÑ...{..
00007170   0A 7B 9B 00 00 0A 8E 69 3F D2 FE FF FF 2A 00 00  .{...i?Òþ..*..
00007180   13 30 03 00 87 00 00 00 40 00 00 11 1F 0B 8D 01  .0.....@......
00007190   00 00 01 0A 06 16 72 75 16 00 70 A2 06 17 02 7B  ......ru..p¢...{
000071A0   4D 00 00 04 8C 47 00 00 01 A2 06 18 72 F4 29 00  M...G...¢..rô).
000071B0   70 A2 06 19 02 7B 4E 00 00 04 8C 47 00 00 01 A2  p¢...{N...G...¢
000071C0   06 1A 72 0E 2A 00 70 A2 06 1B 02 7B 4B 00 00 04  ..r.*.p¢...{K...
000071D0   8C 47 00 00 01 A2 06 1C 72 EC 34 00 70 A2 06 1D  G...¢..rì4.p¢..
000071E0   02 7B 4D 00 00 04 8C 47 00 00 01 A2 06 1E 72 4C  .{M...G...¢..rL
000071F0   32 00 70 A2 06 1F 09 02 7B 4C 00 00 04 6F 85 00  2.p¢....{L...o.
00007200   00 0A A2 06 1F 0A 72 CF 16 00 70 A2 06 28 59 00  ..¢...rÏ..p¢.(Y.
00007210   00 0A 2A 00 13 30 03 00 94 01 00 00 41 00 00 11  ..*..0.....A...
00007220   02 25 7B 4D 00 00 04 17 58 7D 4D 00 00 04 02 7B  .%{M....X}M....{
00007230   4E 00 00 04 02 7B 4B 00 00 04 32 01 2A 02 7B 4F  N....{K...2.*.{O
00007240   00 00 04 2D 11 02 7B 4C 00 00 04 72 D5 15 00 70  ...-..{L...rÕ..p
00007250   6F 7D 00 00 0A 26 0F 02 7B F4 00 00 0A 0A 02 7B  o}...&..{ô.....{
00007260   4C 00 00 04 72 30 35 00 70 6F 7D 00 00 0A 26 02  L...r05.po}...&.
00007270   7B 4C 00 00 04 72 6C 35 00 70 6F 7D 00 00 0A 03  {L...rl5.po}....
00007280   6F F5 00 00 0A 26 02 7B 4C 00 00 04 72 8A 35 00  oõ...&.{L...r5.
00007290   70 6F 7D 00 00 0A 0E 04 6F F5 00 00 0A 26 02 7B  po}.....oõ...&.{
000072A0   4C 00 00 04 72 00 20 00 70 6F 7D 00 00 0A 05 6F  L...r. .po}....o
000072B0   86 00 00 0A 28 D4 00 00 06 6F 7D 00 00 0A 72 F3  ...(Ô...o}...ró
000072C0   15 00 70 6F 7D 00 00 0A 26 02 7B 4C 00 00 04 72  ..po}...&.{L...r
000072D0   28 2D 00 70 6F 7D 00 00 0A 05 6F EC 00 00 0A 28  (-.po}....oì...(
000072E0   D4 00 00 06 6F 7D 00 00 0A 72 F3 15 00 70 6F 7D  Ô...o}...ró..po}
000072F0   00 00 0A 26 02 7B 4C 00 00 04 72 7A 2D 00 70 6F  ...&.{L...rz-.po
00007300   7D 00 00 0A 05 7B 97 00 00 0A 7B 98 00 00 0A 8C  }....{...{...
00007310   1C 00 00 01 6F 85 00 00 0A 28 D4 00 00 06 6F 7D  ....o...(Ô...o}
00007320   00 00 0A 72 F3 15 00 70 6F 7D 00 00 0A 26 02 7B  ...ró..po}...&.{
00007330   4C 00 00 04 72 74 2E 00 70 6F 7D 00 00 0A 12 00  L...rt..po}.....
00007340   7B 34 00 00 0A 28 D6 00 00 06 6F 7D 00 00 0A 26  {4...(Ö...o}...&
00007350   02 7B 4C 00 00 04 72 46 1F 00 70 6F 7D 00 00 0A  .{L...rF..po}...
00007360   12 00 7B 35 00 00 0A 28 D6 00 00 06 6F 7D 00 00  ..{5...(Ö...o}..
00007370   0A 26 02 7B 4C 00 00 04 72 52 1F 00 70 6F 7D 00  .&.{L...rR..po}.
00007380   00 0A 12 00 7B 9F 00 00 0A 28 D6 00 00 06 6F 7D  ....{...(Ö...o}
00007390   00 00 0A 72 5E 1F 00 70 6F 7D 00 00 0A 26 02 25  ...r^..po}...&.%
000073A0   7B 4E 00 00 04 17 58 7D 4E 00 00 04 02 16 7D 4F  {N....X}N.....}O
000073B0   00 00 04 2A 13 30 06 00 5A 00 00 00 42 00 00 11  ...*.0..Z...B...
000073C0   22 00 00 80 3F 03 6F F1 00 00 0A 6B 22 00 00 80  "..?.oñ...k"..
000073D0   40 5A 22 00 00 C0 3F 59 28 3A 00 00 0A 0A 22 00  @Z"..À?Y(:....".
000073E0   00 80 3F 03 6F 94 00 00 0A 6B 22 00 00 80 40 5A  .?.o...k"..@Z
000073F0   22 00 00 C0 3F 59 28 3A 00 00 0A 0B 02 04 28 83  "..À?Y(:......(
00007400   00 00 06 0C 02 05 28 83 00 00 06 0D 08 09 06 65  ......(.......e
00007410   06 07 65 07 28 84 00 00 06 2A 00 00 13 30 04 00  ..e.(...*...0..
00007420   5A 00 00 00 43 00 00 11 0F 01 7B 34 00 00 0A 0F  Z...C.....{4....
00007430   00 7C F4 00 00 0A 7B 34 00 00 0A 59 0A 0F 01 7B  .|ô...{4...Y...{
00007440   9F 00 00 0A 0F 00 7C F4 00 00 0A 7B 9F 00 00 0A  .....|ô...{...
00007450   59 0B 0F 00 7B 9E 00 00 0A 65 28 09 01 00 0A 0C  Y...{...e(.....
00007460   0F 00 7B 9E 00 00 0A 65 28 0A 01 00 0A 0D 06 08  ..{...e(.......
00007470   5A 07 09 5A 59 06 09 5A 07 08 5A 58 73 0B 01 00  Z..ZY..Z..ZXs...
00007480   0A 2A 00 00 13 30 04 00 85 00 00 00 43 00 00 11  .*...0.....C...
00007490   22 00 00 00 00 0A 22 00 00 80 3F 0B 0F 01 7B 0C  "....."..?...{.
000074A0   01 00 0A 0F 00 7B 0C 01 00 0A 59 0C 0F 01 7B 0D  .....{....Y...{.
000074B0   01 00 0A 0F 00 7B 0D 01 00 0A 59 0D 08 65 0F 00  .....{....Y..e..
000074C0   7B 0C 01 00 0A 04 59 12 00 12 01 28 85 00 00 06  {.....Y....(...
000074D0   2C 41 08 05 0F 00 7B 0C 01 00 0A 59 12 00 12 01  ,A....{....Y....
000074E0   28 85 00 00 06 2C 2C 09 65 0F 00 7B 0D 01 00 0A  (...,,.e..{....
000074F0   0E 04 59 12 00 12 01 28 85 00 00 06 2C 15 09 0E  ..Y....(...,...
00007500   05 0F 00 7B 0D 01 00 0A 59 12 00 12 01 28 85 00  ...{....Y....(.
00007510   00 06 2A 16 2A 00 00 00 13 30 02 00 47 00 00 00  ..*.*....0..G...
00007520   44 00 00 11 02 28 0E 01 00 0A 22 17 B7 D1 38 34  D....(....".·Ñ84
00007530   0C 03 22 00 00 00 00 FE 05 16 FE 01 2A 03 02 5B  .."....þ..þ.*..[
00007540   0A 02 22 00 00 00 00 34 11 06 05 4E 36 02 16 2A  .."....4...N6..*
00007550   06 04 4E 36 14 04 06 56 2B 0F 06 04 4E 34 02 16  ..N6...V+...N4..
00007560   2A 06 05 4E 34 03 05 06 56 17 2A 00 03 30 02 00  *..N4...V.*..0..
00007570   46 00 00 00 00 00 00 00 0F 00 7B A8 00 00 0A 17  F.........{¨....
00007580   5F 2C 39 0F 00 28 F6 00 00 0A 14 28 0F 00 00 0A  _,9..(ö....(....
00007590   2C 2A 0F 00 28 F6 00 00 0A 7B EB 00 00 0A 14 28  ,*..(ö...{ë....(
000075A0   0F 00 00 0A 2C 16 0F 00 28 F6 00 00 0A 7B EB 00  ....,...(ö...{ë.
000075B0   00 0A 7B 98 00 00 0A 1F 09 FE 01 2A 16 2A 00 00  ..{.....þ.*.*..
000075C0   03 30 02 00 4C 00 00 00 00 00 00 00 02 73 74 00  .0..L........st.
000075D0   00 0A 7D 5E 00 00 04 02 73 74 00 00 0A 7D 5F 00  ..}^....st...}_.
000075E0   00 04 02 73 D3 00 00 0A 7D 60 00 00 04 02 17 7D  ...sÓ...}`.....}
000075F0   63 00 00 04 02 28 06 00 00 0A 02 03 7D 5A 00 00  c....(......}Z..
00007600   04 02 04 7D 5B 00 00 04 02 05 7D 5C 00 00 04 02  ...}[.....}\....
00007610   0E 04 7D 5D 00 00 04 2A 13 30 08 00 9F 01 00 00  ..}]...*.0.....
00007620   45 00 00 11 28 A5 00 00 0A 0A 17 0B 38 AF 00 00  E...(¥......8¯..
00007630   00 06 7B A6 00 00 0A 7B A7 00 00 0A 07 8F 24 00  ..{¦...{§....$.
00007640   00 01 71 24 00 00 01 0C 08 28 B1 00 00 06 39 88  ..q$.....(±...9
00007650   00 00 00 06 7B A9 00 00 0A 7B AA 00 00 0A 12 02  ....{©...{ª.....
00007660   7B F7 00 00 0A 8F 28 00 00 01 7B F9 00 00 0A 0D  {÷...(...{ù....
00007670   06 7B A9 00 00 0A 7B AA 00 00 0A 12 02 7B F8 00  .{©...{ª.....{ø.
00007680   00 0A 8F 28 00 00 01 7B F9 00 00 0A 13 04 09 11  ..(...{ù.......
00007690   04 28 AA 00 00 06 13 05 06 12 02 7B F7 00 00 0A  .(ª........{÷...
000076A0   28 AB 00 00 06 13 06 06 12 02 7B F8 00 00 0A 28  («........{ø...(
000076B0   AB 00 00 06 13 07 11 05 02 7B 5C 00 00 04 35 1B  «........{\...5.
000076C0   11 06 17 31 05 11 07 17 30 11 02 07 08 09 11 04  ...1....0.......
000076D0   11 05 11 06 11 07 28 8A 00 00 06 07 17 58 D1 0B  ......(.....XÑ.
000076E0   07 06 7B A6 00 00 0A 7B A7 00 00 0A 8E 69 3F 3E  ..{¦...{§...i?>
000076F0   FF FF FF 02 06 28 95 00 00 06 02 06 28 9C 00 00  .....(.....(..
00007700   06 17 13 08 38 A5 00 00 00 06 7B A9 00 00 0A 7B  ....8¥....{©...{
00007710   AA 00 00 0A 11 08 8F 28 00 00 01 71 28 00 00 01  ª.....(...q(...
00007720   13 09 12 09 7B AB 00 00 0A 17 5F 2C 7A 12 09 28  ....{«...._,z..(
00007730   0F 01 00 0A 28 B2 00 00 06 2C 6C 06 11 08 28 AB  ....(²...,l...(«
00007740   00 00 06 13 0A 11 0A 17 33 5D 06 11 08 28 AC 00  ........3]...(¬.
00007750   00 06 13 0B 06 11 08 12 09 7B F9 00 00 0A 11 0B  .........{ù.....
00007760   12 0C 12 0D 28 A5 00 00 06 11 0C 2C 21 11 0D 02  ....(¥.....,!...
00007770   7B 5B 00 00 04 35 17 02 11 08 11 0B 11 0C 12 09  {[...5..........
00007780   7B F9 00 00 0A 11 0D 28 8B 00 00 06 2B 19 02 7B  {ù.....(...+..{
00007790   5D 00 00 04 2C 11 02 11 08 11 0B 12 09 7B F9 00  ]...,........{ù.
000077A0   00 0A 28 8C 00 00 06 11 08 17 58 D1 13 08 11 08  ..(......XÑ....
000077B0   06 7B A9 00 00 0A 7B AA 00 00 0A 8E 69 3F 47 FF  .{©...{ª...i?G.
000077C0   FF FF 2A 00 1B 30 03 00 4E 01 00 00 46 00 00 11  ..*..0..N...F...
000077D0   17 0A 02 7B 60 00 00 04 6F DB 00 00 0A 0C 2B 56  ...{`...oÛ....+V
000077E0   12 02 28 DC 00 00 0A 0B 06 2D 11 02 7B 5F 00 00  ..(Ü.....-..{_..
000077F0   04 72 D5 15 00 70 6F 7D 00 00 0A 26 02 7B 5F 00  .rÕ..po}...&.{_.
00007800   00 04 72 F3 15 00 70 6F 7D 00 00 0A 12 01 28 DD  ..ró..po}.....(Ý
00007810   00 00 0A 28 D4 00 00 06 6F 7D 00 00 0A 72 98 2E  ...(Ô...o}...r.
00007820   00 70 6F 7D 00 00 0A 12 01 28 DE 00 00 0A 6F 8A  .po}.....(Þ...o
00007830   00 00 0A 26 16 0A 12 02 28 DF 00 00 0A 2D A1 DE  ...&....(ß...-¡Þ
00007840   0E 12 02 FE 16 17 00 00 1B 6F 83 00 00 0A DC 1F  ...þ.....o...Ü.
00007850   11 8D 01 00 00 01 0D 09 16 72 75 16 00 70 A2 09  ........ru..p¢.
00007860   17 02 7B 61 00 00 04 8C 47 00 00 01 A2 09 18 72  ..{a...G...¢..r
00007870   F4 29 00 70 A2 09 19 02 7B 62 00 00 04 8C 47 00  ô).p¢...{b...G.
00007880   00 01 A2 09 1A 72 0E 2A 00 70 A2 09 1B 02 7B 5A  ..¢..r.*.p¢...{Z
00007890   00 00 04 8C 47 00 00 01 A2 09 1C 72 A6 35 00 70  ...G...¢..r¦5.p
000078A0   A2 09 1D 02 7B 5B 00 00 04 28 D6 00 00 06 A2 09  ¢...{[...(Ö...¢.
000078B0   1E 72 D0 35 00 70 A2 09 1F 09 02 7B 5C 00 00 04  .rÐ5.p¢....{\...
000078C0   28 D6 00 00 06 A2 09 1F 0A 72 FE 35 00 70 A2 09  (Ö...¢...rþ5.p¢.
000078D0   1F 0B 02 7B 5D 00 00 04 28 D5 00 00 06 A2 09 1F  ...{]...(Õ...¢..
000078E0   0C 72 34 32 00 70 A2 09 1F 0D 02 7B 5F 00 00 04  .r42.p¢....{_...
000078F0   6F 85 00 00 0A A2 09 1F 0E 72 4C 32 00 70 A2 09  o...¢...rL2.p¢.
00007900   1F 0F 02 7B 5E 00 00 04 6F 85 00 00 0A A2 09 1F  ...{^...o...¢..
00007910   10 72 CF 16 00 70 A2 09 28 59 00 00 0A 2A 00 00  .rÏ..p¢.(Y...*..
00007920   01 10 00 00 02 00 0E 00 63 71 00 0E 00 00 00 00  ........cq......
00007930   03 30 03 00 D0 00 00 00 00 00 00 00 02 72 26 36  .0..Ð........r&6
00007940   00 70 28 92 00 00 06 39 BF 00 00 00 02 7B 5E 00  .p(...9¿....{^.
00007950   00 04 72 8A 35 00 70 6F 7D 00 00 0A 03 6F F5 00  ..r5.po}....oõ.
00007960   00 0A 26 02 7B 5E 00 00 04 72 00 20 00 70 6F 7D  ..&.{^...r. .po}
00007970   00 00 0A 0F 02 28 F6 00 00 0A 6F 86 00 00 0A 28  .....(ö...o...(
00007980   D4 00 00 06 6F 7D 00 00 0A 72 F3 15 00 70 6F 7D  Ô...o}...ró..po}
00007990   00 00 0A 26 02 7B 5E 00 00 04 72 DA 2D 00 70 6F  ...&.{^...rÚ-.po
000079A0   7D 00 00 0A 0E 05 28 D6 00 00 06 6F 7D 00 00 0A  }.....(Ö...o}...
000079B0   26 02 7B 5E 00 00 04 72 42 36 00 70 6F 7D 00 00  &.{^...rB6.po}..
000079C0   0A 0E 06 6F 8A 00 00 0A 26 02 7B 5E 00 00 04 72  ...o...&.{^...r
000079D0   6C 36 00 70 6F 7D 00 00 0A 0E 07 6F 8A 00 00 0A  l6.po}.....o...
000079E0   26 02 72 92 36 00 70 05 28 93 00 00 06 02 72 9E  &.r6.p.(....r
000079F0   36 00 70 0E 04 28 93 00 00 06 02 7B 5E 00 00 04  6.p..(....{^...
00007A00   72 E5 06 00 70 6F 7D 00 00 0A 26 2A 03 30 03 00  rå..po}...&*.0..
00007A10   91 00 00 00 00 00 00 00 02 72 A6 36 00 70 28 92  ........r¦6.p(
00007A20   00 00 06 39 80 00 00 00 02 7B 5E 00 00 04 72 C6  ...9....{^...rÆ
00007A30   36 00 70 6F 7D 00 00 0A 03 6F F5 00 00 0A 26 02  6.po}....oõ...&.
00007A40   7B 5E 00 00 04 72 DC 36 00 70 6F 7D 00 00 0A 04  {^...rÜ6.po}....
00007A50   6F F5 00 00 0A 26 02 7B 5E 00 00 04 72 FE 36 00  oõ...&.{^...rþ6.
00007A60   70 6F 7D 00 00 0A 05 6F F5 00 00 0A 26 02 7B 5E  po}....oõ...&.{^
00007A70   00 00 04 72 28 37 00 70 6F 7D 00 00 0A 0E 05 28  ...r(7.po}.....(
00007A80   D6 00 00 06 6F 7D 00 00 0A 26 02 72 8D 19 00 70  Ö...o}...&.r..p
00007A90   0E 04 28 93 00 00 06 02 7B 5E 00 00 04 72 E5 06  ..(....{^...rå.
00007AA0   00 70 6F 7D 00 00 0A 26 2A 00 00 00 03 30 03 00  .po}...&*....0..
00007AB0   59 00 00 00 00 00 00 00 02 72 42 37 00 70 28 92  Y........rB7.p(
00007AC0   00 00 06 2C 4B 02 7B 5E 00 00 04 72 C6 36 00 70  ...,K.{^...rÆ6.p
00007AD0   6F 7D 00 00 0A 03 6F F5 00 00 0A 26 02 7B 5E 00  o}....oõ...&.{^.
00007AE0   00 04 72 DC 36 00 70 6F 7D 00 00 0A 04 6F F5 00  ..rÜ6.po}....oõ.
00007AF0   00 0A 26 02 72 8D 19 00 70 05 28 93 00 00 06 02  ..&.r..p.(....
00007B00   7B 5E 00 00 04 72 E5 06 00 70 6F 7D 00 00 0A 26  {^...rå..po}...&
00007B10   2A 00 00 00 03 30 03 00 05 01 00 00 00 00 00 00  *....0..........
00007B20   02 72 5A 37 00 70 28 92 00 00 06 39 F4 00 00 00  .rZ7.p(...9ô...
00007B30   02 7B 5E 00 00 04 72 8A 37 00 70 6F 7D 00 00 0A  .{^...r7.po}...
00007B40   03 6F F5 00 00 0A 26 02 7B 5E 00 00 04 72 A8 37  .oõ...&.{^...r¨7
00007B50   00 70 6F 7D 00 00 0A 04 6F F5 00 00 0A 26 02 7B  .po}....oõ...&.{
00007B60   5E 00 00 04 72 C6 37 00 70 6F 7D 00 00 0A 0F 03  ^...rÆ7.po}.....
00007B70   28 F6 00 00 0A 6F 86 00 00 0A 28 D4 00 00 06 6F  (ö...o...(Ô...o
00007B80   7D 00 00 0A 72 F3 15 00 70 6F 7D 00 00 0A 26 02  }...ró..po}...&.
00007B90   7B 5E 00 00 04 72 E0 37 00 70 6F 7D 00 00 0A 0F  {^...rà7.po}....
00007BA0   04 28 F6 00 00 0A 6F 86 00 00 0A 28 D4 00 00 06  .(ö...o...(Ô...
00007BB0   6F 7D 00 00 0A 72 F3 15 00 70 6F 7D 00 00 0A 26  o}...ró..po}...&
00007BC0   02 7B 5E 00 00 04 72 28 37 00 70 6F 7D 00 00 0A  .{^...r(7.po}...
00007BD0   0E 05 28 D6 00 00 06 6F 7D 00 00 0A 26 02 7B 5E  ..(Ö...o}...&.{^
00007BE0   00 00 04 72 FA 37 00 70 6F 7D 00 00 0A 0E 06 28  ...rú7.po}.....(
00007BF0   D6 00 00 06 6F 7D 00 00 0A 26 02 72 1E 38 00 70  Ö...o}...&.r.8.p
00007C00   05 28 94 00 00 06 02 72 30 38 00 70 0E 04 28 94  .(....r08.p..(
00007C10   00 00 06 02 7B 5E 00 00 04 72 E5 06 00 70 6F 7D  ....{^...rå..po}
00007C20   00 00 0A 26 2A 00 00 00 03 30 03 00 F5 00 00 00  ...&*....0..õ...
00007C30   00 00 00 00 02 72 42 38 00 70 28 92 00 00 06 39  .....rB8.p(...9
00007C40   E4 00 00 00 02 7B 5E 00 00 04 72 8A 37 00 70 6F  ä....{^...r7.po
00007C50   7D 00 00 0A 03 6F F5 00 00 0A 26 02 7B 5E 00 00  }....oõ...&.{^..
00007C60   04 72 A8 37 00 70 6F 7D 00 00 0A 04 6F F5 00 00  .r¨7.po}....oõ..
00007C70   0A 26 02 7B 5E 00 00 04 72 C6 37 00 70 6F 7D 00  .&.{^...rÆ7.po}.
00007C80   00 0A 0F 03 28 F6 00 00 0A 6F 86 00 00 0A 28 D4  ....(ö...o...(Ô
00007C90   00 00 06 6F 7D 00 00 0A 72 F3 15 00 70 6F 7D 00  ...o}...ró..po}.
00007CA0   00 0A 26 02 7B 5E 00 00 04 72 E0 37 00 70 6F 7D  ..&.{^...rà7.po}
00007CB0   00 00 0A 0F 04 28 F6 00 00 0A 6F 86 00 00 0A 28  .....(ö...o...(
00007CC0   D4 00 00 06 6F 7D 00 00 0A 72 F3 15 00 70 6F 7D  Ô...o}...ró..po}
00007CD0   00 00 0A 26 02 7B 5E 00 00 04 72 72 38 00 70 6F  ...&.{^...rr8.po
00007CE0   7D 00 00 0A 0E 06 28 D6 00 00 06 6F 7D 00 00 0A  }.....(Ö...o}...
00007CF0   26 02 72 8D 19 00 70 0E 05 28 93 00 00 06 02 72  &.r..p..(....r
00007D00   1E 38 00 70 05 28 94 00 00 06 02 72 30 38 00 70  .8.p.(....r08.p
00007D10   0E 04 28 94 00 00 06 02 7B 5E 00 00 04 72 E5 06  ..(....{^...rå.
00007D20   00 70 6F 7D 00 00 0A 26 2A 00 00 00 03 30 03 00  .po}...&*....0..
00007D30   CB 00 00 00 00 00 00 00 02 72 9C 38 00 70 28 92  Ë........r8.p(
00007D40   00 00 06 39 BA 00 00 00 02 7B 5E 00 00 04 72 8A  ...9º....{^...r
00007D50   37 00 70 6F 7D 00 00 0A 03 6F F5 00 00 0A 26 02  7.po}....oõ...&.
00007D60   7B 5E 00 00 04 72 A8 37 00 70 6F 7D 00 00 0A 04  {^...r¨7.po}....
00007D70   6F F5 00 00 0A 26 02 7B 5E 00 00 04 72 C6 37 00  oõ...&.{^...rÆ7.
00007D80   70 6F 7D 00 00 0A 0F 03 28 F6 00 00 0A 6F 86 00  po}.....(ö...o.
00007D90   00 0A 28 D4 00 00 06 6F 7D 00 00 0A 72 F3 15 00  ..(Ô...o}...ró..
00007DA0   70 6F 7D 00 00 0A 26 02 7B 5E 00 00 04 72 E0 37  po}...&.{^...rà7
00007DB0   00 70 6F 7D 00 00 0A 0F 04 28 F6 00 00 0A 6F 86  .po}.....(ö...o
00007DC0   00 00 0A 28 D4 00 00 06 6F 7D 00 00 0A 72 F3 15  ...(Ô...o}...ró.
00007DD0   00 70 6F 7D 00 00 0A 26 02 72 1E 38 00 70 05 28  .po}...&.r.8.p.(
00007DE0   94 00 00 06 02 72 30 38 00 70 0E 04 28 94 00 00  ....r08.p..(..
00007DF0   06 02 7B 5E 00 00 04 72 E5 06 00 70 6F 7D 00 00  ..{^...rå..po}..
00007E00   0A 26 2A 00 03 30 03 00 09 01 00 00 00 00 00 00  .&*..0..........
00007E10   02 72 C8 38 00 70 28 92 00 00 06 39 F8 00 00 00  .rÈ8.p(...9ø...
00007E20   02 7B 5E 00 00 04 72 8A 35 00 70 6F 7D 00 00 0A  .{^...r5.po}...
00007E30   03 6F F5 00 00 0A 26 02 7B 5E 00 00 04 72 F7 15  .oõ...&.{^...r÷.
00007E40   00 70 6F 7D 00 00 0A 28 A5 00 00 0A 03 6F FC 00  .po}...(¥....oü.
00007E50   00 0A 28 D4 00 00 06 6F 7D 00 00 0A 72 F3 15 00  ..(Ô...o}...ró..
00007E60   70 6F 7D 00 00 0A 26 02 7B 5E 00 00 04 72 00 20  po}...&.{^...r.
00007E70   00 70 6F 7D 00 00 0A 0F 02 28 F6 00 00 0A 6F 86  .po}.....(ö...o
00007E80   00 00 0A 28 D4 00 00 06 6F 7D 00 00 0A 72 F3 15  ...(Ô...o}...ró.
00007E90   00 70 6F 7D 00 00 0A 26 02 7B 5E 00 00 04 72 EA  .po}...&.{^...rê
00007EA0   38 00 70 6F 7D 00 00 0A 05 28 D6 00 00 06 6F 7D  8.po}....(Ö...o}
00007EB0   00 00 0A 26 02 7B 5E 00 00 04 72 1E 39 00 70 6F  ...&.{^...r.9.po
00007EC0   7D 00 00 0A 0E 04 28 D6 00 00 06 6F 7D 00 00 0A  }.....(Ö...o}...
00007ED0   26 02 7B 5E 00 00 04 72 4C 39 00 70 6F 7D 00 00  &.{^...rL9.po}..
00007EE0   0A 0E 05 28 D6 00 00 06 6F 7D 00 00 0A 26 02 72  ...(Ö...o}...&.r
00007EF0   84 39 00 70 0E 06 28 93 00 00 06 02 72 A2 39 00  9.p..(....r¢9.
00007F00   70 04 28 94 00 00 06 02 7B 5E 00 00 04 72 E5 06  p.(....{^...rå.
00007F10   00 70 6F 7D 00 00 0A 26 2A 00 00 00 03 30 03 00  .po}...&*....0..
00007F20   FE 00 00 00 00 00 00 00 02 72 B2 39 00 70 28 92  þ........r²9.p(
00007F30   00 00 06 39 ED 00 00 00 02 7B 5E 00 00 04 72 8A  ...9í....{^...r
00007F40   35 00 70 6F 7D 00 00 0A 03 6F F5 00 00 0A 26 02  5.po}....oõ...&.
00007F50   7B 5E 00 00 04 72 F7 15 00 70 6F 7D 00 00 0A 28  {^...r÷..po}...(
00007F60   A5 00 00 0A 03 6F FC 00 00 0A 28 D4 00 00 06 6F  ¥....oü...(Ô...o
00007F70   7D 00 00 0A 72 F3 15 00 70 6F 7D 00 00 0A 26 02  }...ró..po}...&.
00007F80   7B 5E 00 00 04 72 00 20 00 70 6F 7D 00 00 0A 0F  {^...r. .po}....
00007F90   02 28 F6 00 00 0A 6F 86 00 00 0A 28 D4 00 00 06  .(ö...o...(Ô...
00007FA0   6F 7D 00 00 0A 72 F3 15 00 70 6F 7D 00 00 0A 26  o}...ró..po}...&
00007FB0   02 7B 5E 00 00 04 72 DA 39 00 70 6F 7D 00 00 0A  .{^...rÚ9.po}...
00007FC0   05 28 D6 00 00 06 6F 7D 00 00 0A 26 02 7B 5E 00  .(Ö...o}...&.{^.
00007FD0   00 04 72 FA 39 00 70 6F 7D 00 00 0A 0E 04 28 D6  ..rú9.po}.....(Ö
00007FE0   00 00 06 6F 7D 00 00 0A 26 02 7B 5E 00 00 04 72  ...o}...&.{^...r
00007FF0   0E 3A 00 70 6F 7D 00 00 0A 05 0E 04 59 28 D6 00  .:.po}......Y(Ö.
00008000   00 06 6F 7D 00 00 0A 26 02 72 A2 39 00 70 04 28  ..o}...&.r¢9.p.(
00008010   94 00 00 06 02 7B 5E 00 00 04 72 E5 06 00 70 6F  ....{^...rå..po
00008020   7D 00 00 0A 26 2A 00 00 13 30 04 00 A5 00 00 00  }...&*...0..¥...
00008030   35 00 00 11 02 25 7B 61 00 00 04 17 58 7D 61 00  5....%{a....X}a.
00008040   00 04 02 7B 60 00 00 04 03 6F D8 00 00 0A 2C 1B  ...{`....oØ...,.
00008050   02 7B 60 00 00 04 25 0A 03 25 0B 06 07 6F D9 00  .{`...%..%...oÙ.
00008060   00 0A 17 58 6F DA 00 00 0A 2B 0D 02 7B 60 00 00  ...XoÚ...+..{`..
00008070   04 03 17 6F DA 00 00 0A 02 7B 62 00 00 04 02 7B  ...oÚ....{b....{
00008080   5A 00 00 04 32 02 16 2A 02 7B 63 00 00 04 2D 11  Z...2..*.{c...-.
00008090   02 7B 5E 00 00 04 72 D5 15 00 70 6F 7D 00 00 0A  .{^...rÕ..po}...
000080A0   26 02 7B 5E 00 00 04 72 44 2B 00 70 6F 7D 00 00  &.{^...rD+.po}..
000080B0   0A 03 6F 7D 00 00 0A 72 F3 15 00 70 6F 7D 00 00  ..o}...ró..po}..
000080C0   0A 26 02 25 7B 62 00 00 04 17 58 7D 62 00 00 04  .&.%{b....X}b...
000080D0   02 16 7D 63 00 00 04 17 2A 00 00 00 03 30 02 00  ..}c....*....0..
000080E0   81 00 00 00 00 00 00 00 02 7B 5E 00 00 04 72 26  ........{^...r&
000080F0   3A 00 70 6F 7D 00 00 0A 03 6F 7D 00 00 0A 72 2C  :.po}....o}...r,
00008100   3A 00 70 6F 7D 00 00 0A 0F 02 7B 34 00 00 0A 28  :.po}.....{4...(
00008110   D6 00 00 06 6F 7D 00 00 0A 26 02 7B 5E 00 00 04  Ö...o}...&.{^...
00008120   72 46 1F 00 70 6F 7D 00 00 0A 0F 02 7B 35 00 00  rF..po}.....{5..
00008130   0A 28 D6 00 00 06 6F 7D 00 00 0A 26 02 7B 5E 00  .(Ö...o}...&.{^.
00008140   00 04 72 52 1F 00 70 6F 7D 00 00 0A 0F 02 7B 9F  ..rR..po}.....{
00008150   00 00 0A 28 D6 00 00 06 6F 7D 00 00 0A 72 E5 06  ...(Ö...o}...rå.
00008160   00 70 6F 7D 00 00 0A 26 2A 00 00 00 13 30 03 00  .po}...&*....0..
00008170   C5 00 00 00 47 00 00 11 28 A5 00 00 0A 0A 06 7B  Å...G...(¥.....{
00008180   A9 00 00 0A 7B AA 00 00 0A 0F 02 7B F7 00 00 0A  ©...{ª.....{÷...
00008190   8F 28 00 00 01 7B F9 00 00 0A 0B 06 7B A9 00 00  (...{ù.....{©..
000081A0   0A 7B AA 00 00 0A 0F 02 7B F8 00 00 0A 8F 28 00  .{ª.....{ø...(.
000081B0   00 01 7B F9 00 00 0A 0C 02 7B 5E 00 00 04 72 26  ..{ù.....{^...r&
000081C0   3A 00 70 6F 7D 00 00 0A 03 6F 7D 00 00 0A 72 3C  :.po}....o}...r<
000081D0   3A 00 70 6F 7D 00 00 0A 26 02 7B 5E 00 00 04 72  :.po}...&.{^...r
000081E0   44 3A 00 70 6F 7D 00 00 0A 0F 02 7B F7 00 00 0A  D:.po}.....{÷...
000081F0   6F F5 00 00 0A 26 02 7B 5E 00 00 04 72 F8 2F 00  oõ...&.{^...rø/.
00008200   70 6F 7D 00 00 0A 0F 02 7B F8 00 00 0A 6F F5 00  po}.....{ø...oõ.
00008210   00 0A 26 02 72 92 36 00 70 07 28 93 00 00 06 02  ..&.r6.p.(....
00008220   72 9E 36 00 70 08 28 93 00 00 06 02 7B 5E 00 00  r6.p.(....{^..
00008230   04 72 E5 06 00 70 6F 7D 00 00 0A 26 2A 00 00 00  .rå..po}...&*...
00008240   13 30 04 00 80 01 00 00 48 00 00 11 73 10 01 00  .0.....H...s...
00008250   0A 0A 73 11 01 00 0A 0B 17 0C 2B 48 03 7B A6 00  ..s.......+H.{¦.
00008260   00 0A 7B A7 00 00 0A 08 8F 24 00 00 01 71 24 00  ..{§....$...q$.
00008270   00 01 0D 09 28 B1 00 00 06 2C 24 12 04 08 09 03  ....(±...,$.....
00008280   28 B3 00 00 06 06 6F 12 01 00 0A 13 05 06 11 04  (³....o.........
00008290   6F 13 01 00 0A 07 11 04 11 05 28 97 00 00 06 08  o.........(....
000082A0   17 58 D1 0C 08 03 7B A6 00 00 0A 7B A7 00 00 0A  .XÑ...{¦...{§...
000082B0   8E 69 32 A8 73 14 01 00 0A 13 06 16 13 07 38 FB  i2¨s.........8û
000082C0   00 00 00 06 11 07 6F 15 01 00 0A 13 08 12 08 7B  ......o........{
000082D0   68 00 00 04 28 99 00 00 06 13 09 12 08 7B 69 00  h...(.......{i.
000082E0   00 04 28 99 00 00 06 13 0A 12 08 7B 6A 00 00 04  ..(.......{j...
000082F0   28 99 00 00 06 13 0B 12 08 7B 6B 00 00 04 28 99  (.......{k...(
00008300   00 00 06 13 0C 11 09 13 0D 38 A1 00 00 00 11 0B  .........8¡.....
00008310   13 0E 38 89 00 00 00 07 11 0D 11 0E 28 9A 00 00  ..8........(..
00008320   06 12 0F 6F 16 01 00 0A 2C 70 16 13 10 2B 60 11  ...o....,p...+`.
00008330   0F 11 10 6F 17 01 00 0A 13 11 11 11 11 07 31 49  ...o..........1I
00008340   06 11 11 6F 15 01 00 0A 13 12 11 08 11 12 28 98  ...o..........(
00008350   00 00 06 2C 34 12 08 7B 64 00 00 04 12 12 7B 64  ...,4..{d.....{d
00008360   00 00 04 28 9B 00 00 06 13 13 11 06 11 13 6F 18  ...(.........o.
00008370   01 00 0A 2D 14 11 06 11 13 6F 19 01 00 0A 26 02  ...-.....o....&.
00008380   11 08 11 12 28 96 00 00 06 11 10 17 58 13 10 11  ....(......X...
00008390   10 11 0F 6F 1A 01 00 0A 32 95 11 0E 17 58 13 0E  ...o....2...X..
000083A0   11 0E 11 0C 3E 6E FF FF FF 11 0D 17 58 13 0D 11  ....>n......X...
000083B0   0D 11 0A 3E 56 FF FF FF 11 07 17 58 13 07 11 07  ...>V......X....
000083C0   06 6F 12 01 00 0A 3F F8 FE FF FF 2A 13 30 07 00  .o....?øþ..*.0..
000083D0   E6 00 00 00 49 00 00 11 0F 01 7B 65 00 00 04 0F  æ...I.....{e....
000083E0   02 7B 65 00 00 04 28 AE 00 00 06 2C 23 02 0F 01  .{e...(®...,#...
000083F0   7B 64 00 00 04 0F 02 7B 64 00 00 04 0F 01 7B 65  {d.....{d.....{e
00008400   00 00 04 0F 02 7B 65 00 00 04 28 8F 00 00 06 2A  .....{e...(...*
00008410   0F 01 7B 65 00 00 04 0F 02 7B 65 00 00 04 28 AD  ..{e.....{e...(­
00008420   00 00 06 2C 01 2A 0F 01 7B 66 00 00 04 0F 01 7B  ...,.*..{f.....{
00008430   67 00 00 04 0F 02 7B 66 00 00 04 0F 02 7B 67 00  g.....{f.....{g.
00008440   00 04 12 00 12 01 28 A7 00 00 06 2C 25 02 0F 01  ......(§...,%...
00008450   7B 64 00 00 04 0F 02 7B 64 00 00 04 0F 01 7B 65  {d.....{d.....{e
00008460   00 00 04 0F 02 7B 65 00 00 04 06 07 28 8E 00 00  .....{e.....(..
00008470   06 2A 0F 01 7B 66 00 00 04 0F 01 7B 67 00 00 04  .*..{f.....{g...
00008480   0F 02 7B 66 00 00 04 0F 02 7B 67 00 00 04 12 02  ..{f.....{g.....
00008490   12 03 28 A8 00 00 06 2C 24 02 0F 01 7B 64 00 00  ..(¨...,$...{d..
000084A0   04 0F 02 7B 64 00 00 04 0F 01 7B 65 00 00 04 0F  ...{d.....{e....
000084B0   02 7B 65 00 00 04 08 09 28 8D 00 00 06 2A 00 00  .{e.....(...*..
000084C0   13 30 03 00 85 00 00 00 4A 00 00 11 0F 01 7B 68  .0.....J.....{h
000084D0   00 00 04 28 99 00 00 06 0A 0F 01 7B 69 00 00 04  ...(......{i...
000084E0   28 99 00 00 06 0B 0F 01 7B 6A 00 00 04 28 99 00  (......{j...(.
000084F0   00 06 0C 0F 01 7B 6B 00 00 04 28 99 00 00 06 0D  .....{k...(....
00008500   06 13 04 2B 46 08 13 05 2B 36 11 04 11 05 28 9A  ...+F...+6....(
00008510   00 00 06 13 06 02 11 06 12 07 6F 16 01 00 0A 2D  ..........o....-
00008520   11 73 1B 01 00 0A 13 07 02 11 06 11 07 6F 1C 01  .s...........o..
00008530   00 0A 11 07 04 6F 1D 01 00 0A 11 05 17 58 13 05  .....o.......X..
00008540   11 05 09 31 C5 11 04 17 58 13 04 11 04 07 31 B5  ...1Å...X.....1µ
00008550   2A 00 00 00 03 30 02 00 46 00 00 00 00 00 00 00  *....0..F.......
00008560   0F 00 7B 69 00 00 04 0F 01 7B 68 00 00 04 37 34  ..{i.....{h...74
00008570   0F 00 7B 68 00 00 04 0F 01 7B 69 00 00 04 35 24  ..{h.....{i...5$
00008580   0F 00 7B 6B 00 00 04 0F 01 7B 6A 00 00 04 37 14  ..{k.....{j...7.
00008590   0F 00 7B 6A 00 00 04 0F 01 7B 6B 00 00 04 FE 03  ..{j.....{k...þ.
000085A0   16 FE 01 2A 16 2A 36 02 22 00 00 C0 42 5B 28 05  .þ.*.*6."..ÀB[(.
000085B0   01 00 0A 2A 26 02 6A 1F 20 62 03 6E 61 2A 00 00  ...*&.j. b.na*..
000085C0   13 30 02 00 1B 00 00 00 4B 00 00 11 02 03 32 03  .0......K.....2.
000085D0   03 2B 01 02 0A 02 03 32 03 02 2B 01 03 0B 06 6E  .+.....2..+....n
000085E0   1F 20 62 07 6E 60 2A 00 13 30 07 00 92 02 00 00  . b.n`*..0.....
000085F0   4C 00 00 11 28 8F 00 00 0A 0A 06 14 28 08 00 00  L...(......(...
00008600   0A 2C 01 2A 03 12 01 12 02 12 03 12 04 28 9F 00  .,.*.........(.
00008610   00 06 2D 01 2A 03 28 9D 00 00 06 13 05 17 13 06  ..-.*.(........
00008620   38 4C 02 00 00 03 7B A6 00 00 0A 7B A7 00 00 0A  8L....{¦...{§...
00008630   11 06 8F 24 00 00 01 71 24 00 00 01 13 07 11 07  ..$...q$.......
00008640   28 B1 00 00 06 39 20 02 00 00 12 07 28 F6 00 00  (±...9 .....(ö..
00008650   0A 28 AF 00 00 06 3A 0F 02 00 00 03 7B A9 00 00  .(¯...:.....{©..
00008660   0A 7B AA 00 00 0A 12 07 7B F7 00 00 0A 8F 28 00  .{ª.....{÷...(.
00008670   00 01 7B F9 00 00 0A 13 08 03 7B A9 00 00 0A 7B  ..{ù......{©...{
00008680   AA 00 00 0A 12 07 7B F8 00 00 0A 8F 28 00 00 01  ª.....{ø...(...
00008690   7B F9 00 00 0A 13 09 12 08 7B 35 00 00 0A 12 09  {ù.......{5.....
000086A0   7B 35 00 00 0A 58 22 00 00 00 3F 5A 13 0A 11 05  {5...X"...?Z....
000086B0   22 00 00 00 00 36 23 11 06 28 A3 00 00 06 2C 1A  "....6#..(£...,.
000086C0   11 05 11 0A 59 22 00 00 C0 41 37 0E 02 11 06 11  ....Y"..ÀA7.....
000086D0   07 11 05 11 0A 28 91 00 00 06 11 06 28 A3 00 00  .....(.....(£..
000086E0   06 2D 13 11 08 11 09 07 08 09 11 04 28 A1 00 00  .-..........(¡..
000086F0   06 39 74 01 00 00 11 09 11 08 28 31 00 00 0A 13  .9t.......(1....
00008700   0B 12 0B 22 00 00 00 00 7D 35 00 00 0A 12 0B 7B  ..."....}5.....{
00008710   34 00 00 0A 12 0B 7B 34 00 00 0A 5A 12 0B 7B 9F  4.....{4...Z..{
00008720   00 00 0A 12 0B 7B 9F 00 00 0A 5A 58 28 1E 01 00  .....{...ZX(...
00008730   0A 13 0C 11 0C 22 00 00 C0 41 3F 2B 01 00 00 12  ....."..ÀA?+....
00008740   0B 25 7B 34 00 00 0A 11 0C 5B 7D 34 00 00 0A 12  .%{4.....[}4....
00008750   0B 25 7B 9F 00 00 0A 11 0C 5B 7D 9F 00 00 0A 12  .%{.....[}....
00008760   0D 12 0B 7B 9F 00 00 0A 65 22 00 00 00 00 12 0B  ...{...e"......
00008770   7B 34 00 00 0A 28 36 00 00 0A 22 00 00 00 00 13  {4...(6...".....
00008780   0E 22 00 00 00 00 13 0F 22 00 00 00 00 13 10 12  ."......".......
00008790   07 7B FA 00 00 0A 13 11 17 13 12 2B 7D 11 12 6B  .{ú........+}..k
000087A0   22 00 00 80 3E 5A 13 13 11 08 11 09 11 13 28 1F  "..>Z........(.
000087B0   01 00 0A 13 14 12 08 7B 35 00 00 0A 12 09 7B 35  .......{5.....{5
000087C0   00 00 0A 11 13 28 20 01 00 0A 13 15 06 11 14 11  .....( .........
000087D0   0D 22 00 00 80 3F 11 15 12 0E 12 10 28 9E 00 00  ."..?......(..
000087E0   06 13 16 06 11 14 11 0D 22 00 00 80 BF 11 15 12  ........"..¿...
000087F0   0E 12 10 28 9E 00 00 06 13 17 11 16 11 17 59 28  ...(.........Y(
00008800   0E 01 00 0A 13 18 11 18 11 0F 36 08 11 18 13 0F  ..........6.....
00008810   11 14 13 11 11 12 17 58 13 12 11 12 19 3E 7B FF  .......X.....>{.
00008820   FF FF 11 06 11 07 11 0C 28 A4 00 00 06 2C 0E 11  ........(¤...,..
00008830   0E 22 00 00 90 41 28 3A 00 00 0A 13 0E 11 0E 22  ."..A(:......."
00008840   00 00 90 41 2F 12 11 0F 22 00 00 E0 41 2F 09 11  ..A/..."..àA/..
00008850   10 22 00 00 60 41 37 12 02 11 06 11 07 11 0E 11  ."..`A7.........
00008860   0F 11 10 11 11 28 90 00 00 06 11 06 17 58 D1 13  .....(......XÑ.
00008870   06 11 06 03 7B A6 00 00 0A 7B A7 00 00 0A 8E 69  ....{¦...{§...i
00008880   3F A0 FD FF FF 2A 00 00 13 30 03 00 F4 00 00 00  ? ý..*...0..ô...
00008890   4D 00 00 11 22 00 00 00 00 0A 16 0B 17 0C 38 C4  M...".........8Ä
000088A0   00 00 00 02 7B A6 00 00 0A 7B A7 00 00 0A 08 8F  ....{¦...{§....
000088B0   24 00 00 01 71 24 00 00 01 0D 09 28 B1 00 00 06  $...q$.....(±...
000088C0   39 9D 00 00 00 08 28 A3 00 00 06 39 92 00 00 00  9....(£...9...
000088D0   12 03 28 F6 00 00 0A 28 AF 00 00 06 3A 81 00 00  ..(ö...(¯...:..
000088E0   00 28 A5 00 00 0A 08 6F FC 00 00 0A 13 04 11 04  .(¥....oü.......
000088F0   72 62 3A 00 70 28 E9 00 00 06 2D 66 11 04 72 72  rb:.p(é...-f..rr
00008900   3A 00 70 28 E9 00 00 06 2D 58 02 7B A9 00 00 0A  :.p(é...-X.{©...
00008910   7B AA 00 00 0A 12 03 7B F7 00 00 0A 8F 28 00 00  {ª.....{÷...(..
00008920   01 7B F9 00 00 0A 13 05 02 7B A9 00 00 0A 7B AA  .{ù......{©...{ª
00008930   00 00 0A 12 03 7B F8 00 00 0A 8F 28 00 00 01 7B  .....{ø...(...{
00008940   F9 00 00 0A 13 06 06 12 05 7B 35 00 00 0A 12 06  ù........{5.....
00008950   7B 35 00 00 0A 58 22 00 00 00 3F 5A 58 0A 07 17  {5...X"...?ZX...
00008960   58 0B 08 17 58 D1 0C 08 02 7B A6 00 00 0A 7B A7  X...XÑ...{¦...{§
00008970   00 00 0A 8E 69 3F 29 FF FF FF 07 2C 05 06 07 6B  ...i?)....,...k
00008980   5B 2A 22 00 00 00 00 2A 00 00 00 41 00 00 B0 41  [*"....*...A..°A
00008990   00 00 30 42 00 00 84 42 00 00 C0 42 13 30 04 00  ..0B..B..ÀB.0..
000089A0   7A 00 00 00 4E 00 00 11 0E 04 0A 0E 04 0B 1B 8D  z...N..........
000089B0   50 00 00 01 25 D0 BB 00 00 04 28 21 01 00 0A 0C  P...%Ð»...(!....
000089C0   16 0D 2B 56 03 04 08 09 98 05 5A 28 22 01 00 0A  ..+V.....Z("...
000089D0   28 37 00 00 0A 13 04 02 11 04 16 22 00 00 00 00  (7........."....
000089E0   6F 90 00 00 0A 13 05 0E 05 0E 05 4E 0E 04 11 05  o.........N....
000089F0   59 28 0E 01 00 0A 28 3A 00 00 0A 56 0E 06 0E 06  Y(....(:...V....
00008A00   4E 06 11 05 59 28 0E 01 00 0A 28 3A 00 00 0A 56  N...Y(....(:...V
00008A10   11 05 0A 11 05 0B 09 17 58 0D 09 08 8E 69 32 A4  ........X...i2¤
00008A20   07 2A 00 00 13 30 05 00 EA 00 00 00 4F 00 00 11  .*...0..ê...O...
00008A30   03 22 FF FF 7F 7F 56 04 22 FF FF 7F FF 56 05 22  ."..V."...V."
00008A40   FF FF 7F 7F 56 0E 04 22 FF FF 7F FF 56 16 0A 17  ..V.."...V...
00008A50   0B 38 81 00 00 00 02 7B A6 00 00 0A 7B A7 00 00  .8....{¦...{§..
00008A60   0A 07 8F 24 00 00 01 71 24 00 00 01 0C 08 28 B1  ..$...q$.....(±
00008A70   00 00 06 2C 5D 07 08 28 A2 00 00 06 2C 54 02 7B  ...,]..(¢...,T.{
00008A80   A9 00 00 0A 7B AA 00 00 0A 12 02 7B F7 00 00 0A  ©...{ª.....{÷...
00008A90   8F 28 00 00 01 7B F9 00 00 0A 0D 02 7B A9 00 00  (...{ù.....{©..
00008AA0   0A 7B AA 00 00 0A 12 02 7B F8 00 00 0A 8F 28 00  .{ª.....{ø...(.
00008AB0   00 01 7B F9 00 00 0A 13 04 09 03 04 05 0E 04 28  ..{ù...........(
00008AC0   A0 00 00 06 11 04 03 04 05 0E 04 28 A0 00 00 06   ..........( ...
00008AD0   17 0A 07 17 58 D1 0B 07 02 7B A6 00 00 0A 7B A7  ....XÑ...{¦...{§
00008AE0   00 00 0A 8E 69 3F 6C FF FF FF 06 2D 02 16 2A 03  ...i?l....-..*.
00008AF0   25 4E 22 00 00 2F 44 59 56 04 25 4E 22 00 00 2F  %N"../DYV.%N"../
00008B00   44 58 56 05 25 4E 22 00 00 2F 44 59 56 0E 04 25  DXV.%N"../DYV..%
00008B10   4E 22 00 00 2F 44 58 56 17 2A 00 00 03 30 03 00  N"../DXV.*...0..
00008B20   43 00 00 00 00 00 00 00 03 03 4E 0F 00 7B 34 00  C.........N..{4.
00008B30   00 0A 28 08 01 00 0A 56 04 04 4E 0F 00 7B 34 00  ..(....V..N..{4.
00008B40   00 0A 28 3A 00 00 0A 56 05 05 4E 0F 00 7B 9F 00  ..(:...V..N..{.
00008B50   00 0A 28 08 01 00 0A 56 0E 04 0E 04 4E 0F 00 7B  ..(....V....N..{
00008B60   9F 00 00 0A 28 3A 00 00 0A 56 2A 00 13 30 02 00  ...(:...V*..0..
00008B70   68 00 00 00 43 00 00 11 0F 00 7B 34 00 00 0A 0F  h...C.....{4....
00008B80   01 7B 34 00 00 0A 28 08 01 00 0A 0A 0F 00 7B 34  .{4...(.......{4
00008B90   00 00 0A 0F 01 7B 34 00 00 0A 28 3A 00 00 0A 0B  .....{4...(:....
00008BA0   0F 00 7B 9F 00 00 0A 0F 01 7B 9F 00 00 0A 28 08  ..{.....{...(.
00008BB0   01 00 0A 0C 0F 00 7B 9F 00 00 0A 0F 01 7B 9F 00  ......{.....{.
00008BC0   00 0A 28 3A 00 00 0A 0D 07 04 37 12 06 05 35 0E  ..(:......7...5.
00008BD0   09 0E 04 37 09 08 0E 05 FE 03 16 FE 01 2A 16 2A  ...7....þ..þ.*.*
00008BE0   13 30 02 00 4A 00 00 00 50 00 00 11 02 28 A3 00  .0..J...P....(£.
00008BF0   00 06 2C 02 17 2A 0F 01 28 F6 00 00 0A 14 28 08  ..,..*..(ö....(.
00008C00   00 00 0A 2D 1C 0F 01 28 F6 00 00 0A 6F 86 00 00  ...-...(ö...o..
00008C10   0A 2C 0E 0F 01 28 F6 00 00 0A 6F 86 00 00 0A 2B  .,...(ö...o...+
00008C20   05 72 D1 04 00 70 0A 06 72 96 3A 00 70 28 E9 00  .rÑ..p..r:.p(é.
00008C30   00 06 16 FE 01 2A 00 00 13 30 02 00 18 00 00 00  ...þ.*...0......
00008C40   50 00 00 11 28 A5 00 00 0A 02 6F FC 00 00 0A 0A  P...(¥....oü....
00008C50   06 72 A6 3A 00 70 28 E9 00 00 06 2A 13 30 02 00  .r¦:.p(é...*.0..
00008C60   98 00 00 00 51 00 00 11 04 22 00 00 0C 43 32 0F  ...Q...."...C2.
00008C70   0F 01 28 F6 00 00 0A 14 28 08 00 00 0A 2C 02 16  ..(ö....(....,..
00008C80   2A 0F 01 28 F6 00 00 0A 6F 86 00 00 0A 2C 0E 0F  *..(ö...o...,..
00008C90   01 28 F6 00 00 0A 6F 86 00 00 0A 2B 05 72 D1 04  .(ö...o...+.rÑ.
00008CA0   00 70 0A 06 72 B2 3A 00 70 28 E9 00 00 06 2D 27  .p..r²:.p(é...-'
00008CB0   06 72 C4 3A 00 70 28 E9 00 00 06 2D 1A 06 72 D2  .rÄ:.p(é...-..rÒ
00008CC0   3A 00 70 28 E9 00 00 06 2D 0D 06 72 E0 3A 00 70  :.p(é...-..rà:.p
00008CD0   28 E9 00 00 06 2C 02 16 2A 28 A5 00 00 0A 02 6F  (é...,..*(¥....o
00008CE0   FC 00 00 0A 0B 07 72 A6 3A 00 70 28 E9 00 00 06  ü.....r¦:.p(é...
00008CF0   2C 0C 07 72 62 3A 00 70 28 E9 00 00 06 2A 16 2A  ,..rb:.p(é...*.*
00008D00   13 30 03 00 BA 00 00 00 52 00 00 11 0E 04 16 53  .0..º...R......S
00008D10   0E 05 22 FF FF 7F 7F 56 17 0A 38 93 00 00 00 06  .."..V..8....
00008D20   05 3B 87 00 00 00 02 7B A6 00 00 0A 7B A7 00 00  .;....{¦...{§..
00008D30   0A 06 8F 24 00 00 01 71 24 00 00 01 0B 07 28 B1  ..$...q$.....(±
00008D40   00 00 06 2C 68 12 01 7B F7 00 00 0A 03 2E 5E 12  ...,h..{÷.....^.
00008D50   01 7B F8 00 00 0A 03 2E 54 02 7B A9 00 00 0A 7B  .{ø.....T.{©...{
00008D60   AA 00 00 0A 12 01 7B F7 00 00 0A 8F 28 00 00 01  ª.....{÷...(...
00008D70   7B F9 00 00 0A 0C 02 7B A9 00 00 0A 7B AA 00 00  {ù.....{©...{ª..
00008D80   0A 12 01 7B F8 00 00 0A 8F 28 00 00 01 7B F9 00  ...{ø...(...{ù.
00008D90   00 0A 0D 04 08 09 28 A6 00 00 06 13 04 11 04 0E  ......(¦........
00008DA0   05 4E 34 09 0E 05 11 04 56 0E 04 06 53 06 17 58  .N4.....V...S..X
00008DB0   D1 0A 06 02 7B A6 00 00 0A 7B A7 00 00 0A 8E 69  Ñ...{¦...{§...i
00008DC0   3F 5A FF FF FF 2A 00 00 13 30 06 00 A5 00 00 00  ?Z...*...0..¥...
00008DD0   53 00 00 11 0F 02 7B 34 00 00 0A 0F 01 7B 34 00  S.....{4.....{4.
00008DE0   00 0A 59 0A 0F 02 7B 9F 00 00 0A 0F 01 7B 9F 00  ..Y...{.....{.
00008DF0   00 0A 59 0B 06 06 5A 07 07 5A 58 0C 08 22 6F 12  ..Y...Z..ZX.."o.
00008E00   83 3A 34 08 02 03 28 AA 00 00 06 2A 0F 00 7B 34  :4...(ª...*..{4
00008E10   00 00 0A 0F 01 7B 34 00 00 0A 59 06 5A 0F 00 7B  .....{4...Y.Z..{
00008E20   9F 00 00 0A 0F 01 7B 9F 00 00 0A 59 07 5A 58 08  .....{...Y.ZX.
00008E30   5B 0D 09 22 00 00 00 00 34 06 22 00 00 00 00 0D  [.."....4.".....
00008E40   09 22 00 00 80 3F 36 06 22 00 00 80 3F 0D 12 04  ."..?6."..?...
00008E50   0F 01 7B 34 00 00 0A 09 06 5A 58 22 00 00 00 00  ..{4.....ZX"....
00008E60   0F 01 7B 9F 00 00 0A 09 07 5A 58 28 36 00 00 0A  ..{.....ZX(6...
00008E70   02 11 04 28 AA 00 00 06 2A 00 00 00 13 30 06 00  ...(ª...*....0..
00008E80   49 01 00 00 54 00 00 11 0E 04 28 06 01 00 0A 81  I...T.....(....
00008E90   0B 00 00 01 0E 05 22 00 00 00 00 56 0F 01 7B 34  ......"....V..{4
00008EA0   00 00 0A 0F 00 7B 34 00 00 0A 59 0A 0F 01 7B 9F  .....{4...Y...{
00008EB0   00 00 0A 0F 00 7B 9F 00 00 0A 59 0B 0F 03 7B 34  .....{...Y...{4
00008EC0   00 00 0A 0F 02 7B 34 00 00 0A 59 0C 0F 03 7B 9F  .....{4...Y...{
00008ED0   00 00 0A 0F 02 7B 9F 00 00 0A 59 0D 06 09 5A 07  .....{...Y...Z.
00008EE0   08 5A 59 13 04 11 04 28 0E 01 00 0A 22 17 B7 D1  .ZY....(....".·Ñ
00008EF0   38 34 02 16 2A 0F 02 7B 34 00 00 0A 0F 00 7B 34  84..*..{4.....{4
00008F00   00 00 0A 59 13 05 0F 02 7B 9F 00 00 0A 0F 00 7B  ...Y....{.....{
00008F10   9F 00 00 0A 59 13 06 11 05 09 5A 11 06 08 5A 59  ...Y.....Z...ZY
00008F20   11 04 5B 13 07 11 05 07 5A 11 06 06 5A 59 11 04  ..[.....Z...ZY..
00008F30   5B 13 08 11 07 22 0A D7 23 3D 31 1B 11 07 22 8F  [....".×#=1..."
00008F40   C2 75 3F 2F 12 11 08 22 0A D7 23 3D 31 09 11 08  Âu?/...".×#=1...
00008F50   22 8F C2 75 3F 37 02 16 2A 0F 00 7B 35 00 00 0A  "Âu?7..*..{5...
00008F60   0F 01 7B 35 00 00 0A 11 07 28 20 01 00 0A 13 09  ..{5.....( .....
00008F70   0F 02 7B 35 00 00 0A 0F 03 7B 35 00 00 0A 11 08  ..{5.....{5.....
00008F80   28 20 01 00 0A 13 0A 0E 05 11 09 11 0A 59 28 0E  ( ...........Y(.
00008F90   01 00 0A 56 0E 05 4E 22 00 00 A0 40 36 02 16 2A  ...V..N".. @6..*
00008FA0   0E 04 0F 00 7B 34 00 00 0A 06 11 07 5A 58 11 09  ....{4......ZX..
00008FB0   11 0A 58 22 00 00 00 3F 5A 0F 00 7B 9F 00 00 0A  ..X"...?Z..{...
00008FC0   07 11 07 5A 58 73 36 00 00 0A 81 0B 00 00 01 17  ...ZXs6........
00008FD0   2A 00 00 00 13 30 06 00 64 01 00 00 55 00 00 11  *....0..d...U...
00008FE0   0E 04 02 04 05 28 A6 00 00 06 03 04 05 28 A6 00  .....(¦......(¦.
00008FF0   00 06 28 08 01 00 0A 04 02 03 28 A6 00 00 06 05  ..(.......(¦....
00009000   02 03 28 A6 00 00 06 28 08 01 00 0A 28 08 01 00  ..(¦...(....(...
00009010   0A 56 0E 05 22 00 00 00 00 56 0E 04 4E 22 00 00  .V.."....V..N"..
00009020   40 40 36 02 16 2A 0F 01 7B 34 00 00 0A 0F 00 7B  @@6..*..{4.....{
00009030   34 00 00 0A 59 0A 0F 01 7B 9F 00 00 0A 0F 00 7B  4...Y...{.....{
00009040   9F 00 00 0A 59 0B 0F 03 7B 34 00 00 0A 0F 02 7B  ...Y...{4.....{
00009050   34 00 00 0A 59 0C 0F 03 7B 9F 00 00 0A 0F 02 7B  4...Y...{.....{
00009060   9F 00 00 0A 59 0D 06 06 5A 07 07 5A 58 28 1E 01  ...Y...Z..ZX(..
00009070   00 0A 13 04 08 08 5A 09 09 5A 58 28 1E 01 00 0A  ......Z..ZX(....
00009080   13 05 11 04 22 6F 12 83 3A 32 09 11 05 22 6F 12  ...."o.:2..."o.
00009090   83 3A 34 02 16 2A 06 08 5A 07 09 5A 58 11 04 11  :4..*..Z..ZX...
000090A0   05 5A 5B 28 0E 01 00 0A 13 06 11 06 22 F6 28 7C  .Z[(........"ö(|
000090B0   3F 34 02 16 2A 02 03 04 28 A9 00 00 06 13 07 02  ?4..*...(©......
000090C0   03 05 28 A9 00 00 06 13 08 11 07 11 08 36 0C 11  ..(©.........6..
000090D0   07 13 09 11 08 13 07 11 09 13 08 22 00 00 00 00  ..........."....
000090E0   11 07 28 3A 00 00 0A 13 0A 11 04 11 08 28 08 01  ..(:.........(..
000090F0   00 0A 13 0B 0E 05 11 0B 11 0A 59 56 0E 05 4E 22  ..........YV..N"
00009100   00 00 90 41 34 02 16 2A 0F 00 7B 35 00 00 0A 0F  ..A4..*..{5....
00009110   02 7B 35 00 00 0A 59 28 0E 01 00 0A 0F 01 7B 35  .{5...Y(......{5
00009120   00 00 0A 0F 03 7B 35 00 00 0A 59 28 0E 01 00 0A  .....{5...Y(....
00009130   28 3A 00 00 0A 13 0C 11 0C 22 00 00 A0 40 FE 03  (:.......".. @þ.
00009140   16 FE 01 2A 13 30 03 00 61 00 00 00 19 00 00 11  .þ.*.0..a.......
00009150   0F 01 7B 34 00 00 0A 0F 00 7B 34 00 00 0A 59 0A  ..{4.....{4...Y.
00009160   0F 01 7B 9F 00 00 0A 0F 00 7B 9F 00 00 0A 59 0B  ..{.....{...Y.
00009170   06 06 5A 07 07 5A 58 28 1E 01 00 0A 0C 08 22 6F  ..Z..ZX(......"o
00009180   12 83 3A 34 06 22 00 00 00 00 2A 0F 02 7B 34 00  .:4."....*..{4.
00009190   00 0A 0F 00 7B 34 00 00 0A 59 06 5A 0F 02 7B 9F  ....{4...Y.Z..{
000091A0   00 00 0A 0F 00 7B 9F 00 00 0A 59 07 5A 58 08 5B  .....{...Y.ZX.[
000091B0   2A 00 00 00 13 30 03 00 2D 00 00 00 56 00 00 11  *....0..-...V...
000091C0   0F 00 7B 34 00 00 0A 0F 01 7B 34 00 00 0A 59 0A  ..{4.....{4...Y.
000091D0   0F 00 7B 9F 00 00 0A 0F 01 7B 9F 00 00 0A 59 0B  ..{.....{...Y.
000091E0   06 06 5A 07 07 5A 58 28 1E 01 00 0A 2A 00 00 00  ..Z..ZX(....*...
000091F0   13 30 02 00 51 00 00 00 57 00 00 11 16 0A 16 0B  .0..Q...W.......
00009200   2B 45 02 7B A9 00 00 0A 7B AA 00 00 0A 03 8F 28  +E.{©...{ª....(
00009210   00 00 01 71 28 00 00 01 07 28 B0 00 00 06 0C 08  ...q(....(°.....
00009220   2C 21 02 7B A6 00 00 0A 7B A7 00 00 0A 08 8F 24  ,!.{¦...{§....$
00009230   00 00 01 71 24 00 00 01 28 B1 00 00 06 2C 04 06  ...q$...(±...,..
00009240   17 58 0A 07 17 58 0B 07 1E 32 B7 06 2A 00 00 00  .X...X...2·.*...
00009250   13 30 02 00 4D 00 00 00 58 00 00 11 16 0A 2B 43  .0..M...X.....+C
00009260   02 7B A9 00 00 0A 7B AA 00 00 0A 03 8F 28 00 00  .{©...{ª....(..
00009270   01 71 28 00 00 01 06 28 B0 00 00 06 0B 07 2C 1F  .q(....(°.....,.
00009280   02 7B A6 00 00 0A 7B A7 00 00 0A 07 8F 24 00 00  .{¦...{§....$..
00009290   01 71 24 00 00 01 28 B1 00 00 06 2C 02 07 2A 06  .q$...(±...,..*.
000092A0   17 58 0A 06 1E 32 B9 16 2A 00 00 00 03 30 02 00  .X...2¹.*....0..
000092B0   43 00 00 00 00 00 00 00 0F 00 7B F7 00 00 0A 0F  C.........{÷....
000092C0   01 7B F7 00 00 0A 2E 31 0F 00 7B F7 00 00 0A 0F  .{÷....1..{÷....
000092D0   01 7B F8 00 00 0A 2E 21 0F 00 7B F8 00 00 0A 0F  .{ø....!..{ø....
000092E0   01 7B F7 00 00 0A 2E 11 0F 00 7B F8 00 00 0A 0F  .{÷.......{ø....
000092F0   01 7B F8 00 00 0A FE 01 2A 17 2A 00 03 30 02 00  .{ø...þ.*.*..0..
00009300   45 00 00 00 00 00 00 00 0F 00 7B F7 00 00 0A 0F  E.........{÷....
00009310   01 7B F7 00 00 0A 33 10 0F 00 7B F8 00 00 0A 0F  .{÷...3...{ø....
00009320   01 7B F8 00 00 0A 2E 23 0F 00 7B F7 00 00 0A 0F  .{ø....#..{÷....
00009330   01 7B F8 00 00 0A 33 11 0F 00 7B F8 00 00 0A 0F  .{ø...3...{ø....
00009340   01 7B F7 00 00 0A FE 01 2A 16 2A 17 2A 00 00 00  .{÷...þ.*.*.*...
00009350   13 30 02 00 A3 00 00 00 51 00 00 11 02 14 28 08  .0..£...Q.....(.
00009360   00 00 0A 2C 02 17 2A 02 6F 86 00 00 0A 2C 08 02  ...,..*.o...,..
00009370   6F 86 00 00 0A 2B 05 72 D1 04 00 70 0A 02 7B 23  o...+.rÑ..p..{#
00009380   01 00 0A 14 28 08 00 00 0A 2D 12 02 7B 23 01 00  ....(....-..{#..
00009390   0A 6F A1 00 00 0A 6F B7 00 00 0A 2B 05 72 D1 04  .o¡...o·...+.rÑ.
000093A0   00 70 0B 06 72 B2 3A 00 70 28 E9 00 00 06 2D 4D  .p..r²:.p(é...-M
000093B0   06 72 C4 3A 00 70 28 E9 00 00 06 2D 40 06 72 D2  .rÄ:.p(é...-@.rÒ
000093C0   3A 00 70 28 E9 00 00 06 2D 33 06 72 E0 3A 00 70  :.p(é...-3.rà:.p
000093D0   28 E9 00 00 06 2D 26 07 72 B2 3A 00 70 28 E9 00  (é...-&.r²:.p(é.
000093E0   00 06 2D 19 07 72 C4 3A 00 70 28 E9 00 00 06 2D  ..-..rÄ:.p(é...-
000093F0   0C 07 72 D2 3A 00 70 28 E9 00 00 06 2A 17 2A 00  ..rÒ:.p(é...*.*.
00009400   03 30 02 00 5B 00 00 00 00 00 00 00 03 2D 08 0F  .0..[........-..
00009410   00 7B 24 01 00 0A 2A 03 17 33 08 0F 00 7B 25 01  .{$...*..3...{%.
00009420   00 0A 2A 03 18 33 08 0F 00 7B 26 01 00 0A 2A 03  ..*..3...{&...*.
00009430   19 33 08 0F 00 7B 27 01 00 0A 2A 03 1A 33 08 0F  .3...{'...*..3..
00009440   00 7B 28 01 00 0A 2A 03 1B 33 08 0F 00 7B 29 01  .{(...*..3...{).
00009450   00 0A 2A 03 1C 33 08 0F 00 7B 2A 01 00 0A 2A 0F  ..*..3...{*...*.
00009460   00 7B 2B 01 00 0A 2A 6A 0F 00 7B A8 00 00 0A 17  .{+...*j..{¨....
00009470   5F 2C 0D 0F 00 28 F6 00 00 0A 28 B2 00 00 06 2A  _,...(ö...(²...*
00009480   16 2A A6 02 14 28 0F 00 00 0A 2C 1E 02 7B EB 00  .*¦..(....,..{ë.
00009490   00 0A 14 28 0F 00 00 0A 2C 10 02 7B EB 00 00 0A  ...(....,..{ë...
000094A0   7B 98 00 00 0A 1F 09 FE 01 2A 16 2A 03 30 03 00  {.....þ.*.*.0..
000094B0   EF 00 00 00 00 00 00 00 02 03 7D 64 00 00 04 02  ï.........}d....
000094C0   04 7D 65 00 00 04 02 05 7B A9 00 00 0A 7B AA 00  .}e.....{©...{ª.
000094D0   00 0A 0F 02 7B F7 00 00 0A 8F 28 00 00 01 7B F9  ....{÷...(...{ù
000094E0   00 00 0A 7D 66 00 00 04 02 05 7B A9 00 00 0A 7B  ...}f.....{©...{
000094F0   AA 00 00 0A 0F 02 7B F8 00 00 0A 8F 28 00 00 01  ª.....{ø...(...
00009500   7B F9 00 00 0A 7D 67 00 00 04 02 02 7C 66 00 00  {ù...}g.....|f..
00009510   04 7B 34 00 00 0A 02 7C 67 00 00 04 7B 34 00 00  .{4....|g...{4..
00009520   0A 28 08 01 00 0A 22 00 00 40 40 59 7D 68 00 00  .(...."..@@Y}h..
00009530   04 02 02 7C 66 00 00 04 7B 34 00 00 0A 02 7C 67  ...|f...{4....|g
00009540   00 00 04 7B 34 00 00 0A 28 3A 00 00 0A 22 00 00  ...{4...(:..."..
00009550   40 40 58 7D 69 00 00 04 02 02 7C 66 00 00 04 7B  @@X}i.....|f...{
00009560   9F 00 00 0A 02 7C 67 00 00 04 7B 9F 00 00 0A 28  ....|g...{...(
00009570   08 01 00 0A 22 00 00 40 40 59 7D 6A 00 00 04 02  ...."..@@Y}j....
00009580   02 7C 66 00 00 04 7B 9F 00 00 0A 02 7C 67 00 00  .|f...{....|g..
00009590   04 7B 9F 00 00 0A 28 3A 00 00 0A 22 00 00 40 40  .{...(:..."..@@
000095A0   58 7D 6B 00 00 04 2A 9E 02 73 74 00 00 0A 7D 6D  X}k...*.st...}m
000095B0   00 00 04 02 15 7D 74 00 00 04 02 17 7D 76 00 00  .....}t.....}v..
000095C0   04 02 28 06 00 00 0A 02 03 7D 6C 00 00 04 2A 00  ..(......}l...*.
000095D0   13 30 05 00 BF 01 00 00 59 00 00 11 28 A5 00 00  .0..¿...Y...(¥..
000095E0   0A 0A 06 7B A6 00 00 0A 7B A7 00 00 0A 8E 69 8D  ...{¦...{§...i
000095F0   65 00 00 01 0B 06 7B A6 00 00 0A 7B A7 00 00 0A  e.....{¦...{§...
00009600   8E 69 8D 65 00 00 01 0C 17 0D 2B 58 06 7B A6 00  ie......+X.{¦.
00009610   00 0A 7B A7 00 00 0A 09 8F 24 00 00 01 71 24 00  ..{§....$...q$.
00009620   00 01 13 04 07 09 11 04 28 BA 00 00 06 9C 07 09  ........(º.....
00009630   90 2C 2C 06 12 04 7B F7 00 00 0A 28 BB 00 00 06  ,,...{÷...(»...
00009640   2D 0F 06 12 04 7B F8 00 00 0A 28 BB 00 00 06 2C  -....{ø...(»...,
00009650   0E 02 25 7B 71 00 00 04 17 58 7D 71 00 00 04 09  ..%{q....X}q....
00009660   17 58 D1 0D 09 06 7B A6 00 00 0A 7B A7 00 00 0A  .XÑ...{¦...{§...
00009670   8E 69 32 98 17 13 05 2B 43 06 7B A9 00 00 0A 7B  i2...+C.{©...{
00009680   AA 00 00 0A 11 05 8F 28 00 00 01 71 28 00 00 01  ª.....(...q(...
00009690   13 06 12 06 7B AB 00 00 0A 17 5F 2C 18 06 11 05  ....{«...._,....
000096A0   28 BB 00 00 06 2C 0E 02 25 7B 70 00 00 04 17 58  (»...,..%{p....X
000096B0   7D 70 00 00 04 11 05 17 58 D1 13 05 11 05 06 7B  }p......XÑ.....{
000096C0   A9 00 00 0A 7B AA 00 00 0A 8E 69 32 AC 15 13 07  ©...{ª...i2¬...
000096D0   17 13 08 38 AE 00 00 00 07 11 08 90 39 9E 00 00  ...8®......9..
000096E0   00 08 11 08 90 3A 95 00 00 00 02 06 11 08 07 08  ....:.........
000096F0   28 B7 00 00 06 13 09 02 25 7B 6E 00 00 04 17 58  (·......%{n....X
00009700   7D 6E 00 00 04 11 09 02 7B 6E 00 00 04 7D 77 00  }n......{n...}w.
00009710   00 04 11 09 7B 7D 00 00 04 2C 25 02 25 7B 72 00  ....{}...,%.%{r.
00009720   00 04 17 58 7D 72 00 00 04 11 09 7B 7C 00 00 04  ...X}r.....{|...
00009730   2D 0E 02 25 7B 73 00 00 04 17 58 7D 73 00 00 04  -..%{s....X}s...
00009740   11 09 7B 79 00 00 04 1A 5A 11 09 7B 7A 00 00 04  ..{y....Z..{z...
00009750   58 13 0A 11 0A 11 07 31 1E 11 0A 13 07 02 11 09  X......1........
00009760   7B 77 00 00 04 7D 74 00 00 04 02 11 09 7B 7C 00  {w...}t......{|.
00009770   00 04 7D 75 00 00 04 02 11 09 28 B9 00 00 06 11  ..}u......(¹....
00009780   08 17 58 D1 13 08 11 08 06 7B A6 00 00 0A 7B A7  ..XÑ.....{¦...{§
00009790   00 00 0A 8E 69 3F 3E FF FF FF 2A 00 13 30 03 00  ...i?>...*..0..
000097A0   FF 00 00 00 40 00 00 11 1F 15 8D 01 00 00 01 0A  ....@..........
000097B0   06 16 72 EC 3A 00 70 A2 06 17 02 7B 6E 00 00 04  ..rì:.p¢...{n...
000097C0   8C 47 00 00 01 A2 06 18 72 F4 29 00 70 A2 06 19  G...¢..rô).p¢..
000097D0   02 7B 6F 00 00 04 8C 47 00 00 01 A2 06 1A 72 0E  .{o...G...¢..r.
000097E0   2A 00 70 A2 06 1B 02 7B 6C 00 00 04 8C 47 00 00  *.p¢...{l...G..
000097F0   01 A2 06 1C 72 26 3B 00 70 A2 06 1D 02 7B 70 00  .¢..r&;.p¢...{p.
00009800   00 04 8C 47 00 00 01 A2 06 1E 72 50 3B 00 70 A2  ..G...¢..rP;.p¢
00009810   06 1F 09 02 7B 71 00 00 04 8C 47 00 00 01 A2 06  ....{q...G...¢.
00009820   1F 0A 72 80 3B 00 70 A2 06 1F 0B 02 7B 72 00 00  ..r;.p¢....{r..
00009830   04 8C 47 00 00 01 A2 06 1F 0C 72 B0 3B 00 70 A2  .G...¢...r°;.p¢
00009840   06 1F 0D 02 7B 73 00 00 04 8C 47 00 00 01 A2 06  ....{s...G...¢.
00009850   1F 0E 72 F8 3B 00 70 A2 06 1F 0F 02 7B 74 00 00  ..rø;.p¢....{t..
00009860   04 8C 47 00 00 01 A2 06 1F 10 72 20 3C 00 70 A2  .G...¢...r <.p¢
00009870   06 1F 11 02 7B 75 00 00 04 28 D5 00 00 06 A2 06  ....{u...(Õ...¢.
00009880   1F 12 72 56 3C 00 70 A2 06 1F 13 02 7B 6D 00 00  ..rV<.p¢....{m..
00009890   04 6F 85 00 00 0A A2 06 1F 14 72 CF 16 00 70 A2  .o...¢...rÏ..p¢
000098A0   06 28 59 00 00 0A 2A 00 13 30 08 00 94 01 00 00  .(Y...*..0.....
000098B0   5A 00 00 11 73 BD 00 00 06 0A 73 2C 01 00 0A 0B  Z...s½....s,....
000098C0   03 7B A9 00 00 0A 7B AA 00 00 0A 8E 69 8D 65 00  .{©...{ª...ie.
000098D0   00 01 0C 07 04 6F 2D 01 00 0A 0E 04 04 17 9C 38  .....o-.......8
000098E0   1A 01 00 00 07 6F 2E 01 00 0A 0D 03 7B A6 00 00  .....o......{¦..
000098F0   0A 7B A7 00 00 0A 09 8F 24 00 00 01 71 24 00 00  .{§....$...q$..
00009900   01 13 04 06 25 7B 78 00 00 04 17 58 7D 78 00 00  ....%{x....X}x..
00009910   04 06 06 7B 7E 00 00 04 2C 08 06 7B 7E 00 00 04  ...{~...,..{~...
00009920   2B 01 09 7D 7E 00 00 04 12 04 28 F6 00 00 0A 14  +..}~.....(ö....
00009930   28 08 00 00 0A 2D 1C 12 04 28 F6 00 00 0A 6F 86  (....-...(ö...o
00009940   00 00 0A 2C 0E 12 04 28 F6 00 00 0A 6F 86 00 00  ...,...(ö...o..
00009950   0A 2B 05 72 D1 04 00 70 13 05 03 09 6F FC 00 00  .+.rÑ..p....oü..
00009960   0A 13 06 06 7B 7F 00 00 04 6F 42 00 00 0A 2D 12  ....{...oB...-.
00009970   11 06 6F 42 00 00 0A 16 31 08 06 11 06 7D 7F 00  ..oB....1....}.
00009980   00 04 11 06 72 A6 3A 00 70 28 E9 00 00 06 2C 0E  ....r¦:.p(é...,.
00009990   06 25 7B 79 00 00 04 17 58 7D 79 00 00 04 11 05  .%{y....X}y.....
000099A0   72 96 3A 00 70 28 E9 00 00 06 2D 0E 06 25 7B 7A  r:.p(é...-..%{z
000099B0   00 00 04 17 58 7D 7A 00 00 04 12 04 7B FA 00 00  ....X}z.....{ú..
000099C0   0A 13 07 06 25 7B 80 00 00 04 11 07 28 37 00 00  ....%{.....(7..
000099D0   0A 7D 80 00 00 04 02 03 12 04 7B F7 00 00 0A 05  .}.......{÷....
000099E0   0E 04 08 07 06 28 B8 00 00 06 02 03 12 04 7B F8  .....(¸.......{ø
000099F0   00 00 0A 05 0E 04 08 07 06 28 B8 00 00 06 07 6F  .........(¸....o
00009A00   2F 01 00 0A 16 3D DA FE FF FF 06 7B 78 00 00 04  /....=Úþ...{x...
00009A10   16 31 18 06 25 7B 80 00 00 04 06 7B 78 00 00 04  .1..%{....{x...
00009A20   6B 28 07 01 00 0A 7D 80 00 00 04 06 06 7B 79 00  k(....}.....{y.
00009A30   00 04 16 30 0B 06 7B 7A 00 00 04 16 FE 02 2B 01  ...0..{z....þ.+.
00009A40   17 7D 7D 00 00 04 06 2A 13 30 03 00 72 00 00 00  .}}....*.0..r...
00009A50   5B 00 00 11 0E 05 04 90 2D 25 0E 05 04 17 9C 03  [......-%.....
00009A60   04 28 BB 00 00 06 2C 17 0E 07 25 7B 7B 00 00 04  .(»...,...%{{...
00009A70   17 58 7D 7B 00 00 04 0E 07 17 7D 7C 00 00 04 03  .X}{......}|....
00009A80   7B A9 00 00 0A 7B AA 00 00 0A 04 8F 28 00 00 01  {©...{ª....(...
00009A90   71 28 00 00 01 0A 16 0B 2B 27 06 07 28 BC 00 00  q(......+'..(¼..
00009AA0   06 0C 08 2C 18 05 08 90 2C 13 0E 04 08 90 2D 0D  ...,...,....-.
00009AB0   0E 04 08 17 9C 0E 06 08 6F 2D 01 00 0A 07 17 58  .......o-.....X
00009AC0   0B 07 1E 32 D5 2A 00 00 03 30 03 00 CF 01 00 00  ...2Õ*...0..Ï...
00009AD0   00 00 00 00 02 7B 6F 00 00 04 02 7B 6C 00 00 04  .....{o....{l...
00009AE0   32 01 2A 02 7B 76 00 00 04 2D 11 02 7B 6D 00 00  2.*.{v...-..{m..
00009AF0   04 72 D5 15 00 70 6F 7D 00 00 0A 26 02 7B 6D 00  .rÕ..po}...&.{m.
00009B00   00 04 72 76 3C 00 70 6F 7D 00 00 0A 03 7B 77 00  ..rv<.po}....{w.
00009B10   00 04 6F 8A 00 00 0A 26 02 7B 6D 00 00 04 72 96  ..o...&.{m...r
00009B20   3C 00 70 6F 7D 00 00 0A 03 7B 78 00 00 04 6F 8A  <.po}....{x...o
00009B30   00 00 0A 26 02 7B 6D 00 00 04 72 B8 3C 00 70 6F  ...&.{m...r¸<.po
00009B40   7D 00 00 0A 03 7B 79 00 00 04 6F 8A 00 00 0A 26  }....{y...o...&
00009B50   02 7B 6D 00 00 04 72 E6 3C 00 70 6F 7D 00 00 0A  .{m...ræ<.po}...
00009B60   03 7B 7A 00 00 04 6F 8A 00 00 0A 26 02 7B 6D 00  .{z...o...&.{m.
00009B70   00 04 72 14 3D 00 70 6F 7D 00 00 0A 03 7B 7B 00  ..r.=.po}....{{.
00009B80   00 04 6F 8A 00 00 0A 26 02 7B 6D 00 00 04 72 36  ..o...&.{m...r6
00009B90   3D 00 70 6F 7D 00 00 0A 03 7B 7C 00 00 04 28 D5  =.po}....{|...(Õ
00009BA0   00 00 06 6F 7D 00 00 0A 26 02 7B 6D 00 00 04 72  ...o}...&.{m...r
00009BB0   60 3D 00 70 6F 7D 00 00 0A 03 7B 7D 00 00 04 28  `=.po}....{}...(
00009BC0   D5 00 00 06 6F 7D 00 00 0A 26 02 7B 6D 00 00 04  Õ...o}...&.{m...
00009BD0   72 92 3D 00 70 6F 7D 00 00 0A 03 7B 7E 00 00 04  r=.po}....{~...
00009BE0   6F F5 00 00 0A 26 02 7B 6D 00 00 04 72 BA 3D 00  oõ...&.{m...rº=.
00009BF0   70 6F 7D 00 00 0A 03 7B 7F 00 00 04 28 D4 00 00  po}....{...(Ô..
00009C00   06 6F 7D 00 00 0A 72 F3 15 00 70 6F 7D 00 00 0A  .o}...ró..po}...
00009C10   26 02 7B 6D 00 00 04 72 DA 3D 00 70 6F 7D 00 00  &.{m...rÚ=.po}..
00009C20   0A 03 7C 80 00 00 04 7B 34 00 00 0A 28 D6 00 00  ..|...{4...(Ö..
00009C30   06 6F 7D 00 00 0A 26 02 7B 6D 00 00 04 72 46 1F  .o}...&.{m...rF.
00009C40   00 70 6F 7D 00 00 0A 03 7C 80 00 00 04 7B 35 00  .po}....|...{5.
00009C50   00 0A 28 D6 00 00 06 6F 7D 00 00 0A 26 02 7B 6D  ..(Ö...o}...&.{m
00009C60   00 00 04 72 52 1F 00 70 6F 7D 00 00 0A 03 7C 80  ...rR..po}....|
00009C70   00 00 04 7B 9F 00 00 0A 28 D6 00 00 06 6F 7D 00  ...{...(Ö...o}.
00009C80   00 0A 72 5E 1F 00 70 6F 7D 00 00 0A 26 02 25 7B  ..r^..po}...&.%{
00009C90   6F 00 00 04 17 58 7D 6F 00 00 04 02 16 7D 76 00  o....X}o.....}v.
00009CA0   00 04 2A 00 03 30 02 00 46 00 00 00 00 00 00 00  ..*..0..F.......
00009CB0   0F 00 7B A8 00 00 0A 17 5F 2C 39 0F 00 28 F6 00  ..{¨...._,9..(ö.
00009CC0   00 0A 14 28 0F 00 00 0A 2C 2A 0F 00 28 F6 00 00  ...(....,*..(ö..
00009CD0   0A 7B EB 00 00 0A 14 28 0F 00 00 0A 2C 16 0F 00  .{ë....(....,...
00009CE0   28 F6 00 00 0A 7B EB 00 00 0A 7B 98 00 00 0A 1F  (ö...{ë...{....
00009CF0   09 FE 01 2A 16 2A 00 00 13 30 02 00 79 00 00 00  .þ.*.*...0..y...
00009D00   5C 00 00 11 02 7B A9 00 00 0A 7B AA 00 00 0A 03  \....{©...{ª....
00009D10   8F 28 00 00 01 71 28 00 00 01 0A 12 00 7B AB 00  (...q(......{«.
00009D20   00 0A 17 5F 2D 02 16 2A 12 00 7B AB 00 00 0A 8C  ..._-..*..{«...
00009D30   6A 00 00 01 6F 85 00 00 0A 0B 07 72 62 3A 00 70  j...o.....rb:.p
00009D40   28 E9 00 00 06 2C 02 17 2A 12 00 7B F9 00 00 0A  (é...,..*..{ù...
00009D50   0C 12 02 7B 34 00 00 0A 28 0E 01 00 0A 22 00 60  ...{4...(....".`
00009D60   06 46 2F 17 12 02 7B 9F 00 00 0A 28 0E 01 00 0A  .F/...{...(....
00009D70   22 00 60 06 46 FE 05 16 FE 01 2A 17 2A 00 00 00  ".`.Fþ..þ.*.*...
00009D80   03 30 02 00 5B 00 00 00 00 00 00 00 03 2D 08 0F  .0..[........-..
00009D90   00 7B 24 01 00 0A 2A 03 17 33 08 0F 00 7B 25 01  .{$...*..3...{%.
00009DA0   00 0A 2A 03 18 33 08 0F 00 7B 26 01 00 0A 2A 03  ..*..3...{&...*.
00009DB0   19 33 08 0F 00 7B 27 01 00 0A 2A 03 1A 33 08 0F  .3...{'...*..3..
00009DC0   00 7B 28 01 00 0A 2A 03 1B 33 08 0F 00 7B 29 01  .{(...*..3...{).
00009DD0   00 0A 2A 03 1C 33 08 0F 00 7B 2A 01 00 0A 2A 0F  ..*..3...{*...*.
00009DE0   00 7B 2B 01 00 0A 2A 76 02 72 D1 04 00 70 7D 7F  .{+...*v.rÑ..p}
00009DF0   00 00 04 02 28 06 01 00 0A 7D 80 00 00 04 02 28  ....(....}....(
00009E00   06 00 00 0A 2A 00 00 00 03 30 02 00 5A 00 00 00  ....*....0..Z...
00009E10   00 00 00 00 02 73 74 00 00 0A 7D 82 00 00 04 02  .....st...}....
00009E20   73 74 00 00 0A 7D 83 00 00 04 02 73 74 00 00 0A  st...}....st...
00009E30   7D 84 00 00 04 02 17 7D 87 00 00 04 02 17 7D 88  }.....}.....}
00009E40   00 00 04 02 17 7D 89 00 00 04 02 73 D3 00 00 0A  .....}....sÓ...
00009E50   7D 8A 00 00 04 02 73 D3 00 00 0A 7D 8B 00 00 04  }....sÓ...}...
00009E60   02 28 06 00 00 0A 02 03 7D 81 00 00 04 2A 00 00  .(......}...*..
00009E70   13 30 07 00 64 00 00 00 5D 00 00 11 28 92 00 00  .0..d...]...(..
00009E80   0A 0A 17 0B 2B 49 06 7B 9A 00 00 0A 7B 9B 00 00  ....+I.{...{..
00009E90   0A 07 8F 17 00 00 01 71 17 00 00 01 0C 12 02 7B  ......q.......{
00009EA0   9C 00 00 0A 17 5F 2C 22 02 72 20 21 00 70 07 12  ...._,".r !.p..
00009EB0   02 7B F4 00 00 0A 12 02 7B F2 00 00 0A 12 02 7B  .{ô.....{ò.....{
00009EC0   9C 00 00 0A 17 28 C3 00 00 06 07 17 58 D1 0B 07  ....(Ã.....XÑ..
00009ED0   06 7B 9A 00 00 0A 7B 9B 00 00 0A 8E 69 32 A7 2A  .{...{...i2§*
00009EE0   13 30 07 00 5E 00 00 00 5E 00 00 11 28 A5 00 00  .0..^...^...(¥..
00009EF0   0A 0A 17 0B 2B 43 06 7B A9 00 00 0A 7B AA 00 00  ....+C.{©...{ª..
00009F00   0A 07 8F 28 00 00 01 71 28 00 00 01 0C 12 02 7B  ..(...q(......{
00009F10   AB 00 00 0A 17 5F 2C 1C 02 72 46 22 00 70 07 12  «...._,..rF".p..
00009F20   02 7B F9 00 00 0A 12 02 7B 30 01 00 0A 16 16 28  .{ù.....{0.....(
00009F30   C3 00 00 06 07 17 58 D1 0B 07 06 7B A9 00 00 0A  Ã.....XÑ...{©...
00009F40   7B AA 00 00 0A 8E 69 32 AD 2A 00 00 13 30 07 00  {ª...i2­*...0..
00009F50   5E 00 00 00 5F 00 00 11 28 A5 00 00 0A 0A 17 0B  ^..._...(¥......
00009F60   2B 43 06 7B A6 00 00 0A 7B A7 00 00 0A 07 8F 24  +C.{¦...{§....$
00009F70   00 00 01 71 24 00 00 01 0C 12 02 7B A8 00 00 0A  ...q$......{¨...
00009F80   17 5F 2C 1C 02 72 9A 21 00 70 07 12 02 7B FA 00  ._,..r!.p...{ú.
00009F90   00 0A 12 02 7B FB 00 00 0A 16 16 28 C3 00 00 06  ....{û.....(Ã...
00009FA0   07 17 58 D1 0B 07 06 7B A6 00 00 0A 7B A7 00 00  ..XÑ...{¦...{§..
00009FB0   0A 8E 69 32 AD 2A 00 00 1B 30 03 00 BC 01 00 00  .i2­*...0..¼...
00009FC0   60 00 00 11 02 7B 8A 00 00 04 6F DB 00 00 0A 0C  `....{...oÛ....
00009FD0   2B 60 12 02 28 DC 00 00 0A 0A 02 7B 88 00 00 04  +`..(Ü.....{...
00009FE0   2D 11 02 7B 83 00 00 04 72 D5 15 00 70 6F 7D 00  -..{...rÕ..po}.
00009FF0   00 0A 26 02 7B 83 00 00 04 72 F3 15 00 70 6F 7D  ..&.{...ró..po}
0000A000   00 00 0A 12 00 28 DD 00 00 0A 28 D4 00 00 06 6F  .....(Ý...(Ô...o
0000A010   7D 00 00 0A 72 98 2E 00 70 6F 7D 00 00 0A 12 00  }...r..po}.....
0000A020   28 DE 00 00 0A 6F 8A 00 00 0A 26 02 16 7D 88 00  (Þ...o...&..}.
0000A030   00 04 12 02 28 DF 00 00 0A 2D 97 DE 0E 12 02 FE  ....(ß...-Þ...þ
0000A040   16 17 00 00 1B 6F 83 00 00 0A DC 02 7B 8B 00 00  .....o...Ü.{..
0000A050   04 6F DB 00 00 0A 0D 2B 60 12 03 28 DC 00 00 0A  .oÛ....+`..(Ü...
0000A060   0B 02 7B 89 00 00 04 2D 11 02 7B 84 00 00 04 72  ..{...-..{...r
0000A070   D5 15 00 70 6F 7D 00 00 0A 26 02 7B 84 00 00 04  Õ..po}...&.{...
0000A080   72 F3 15 00 70 6F 7D 00 00 0A 12 01 28 DD 00 00  ró..po}.....(Ý..
0000A090   0A 28 D4 00 00 06 6F 7D 00 00 0A 72 98 2E 00 70  .(Ô...o}...r..p
0000A0A0   6F 7D 00 00 0A 12 01 28 DE 00 00 0A 6F 8A 00 00  o}.....(Þ...o..
0000A0B0   0A 26 02 16 7D 89 00 00 04 12 03 28 DF 00 00 0A  .&..}.....(ß...
0000A0C0   2D 97 DE 0E 12 03 FE 16 17 00 00 1B 6F 83 00 00  -Þ...þ.....o..
0000A0D0   0A DC 1F 0D 8D 01 00 00 01 13 04 11 04 16 72 75  .Ü...........ru
0000A0E0   16 00 70 A2 11 04 17 02 7B 86 00 00 04 8C 47 00  ..p¢....{...G.
0000A0F0   00 01 A2 11 04 18 72 F4 29 00 70 A2 11 04 19 02  ..¢...rô).p¢....
0000A100   7B 85 00 00 04 8C 47 00 00 01 A2 11 04 1A 72 0E  {...G...¢...r.
0000A110   2A 00 70 A2 11 04 1B 02 7B 81 00 00 04 8C 47 00  *.p¢....{...G.
0000A120   00 01 A2 11 04 1C 72 34 32 00 70 A2 11 04 1D 02  ..¢...r42.p¢....
0000A130   7B 83 00 00 04 6F 85 00 00 0A A2 11 04 1E 72 FA  {...o...¢...rú
0000A140   3D 00 70 A2 11 04 1F 09 02 7B 84 00 00 04 6F 85  =.p¢.....{...o
0000A150   00 00 0A A2 11 04 1F 0A 72 26 3E 00 70 A2 11 04  ...¢....r&>.p¢..
0000A160   1F 0B 02 7B 82 00 00 04 6F 85 00 00 0A A2 11 04  ...{...o...¢..
0000A170   1F 0C 72 CF 16 00 70 A2 11 04 28 59 00 00 0A 2A  ..rÏ..p¢..(Y...*
0000A180   01 1C 00 00 02 00 0C 00 6D 79 00 0E 00 00 00 00  ........my......
0000A190   02 00 93 00 6D 00 01 0E 00 00 00 00 13 30 04 00  ...m........0..
0000A1A0   92 02 00 00 61 00 00 11 0E 06 2C 0A 02 0E 05 28  ...a.....,....(
0000A1B0   C9 00 00 06 2B 01 16 0A 0F 04 28 F3 00 00 0A 2C  É...+.....(ó...,
0000A1C0   04 06 2D 01 2A 02 0E 04 0E 05 06 28 C4 00 00 06  ..-.*......(Ä...
0000A1D0   0B 02 0E 04 0E 05 06 28 C7 00 00 06 0C 02 25 7B  .......(Ç.....%{
0000A1E0   86 00 00 04 17 58 7D 86 00 00 04 02 7B 8A 00 00  ....X}....{..
0000A1F0   04 07 6F D8 00 00 0A 2C 1D 02 7B 8A 00 00 04 25  ..oØ...,..{...%
0000A200   0D 07 25 13 04 09 11 04 6F D9 00 00 0A 17 58 6F  ..%.....oÙ....Xo
0000A210   DA 00 00 0A 2B 0D 02 7B 8A 00 00 04 07 17 6F DA  Ú...+..{.....oÚ
0000A220   00 00 0A 02 0E 04 28 C5 00 00 06 02 0E 05 06 28  ......(Å.......(
0000A230   CA 00 00 06 02 7B 85 00 00 04 02 7B 81 00 00 04  Ê....{....{...
0000A240   32 01 2A 02 7B 87 00 00 04 2D 11 02 7B 82 00 00  2.*.{...-..{..
0000A250   04 72 D5 15 00 70 6F 7D 00 00 0A 26 02 7B 82 00  .rÕ..po}...&.{.
0000A260   00 04 72 44 3E 00 70 6F 7D 00 00 0A 03 6F 7D 00  ..rD>.po}....o}.
0000A270   00 0A 72 F3 15 00 70 6F 7D 00 00 0A 26 02 7B 82  ..ró..po}...&.{
0000A280   00 00 04 72 64 3E 00 70 6F 7D 00 00 0A 04 6F F5  ...rd>.po}....oõ
0000A290   00 00 0A 26 02 7B 82 00 00 04 72 58 2E 00 70 6F  ...&.{...rX..po
0000A2A0   7D 00 00 0A 07 28 D4 00 00 06 6F 7D 00 00 0A 72  }....(Ô...o}...r
0000A2B0   F3 15 00 70 6F 7D 00 00 0A 26 02 7B 82 00 00 04  ó..po}...&.{...
0000A2C0   72 72 3E 00 70 6F 7D 00 00 0A 08 6F 7D 00 00 0A  rr>.po}....o}...
0000A2D0   26 02 7B 82 00 00 04 72 94 3E 00 70 6F 7D 00 00  &.{...r>.po}..
0000A2E0   0A 0F 04 7B 31 01 00 0A 13 05 12 05 28 32 01 00  ...{1.......(2..
0000A2F0   0A 6F 7D 00 00 0A 26 02 7B 82 00 00 04 72 B4 3E  .o}...&.{...r´>
0000A300   00 70 6F 7D 00 00 0A 0F 04 7B 33 01 00 0A 13 06  .po}.....{3.....
0000A310   12 06 28 32 01 00 0A 6F 7D 00 00 0A 26 0E 06 2C  ..(2...o}...&..,
0000A320   4F 02 7B 82 00 00 04 72 D4 3E 00 70 6F 7D 00 00  O.{...rÔ>.po}..
0000A330   0A 02 0E 05 28 CF 00 00 06 28 D4 00 00 06 6F 7D  ....(Ï...(Ô...o}
0000A340   00 00 0A 72 F3 15 00 70 6F 7D 00 00 0A 26 02 7B  ...ró..po}...&.{
0000A350   82 00 00 04 72 FA 3E 00 70 6F 7D 00 00 0A 0E 05  ...rú>.po}.....
0000A360   6A 13 07 12 07 28 32 01 00 0A 6F 7D 00 00 0A 26  j....(2...o}...&
0000A370   02 7B 82 00 00 04 72 24 3F 00 70 6F 7D 00 00 0A  .{...r$?.po}...
0000A380   0F 04 28 34 01 00 0A 28 D5 00 00 06 6F 7D 00 00  ..(4...(Õ...o}..
0000A390   0A 26 02 7B 82 00 00 04 72 3C 3F 00 70 6F 7D 00  .&.{...r<?.po}.
0000A3A0   00 0A 0F 04 28 35 01 00 0A 28 D5 00 00 06 6F 7D  ....(5...(Õ...o}
0000A3B0   00 00 0A 26 02 7B 82 00 00 04 72 74 2E 00 70 6F  ...&.{...rt..po
0000A3C0   7D 00 00 0A 0F 03 7B 34 00 00 0A 28 D6 00 00 06  }.....{4...(Ö...
0000A3D0   6F 7D 00 00 0A 26 02 7B 82 00 00 04 72 46 1F 00  o}...&.{...rF..
0000A3E0   70 6F 7D 00 00 0A 0F 03 7B 35 00 00 0A 28 D6 00  po}.....{5...(Ö.
0000A3F0   00 06 6F 7D 00 00 0A 26 02 7B 82 00 00 04 72 52  ..o}...&.{...rR
0000A400   1F 00 70 6F 7D 00 00 0A 0F 03 7B 9F 00 00 0A 28  ..po}.....{...(
0000A410   D6 00 00 06 6F 7D 00 00 0A 72 5E 1F 00 70 6F 7D  Ö...o}...r^..po}
0000A420   00 00 0A 26 02 25 7B 85 00 00 04 17 58 7D 85 00  ...&.%{....X}.
0000A430   00 04 02 16 7D 87 00 00 04 2A 00 00 13 30 03 00  ....}...*...0..
0000A440   42 00 00 00 51 00 00 11 0F 01 28 F3 00 00 0A 2D  B...Q.....(ó...-
0000A450   0F 0F 01 FE 16 2A 00 00 01 6F 85 00 00 0A 2B 05  ...þ.*...o...+.
0000A460   72 D1 04 00 70 0A 05 2D 02 06 2A 02 04 28 CE 00  rÑ..p..-..*..(Î.
0000A470   00 06 0B 06 6F 42 00 00 0A 2D 02 07 2A 06 72 54  ....oB...-..*.rT
0000A480   3F 00 70 07 28 56 00 00 0A 2A BE 02 D0 80 00 00  ?.p.(V...*¾.Ð..
0000A490   01 28 14 00 00 0A 0F 01 7B 31 01 00 0A 28 C6 00  .(......{1...(Æ.
0000A4A0   00 06 02 D0 82 00 00 01 28 14 00 00 0A 0F 01 7B  ...Ð...(......{
0000A4B0   33 01 00 0A 28 C6 00 00 06 2A 00 00 13 30 04 00  3...(Æ...*...0..
0000A4C0   8C 00 00 00 62 00 00 11 03 28 36 01 00 0A 0A 16  ...b....(6.....
0000A4D0   0B 2B 77 06 07 6F 37 01 00 0A 0C 08 6F 85 00 00  .+w..o7.....o..
0000A4E0   0A 0D 09 72 5A 3F 00 70 28 58 00 00 0A 2D 57 09  ...rZ?.p(X...-W.
0000A4F0   72 3E 27 00 70 28 58 00 00 0A 2D 4A 08 28 38 01  r>'.p(X...-J.(8.
0000A500   00 0A 13 04 04 11 04 5F 16 6A 2E 3A 02 7B 8B 00  ......._.j.:.{.
0000A510   00 04 09 6F D8 00 00 0A 2C 1F 02 7B 8B 00 00 04  ...oØ...,..{...
0000A520   25 13 05 09 25 13 06 11 05 11 06 6F D9 00 00 0A  %...%......oÙ...
0000A530   17 58 6F DA 00 00 0A 2B 0D 02 7B 8B 00 00 04 09  .XoÚ...+..{....
0000A540   17 6F DA 00 00 0A 07 17 58 0B 07 06 6F 39 01 00  .oÚ.....X...o9..
0000A550   0A 32 80 2A 13 30 05 00 5F 00 00 00 63 00 00 11  .2*.0.._...c...
0000A560   73 74 00 00 0A 0A 17 0B 02 06 D0 80 00 00 01 28  st........Ð...(
0000A570   14 00 00 0A 0F 01 7B 31 01 00 0A 12 01 28 C8 00  ......{1.....(È.
0000A580   00 06 02 06 D0 82 00 00 01 28 14 00 00 0A 0F 01  ....Ð...(......
0000A590   7B 33 01 00 0A 12 01 28 C8 00 00 06 05 2C 0A 02  {3.....(È....,..
0000A5A0   06 04 12 01 28 CC 00 00 06 72 D7 04 00 70 06 6F  ....(Ì...r×..p.o
0000A5B0   85 00 00 0A 72 64 3F 00 70 28 56 00 00 0A 2A 00  ...rd?.p(V...*.
0000A5C0   13 30 02 00 88 00 00 00 64 00 00 11 04 28 36 01  .0.....d....(6.
0000A5D0   00 0A 0A 16 0B 2B 73 06 07 6F 37 01 00 0A 0C 08  .....+s..o7.....
0000A5E0   6F 85 00 00 0A 0D 09 72 5A 3F 00 70 28 58 00 00  o.....rZ?.p(X..
0000A5F0   0A 2D 53 09 72 3E 27 00 70 28 58 00 00 0A 2D 46  .-S.r>'.p(X...-F
0000A600   08 28 38 01 00 0A 13 04 05 11 04 5F 16 6A 2E 36  .(8........_.j.6
0000A610   0E 04 46 2D 0C 03 72 D5 15 00 70 6F 7D 00 00 0A  ..F-..rÕ..po}...
0000A620   26 03 72 F3 15 00 70 6F 7D 00 00 0A 09 28 D4 00  &.ró..po}....(Ô.
0000A630   00 06 6F 7D 00 00 0A 72 F3 15 00 70 6F 7D 00 00  ..o}...ró..po}..
0000A640   0A 26 0E 04 16 52 07 17 58 0B 07 06 6F 39 01 00  .&...R..X...o9..
0000A650   0A 32 84 2A D2 03 20 00 00 04 00 5F 2D 29 03 20  .2*Ò. ...._-).
0000A660   00 00 40 00 5F 2D 20 03 20 00 00 40 00 5F 2D 17  ..@._- . ..@._-.
0000A670   03 20 00 00 00 20 5F 2D 0E 03 20 00 40 00 00 5F  . ... _-.. .@.._
0000A680   16 FE 01 16 FE 01 2A 17 2A 00 00 00 03 30 04 00  .þ..þ.*.*....0..
0000A690   5A 00 00 00 00 00 00 00 04 2D 01 2A 02 03 20 00  Z........-.*.. .
0000A6A0   00 04 00 72 68 3F 00 70 28 CB 00 00 06 02 03 20  ...rh?.p(Ë.....
0000A6B0   00 00 40 00 72 7C 3F 00 70 28 CB 00 00 06 02 03  ..@.r|?.p(Ë.....
0000A6C0   20 00 00 40 00 72 92 3F 00 70 28 CB 00 00 06 02   ..@.r?.p(Ë....
0000A6D0   03 20 00 00 00 20 72 A6 3F 00 70 28 CB 00 00 06  . ... r¦?.p(Ë...
0000A6E0   02 03 20 00 40 00 00 72 B6 3F 00 70 28 CB 00 00  .. .@..r¶?.p(Ë..
0000A6F0   06 2A 00 00 13 30 04 00 3C 00 00 00 35 00 00 11  .*...0..<...5...
0000A700   03 04 5F 2D 01 2A 02 7B 8B 00 00 04 05 6F D8 00  .._-.*.{....oØ.
0000A710   00 0A 2C 1A 02 7B 8B 00 00 04 25 0A 05 25 0B 06  ..,..{...%..%..
0000A720   07 6F D9 00 00 0A 17 58 6F DA 00 00 0A 2A 02 7B  .oÙ....XoÚ...*.{
0000A730   8B 00 00 04 05 17 6F DA 00 00 0A 2A 03 30 06 00  .....oÚ...*.0..
0000A740   60 00 00 00 00 00 00 00 02 03 04 20 00 00 04 00  `.......... ....
0000A750   72 68 3F 00 70 05 28 CD 00 00 06 02 03 04 20 00  rh?.p.(Í...... .
0000A760   00 40 00 72 7C 3F 00 70 05 28 CD 00 00 06 02 03  .@.r|?.p.(Í.....
0000A770   04 20 00 00 40 00 72 92 3F 00 70 05 28 CD 00 00  . ..@.r?.p.(Í..
0000A780   06 02 03 04 20 00 00 00 20 72 A6 3F 00 70 05 28  .... ... r¦?.p.(
0000A790   CD 00 00 06 02 03 04 20 00 40 00 00 72 B6 3F 00  Í...... .@..r¶?.
0000A7A0   70 05 28 CD 00 00 06 2A FA 04 05 5F 2D 01 2A 0E  p.(Í...*ú.._-.*.
0000A7B0   05 46 2D 0C 03 72 D5 15 00 70 6F 7D 00 00 0A 26  .F-..rÕ..po}...&
0000A7C0   03 72 F3 15 00 70 6F 7D 00 00 0A 0E 04 28 D4 00  .ró..po}.....(Ô.
0000A7D0   00 06 6F 7D 00 00 0A 72 F3 15 00 70 6F 7D 00 00  ..o}...ró..po}..
0000A7E0   0A 26 0E 05 16 52 2A 00 13 30 06 00 73 00 00 00  .&...R*..0..s...
0000A7F0   63 00 00 11 73 74 00 00 0A 0A 17 0B 02 06 03 20  c...st.........
0000A800   00 00 04 00 72 68 3F 00 70 12 01 28 D0 00 00 06  ....rh?.p..(Ð...
0000A810   02 06 03 20 00 00 40 00 72 7C 3F 00 70 12 01 28  ... ..@.r|?.p..(
0000A820   D0 00 00 06 02 06 03 20 00 00 40 00 72 92 3F 00  Ð...... ..@.r?.
0000A830   70 12 01 28 D0 00 00 06 02 06 03 20 00 00 00 20  p..(Ð...... ...
0000A840   72 A6 3F 00 70 12 01 28 D0 00 00 06 02 06 03 20  r¦?.p..(Ð......
0000A850   00 40 00 00 72 B6 3F 00 70 12 01 28 D0 00 00 06  .@..r¶?.p..(Ð...
0000A860   06 6F 85 00 00 0A 2A 32 03 8C 2B 00 00 01 6F 85  .o...*2.+...o
0000A870   00 00 0A 2A 96 04 05 5F 2D 01 2A 0E 05 46 2D 0C  ...*.._-.*..F-.
0000A880   03 72 54 3F 00 70 6F 7D 00 00 0A 26 03 0E 04 6F  .rT?.po}...&...o
0000A890   7D 00 00 0A 26 0E 05 16 52 2A 00 00 1B 30 07 00  }...&...R*...0..
0000A8A0   69 00 00 00 65 00 00 11 02 03 6F 3A 01 00 0A DE  i...e.....o:...Þ
0000A8B0   5F 0A 06 28 D3 00 00 06 2D 02 FE 1A D0 2D 00 00  _..(Ó...-.þ.Ð-..
0000A8C0   01 28 14 00 00 0A 72 D8 3F 00 70 1F 24 14 17 8D  .(....rØ?.p.$..
0000A8D0   2C 00 00 01 0C 08 16 D0 63 00 00 01 28 14 00 00  ,......Ðc...(...
0000A8E0   0A A2 08 14 28 3B 01 00 0A 0B 07 14 28 A3 00 00  .¢..(;......(£..
0000A8F0   0A 2C 02 FE 1A 07 02 17 8D 01 00 00 01 0D 09 16  .,.þ...........
0000A900   03 8C 63 00 00 01 A2 09 6F A4 00 00 0A 26 DE 00  .c...¢.o¤...&Þ.
0000A910   2A 00 00 00 01 10 00 00 00 00 00 00 09 09 00 5F  *.............._
0000A920   2E 00 00 01 1B 30 07 00 E0 00 00 00 66 00 00 11  .....0..à...f...
0000A930   02 03 04 6F 3C 01 00 0A DD D2 00 00 00 0A 06 28  ...o<...ÝÒ.....(
0000A940   D3 00 00 06 2D 02 FE 1A D0 25 00 00 01 28 14 00  Ó...-.þ.Ð%...(..
0000A950   00 0A 72 14 40 00 70 1F 24 14 18 8D 2C 00 00 01  ..r.@.p.$..,...
0000A960   0C 08 16 D0 63 00 00 01 28 14 00 00 0A A2 08 17  ...Ðc...(....¢..
0000A970   D0 65 00 00 01 28 14 00 00 0A A2 08 14 28 3B 01  Ðe...(....¢..(;.
0000A980   00 0A 0B 07 14 28 3D 01 00 0A 2C 24 07 02 18 8D  .....(=...,$...
0000A990   01 00 00 01 0D 09 16 03 8C 63 00 00 01 A2 09 17  ........c...¢..
0000A9A0   04 8C 65 00 00 01 A2 09 6F A4 00 00 0A 26 DE 5F  .e...¢.o¤...&Þ_
0000A9B0   04 2C 02 FE 1A D0 25 00 00 01 28 14 00 00 0A 72  .,.þ.Ð%...(....r
0000A9C0   14 40 00 70 1F 24 14 17 8D 2C 00 00 01 13 04 11  .@.p.$..,......
0000A9D0   04 16 D0 63 00 00 01 28 14 00 00 0A A2 11 04 14  ..Ðc...(....¢...
0000A9E0   28 3B 01 00 0A 0B 07 14 28 A3 00 00 0A 2C 02 FE  (;......(£...,.þ
0000A9F0   1A 07 02 17 8D 01 00 00 01 13 05 11 05 16 03 8C  ..............
0000AA00   63 00 00 01 A2 11 05 6F A4 00 00 0A 26 DE 00 2A  c...¢..o¤...&Þ.*
0000AA10   01 10 00 00 00 00 00 00 0D 0D 00 D2 2E 00 00 01  ...........Ò....
0000AA20   86 02 6F 52 00 00 0A 2C 17 02 6F 52 00 00 0A 72  .oR...,..oR...r
0000AA30   4E 40 00 70 6F 8B 00 00 0A 16 FE 04 16 FE 01 2A  N@.po....þ..þ.*
0000AA40   16 2A 00 00 13 30 02 00 96 00 00 00 67 00 00 11  .*...0.....g...
0000AA50   02 2D 06 72 D1 04 00 70 2A 73 74 00 00 0A 0A 16  .-.rÑ..p*st.....
0000AA60   0B 2B 73 02 07 6F 3E 01 00 0A 0C 08 1F 5C 33 0E  .+s..o>......\3.
0000AA70   06 72 84 40 00 70 6F 7D 00 00 0A 26 2B 54 08 1F  .r@.po}...&+T..
0000AA80   22 33 0E 06 72 8A 40 00 70 6F 7D 00 00 0A 26 2B  "3..r@.po}...&+
0000AA90   41 08 1F 0A 33 0E 06 72 90 40 00 70 6F 7D 00 00  A...3..r@.po}..
0000AAA0   0A 26 2B 2E 08 1F 0D 33 0E 06 72 96 40 00 70 6F  .&+....3..r@.po
0000AAB0   7D 00 00 0A 26 2B 1B 08 1F 09 33 0E 06 72 9C 40  }...&+....3..r@
0000AAC0   00 70 6F 7D 00 00 0A 26 2B 08 06 08 6F 3F 01 00  .po}...&+...o?..
0000AAD0   0A 26 07 17 58 0B 07 02 6F 42 00 00 0A 32 84 06  .&..X...oB...2.
0000AAE0   6F 85 00 00 0A 2A 3E 02 2D 06 72 FB 07 00 70 2A  o...*>.-.rû..p*
0000AAF0   72 07 08 00 70 2A 4A 0F 00 72 A2 40 00 70 28 40  r...p*J..r¢@.p(@
0000AB00   01 00 0A 28 41 01 00 0A 2A 00 00 00 13 30 03 00  ...(A...*....0..
0000AB10   33 00 00 00 68 00 00 11 1B 8D 48 00 00 01 0A 06  3...h....H.....
0000AB20   16 72 F3 15 00 70 A2 06 17 02 A2 06 18 72 AE 40  .ró..p¢...¢..r®@
0000AB30   00 70 A2 06 19 03 28 D4 00 00 06 A2 06 1A 72 F3  .p¢...(Ô...¢..ró
0000AB40   15 00 70 A2 06 28 8D 00 00 0A 2A 00 13 30 04 00  ..p¢.(...*..0..
0000AB50   56 00 00 00 69 00 00 11 02 72 F3 15 00 70 03 28  V...i....ró..p.(
0000AB60   42 01 00 0A 72 B6 40 00 70 28 56 00 00 0A 28 43  B...r¶@.p(V...(C
0000AB70   01 00 0A 0A 06 6F 44 01 00 0A 2D 02 04 2A 06 6F  .....oD...-..*.o
0000AB80   45 01 00 0A 17 6F 46 01 00 0A 6F 47 01 00 0A 72  E....oF...oG...r
0000AB90   8A 40 00 70 72 F3 15 00 70 6F 5F 00 00 0A 72 84  @.pró..po_...r
0000ABA0   40 00 70 72 DA 40 00 70 6F 5F 00 00 0A 2A 00 00  @.prÚ@.po_...*..
0000ABB0   13 30 04 00 47 00 00 00 69 00 00 11 02 72 F3 15  .0..G...i....ró.
0000ABC0   00 70 03 28 42 01 00 0A 72 DE 40 00 70 28 56 00  .p.(B...rÞ@.p(V.
0000ABD0   00 0A 17 28 48 01 00 0A 0A 06 6F 44 01 00 0A 2D  ...(H.....oD...-
0000ABE0   02 04 2A 06 6F 45 01 00 0A 17 6F 46 01 00 0A 6F  ..*.oE....oF...o
0000ABF0   47 01 00 0A 72 07 08 00 70 17 28 6B 00 00 0A 16  G...r...p.(k....
0000AC00   FE 01 2A 00 13 30 04 00 3F 00 00 00 69 00 00 11  þ.*..0..?...i...
0000AC10   02 72 F3 15 00 70 03 28 42 01 00 0A 72 08 41 00  .ró..p.(B...r.A.
0000AC20   70 28 56 00 00 0A 28 43 01 00 0A 0A 06 6F 44 01  p(V...(C.....oD.
0000AC30   00 0A 2D 02 05 2A 06 6F 45 01 00 0A 17 6F 46 01  ..-..*.oE....oF.
0000AC40   00 0A 6F 47 01 00 0A 04 05 28 DB 00 00 06 2A 00  ..oG.....(Û...*.
0000AC50   13 30 04 00 4E 00 00 00 6A 00 00 11 02 72 F3 15  .0..N...j....ró.
0000AC60   00 70 03 28 42 01 00 0A 72 30 41 00 70 28 56 00  .p.(B...r0A.p(V.
0000AC70   00 0A 28 43 01 00 0A 0A 06 6F 44 01 00 0A 2D 02  ..(C.....oD...-.
0000AC80   04 2A 06 6F 45 01 00 0A 17 6F 46 01 00 0A 6F 47  .*.oE....oF...oG
0000AC90   01 00 0A 20 A7 00 00 00 28 40 01 00 0A 12 01 28  ... §...(@.....(
0000ACA0   49 01 00 0A 2C 02 07 2A 04 2A 00 00 13 30 05 00  I...,..*.*...0..
0000ACB0   DD 00 00 00 6B 00 00 11 73 4A 01 00 0A 0A 02 72  Ý...k...sJ.....r
0000ACC0   F3 15 00 70 03 72 F3 15 00 70 28 56 00 00 0A 6F  ó..p.ró..p(V...o
0000ACD0   8B 00 00 0A 0B 07 16 2F 02 06 2A 02 1F 5B 07 6F  ....../..*..[.o
0000ACE0   4B 01 00 0A 0C 08 16 2F 02 06 2A 16 0D 15 13 04  K....../..*.....
0000ACF0   16 13 05 16 13 06 08 17 58 13 07 38 86 00 00 00  ........X..8...
0000AD00   02 11 07 6F 3E 01 00 0A 13 08 11 05 2C 1F 11 06  ...o>.......,...
0000AD10   2C 05 16 13 06 2B 69 11 08 1F 5C 33 05 17 13 06  ,....+i...\3....
0000AD20   2B 5E 11 08 1F 22 33 58 16 13 05 2B 53 11 08 1F  +^..."3X...+S...
0000AD30   22 33 05 17 13 05 2B 48 11 08 1F 7B 33 0D 09 2D  "3....+H...{3..-
0000AD40   04 11 07 13 04 09 17 58 0D 2B 35 11 08 1F 7D 33  .......X.+5...}3
0000AD50   26 09 17 59 0D 09 2D 28 11 04 16 32 23 06 02 11  &..Y..-(...2#...
0000AD60   04 11 07 11 04 59 17 58 6F 43 00 00 0A 6F 4C 01  .....Y.XoC...oL.
0000AD70   00 0A 15 13 04 2B 09 11 08 1F 5D 33 03 09 2C 13  .....+....]3..,.
0000AD80   11 07 17 58 13 07 11 07 02 6F 42 00 00 0A 3F 6D  ...X.....oB...?m
0000AD90   FF FF FF 06 2A 00 00 00 13 30 0B 00 B7 02 00 00  ....*....0..·...
0000ADA0   6C 00 00 11 02 72 79 17 00 70 16 28 D9 00 00 06  l....ry..p.(Ù...
0000ADB0   0A 02 72 A1 10 00 70 72 70 41 00 70 28 D8 00 00  ..r¡..prpA.p(Ø..
0000ADC0   06 0B 02 72 73 12 00 70 72 D1 04 00 70 28 D8 00  ...rs..prÑ..p(Ø.
0000ADD0   00 06 0C 02 72 92 36 00 70 28 E0 00 00 06 0D 02  ....r6.p(à.....
0000ADE0   72 9E 36 00 70 28 E0 00 00 06 13 04 07 28 4D 01  r6.p(à......(M.
0000ADF0   00 0A 13 05 11 05 14 28 08 00 00 0A 2C 11 72 86  .......(....,.r
0000AE00   41 00 70 07 28 3F 00 00 0A 28 4B 00 00 06 2A 11  A.p.(?...(K...*.
0000AE10   04 09 28 31 00 00 0A 13 12 12 12 28 32 00 00 0A  ..(1.......(2...
0000AE20   22 00 00 80 41 34 0B 72 BE 41 00 70 28 4B 00 00  "..A4.r¾A.p(K..
0000AE30   06 2A 28 8F 00 00 0A 13 06 12 03 11 06 09 16 22  .*(..........."
0000AE40   00 00 00 00 6F 90 00 00 0A 7D 35 00 00 0A 12 04  ....o...}5.....
0000AE50   11 06 11 04 16 22 00 00 00 00 6F 90 00 00 0A 7D  ....."....o...}
0000AE60   35 00 00 0A 06 2C 1B 72 E4 41 00 70 07 28 D4 00  5....,.räA.p.(Ô.
0000AE70   00 06 72 1D 06 00 70 28 56 00 00 0A 28 4A 00 00  ..r...p(V...(J..
0000AE80   06 2A 28 91 00 00 0A 13 07 28 A5 00 00 0A 13 08  .*(.....(¥.....
0000AE90   11 07 7B 93 00 00 0A 13 09 09 22 00 00 00 40 11  ..{......"...@.
0000AEA0   05 28 DE 00 00 06 13 0A 11 04 22 00 00 00 40 11  .(Þ......."...@.
0000AEB0   05 28 DE 00 00 06 13 0B 16 13 0C 16 13 0D 11 0A  .(Þ.............
0000AEC0   2D 25 11 08 12 0A 12 09 11 05 09 11 07 7B 95 00  -%...........{.
0000AED0   00 0A 6F 4E 01 00 0A 2D 0B 72 89 42 00 70 28 4B  ..oN...-.rB.p(K
0000AEE0   00 00 06 2A 17 13 0C 11 0C 2C 0F 11 07 25 7B 95  ...*.....,...%{
0000AEF0   00 00 0A 17 58 7D 95 00 00 0A 11 0B 2D 26 11 08  ....X}.....-&..
0000AF00   12 0B 12 09 11 05 11 04 11 07 7B 95 00 00 0A 6F  ..........{...o
0000AF10   4E 01 00 0A 2D 0B 72 C3 42 00 70 28 4B 00 00 06  N...-.rÃB.p(K...
0000AF20   2A 17 13 0D 11 0D 2C 0F 11 07 25 7B 95 00 00 0A  *.....,...%{...
0000AF30   17 58 7D 95 00 00 0A 11 04 09 28 31 00 00 0A 13  .X}......(1....
0000AF40   13 12 13 28 4F 01 00 0A 13 0E 11 08 12 0F 12 09  ...(O...........
0000AF50   11 05 11 0A 11 0B 11 0E 11 0E 28 50 01 00 0A 11  ..........(P....
0000AF60   07 7B 95 00 00 0A 11 07 7B 95 00 00 0A 16 6F 51  .{.....{....oQ
0000AF70   01 00 0A 13 10 11 07 11 09 7D 93 00 00 0A 11 10  .........}.....
0000AF80   2D 0B 72 F9 42 00 70 28 4B 00 00 06 2A 11 07 25  -.rùB.p(K...*..%
0000AF90   7B 95 00 00 0A 18 58 7D 95 00 00 0A 08 2C 14 08  {....X}....,..
0000AFA0   6F 42 00 00 0A 16 31 0B 11 08 11 0F 08 6F 52 01  oB....1......oR.
0000AFB0   00 0A 26 1F 09 8D 01 00 00 01 13 14 11 14 16 72  ..&...........r
0000AFC0   37 43 00 70 A2 11 14 17 11 0F 8C 63 00 00 01 A2  7C.p¢.....c...¢
0000AFD0   11 14 18 72 D8 2F 00 70 A2 11 14 19 11 0A 8C 63  ...rØ/.p¢.....c
0000AFE0   00 00 01 A2 11 14 1A 72 F8 2F 00 70 A2 11 14 1B  ...¢...rø/.p¢...
0000AFF0   11 0B 8C 63 00 00 01 A2 11 14 1C 72 85 43 00 70  ..c...¢...rC.p
0000B000   A2 11 14 1D 07 28 D4 00 00 06 A2 11 14 1E 72 1D  ¢....(Ô...¢...r.
0000B010   06 00 70 A2 11 14 28 59 00 00 0A 13 11 1A 8D 01  ..p¢..(Y.......
0000B020   00 00 01 13 15 11 15 16 72 A5 43 00 70 A2 11 15  ........r¥C.p¢..
0000B030   17 11 0F 8C 63 00 00 01 A2 11 15 18 72 70 1C 00  ...c...¢...rp..
0000B040   70 A2 11 15 19 07 A2 11 15 28 59 00 00 0A 28 05  p¢....¢..(Y...(.
0000B050   00 00 0A 11 11 28 4A 00 00 06 2A 00 13 30 02 00  .....(J...*..0..
0000B060   7D 00 00 00 6D 00 00 11 28 A5 00 00 0A 0A 03 03  }...m...(¥......
0000B070   5A 0B 17 0C 2B 5D 06 7B A9 00 00 0A 7B AA 00 00  Z...+].{©...{ª..
0000B080   0A 08 8F 28 00 00 01 71 28 00 00 01 0D 12 03 7B  ..(...q(......{
0000B090   AB 00 00 0A 17 5F 2C 36 12 03 28 0F 01 00 0A 04  «...._,6..(.....
0000B0A0   28 DF 00 00 06 2C 27 12 03 7B F9 00 00 0A 02 28  (ß...,'..{ù....(
0000B0B0   31 00 00 0A 13 04 12 04 22 00 00 00 00 7D 35 00  1......."....}5.
0000B0C0   00 0A 12 04 28 32 00 00 0A 07 35 02 08 2A 08 17  ....(2....5..*..
0000B0D0   58 D1 0C 08 06 7B A9 00 00 0A 7B AA 00 00 0A 8E  XÑ...{©...{ª...
0000B0E0   69 32 93 16 2A 00 00 00 03 30 02 00 5C 00 00 00  i2.*....0..\...
0000B0F0   00 00 00 00 02 14 28 08 00 00 0A 2D 25 03 14 28  ......(....-%..(
0000B100   08 00 00 0A 2D 1C 02 7B EB 00 00 0A 14 28 08 00  ....-..{ë....(..
0000B110   00 0A 2D 0E 03 7B EB 00 00 0A 14 28 08 00 00 0A  ..-..{ë....(....
0000B120   2C 02 16 2A 02 03 28 08 00 00 0A 2C 02 17 2A 02  ,..*..(....,..*.
0000B130   7B EB 00 00 0A 7B 98 00 00 0A 1F 09 33 10 03 7B  {ë...{.....3..{
0000B140   EB 00 00 0A 7B 98 00 00 0A 1F 09 FE 01 2A 16 2A  ë...{.....þ.*.*
0000B150   13 30 04 00 3F 00 00 00 19 00 00 11 02 03 72 00  .0..?.........r.
0000B160   21 00 70 22 00 00 00 00 28 DA 00 00 06 0A 02 03  !.p"....(Ú......
0000B170   72 04 21 00 70 22 00 00 00 00 28 DA 00 00 06 0B  r.!.p"....(Ú....
0000B180   02 03 72 08 21 00 70 22 00 00 00 00 28 DA 00 00  ..r.!.p"....(Ú..
0000B190   06 0C 06 08 07 73 36 00 00 0A 2A 00 13 30 04 00  .....s6...*..0..
0000B1A0   F6 00 00 00 6E 00 00 11 02 72 73 12 00 70 72 D1  ö...n....rs..prÑ
0000B1B0   04 00 70 28 D8 00 00 06 0A 06 2C 0D 06 6F 6D 00  ..p(Ø.....,..om.
0000B1C0   00 0A 6F 42 00 00 0A 2D 06 72 7D 12 00 70 0A 06  ..oB...-.r}..p..
0000B1D0   28 E6 00 00 06 0A 06 6F 42 00 00 0A 2D 06 72 7D  (æ.....oB...-.r}
0000B1E0   12 00 70 0A 28 53 01 00 0A 2C 0B 72 F9 43 00 70  ..p.(S...,.rùC.p
0000B1F0   28 4B 00 00 06 2A 28 E3 00 00 06 0B 07 14 28 08  (K...*(ã......(.
0000B200   00 00 0A 2C 0B 72 37 44 00 70 28 4B 00 00 06 2A  ...,.r7D.p(K...*
0000B210   07 06 6F 54 01 00 0A 0C 06 28 E4 00 00 06 0D 08  ..oT.....(ä.....
0000B220   2D 0B 72 B5 44 00 70 28 4B 00 00 06 2A 72 FF 44  -.rµD.p(K...*r.D
0000B230   00 70 06 72 5D 45 00 70 09 28 41 00 00 0A 28 05  .p.r]E.p.(A...(.
0000B240   00 00 0A 1D 8D 48 00 00 01 13 04 11 04 16 72 67  ....H........rg
0000B250   45 00 70 A2 11 04 17 06 28 D4 00 00 06 A2 11 04  E.p¢....(Ô...¢..
0000B260   18 72 97 45 00 70 A2 11 04 19 09 28 D4 00 00 06  .rE.p¢....(Ô...
0000B270   A2 11 04 1A 72 AD 45 00 70 A2 11 04 1B 28 53 01  ¢...r­E.p¢...(S.
0000B280   00 0A 28 D5 00 00 06 A2 11 04 1C 72 C9 45 00 70  ..(Õ...¢...rÉE.p
0000B290   A2 11 04 28 8D 00 00 0A 28 4A 00 00 06 2A 00 00  ¢..(...(J...*..
0000B2A0   13 30 02 00 15 00 00 00 6F 00 00 11 03 6F 55 01  .0......o....oU.
0000B2B0   00 0A 0A 12 00 02 6F 55 01 00 0A 28 56 01 00 0A  ......oU...(V...
0000B2C0   2A 00 00 00 13 30 04 00 3A 01 00 00 70 00 00 11  *....0..:...p...
0000B2D0   28 E5 00 00 06 0A 72 7C 46 00 70 06 28 D4 00 00  (å....r|F.p.(Ô..
0000B2E0   06 72 AE 46 00 70 28 56 00 00 0A 0B 17 0C 06 28  .r®F.p(V.......(
0000B2F0   57 01 00 0A 39 FE 00 00 00 06 73 58 01 00 0A 72  W...9þ....sX...r
0000B300   C6 46 00 70 28 59 01 00 0A 0D 09 7E 8C 00 00 04  ÆF.p(Y.....~...
0000B310   2D 11 14 FE 06 E7 00 00 06 73 5A 01 00 0A 80 8C  -..þ.ç...sZ...
0000B320   00 00 04 7E 8C 00 00 04 28 04 00 00 2B 16 13 04  ...~...(...+...
0000B330   38 B8 00 00 00 09 11 04 9A 13 05 08 2D 0C 07 72  8¸.........-..r
0000B340   D5 15 00 70 28 3F 00 00 0A 0B 07 13 06 1F 0A 8D  Õ..p(?.........
0000B350   01 00 00 01 13 07 11 07 16 11 06 A2 11 07 17 72  ...........¢...r
0000B360   14 2D 00 70 A2 11 07 18 11 05 6F 5C 01 00 0A 28  .-.p¢.....o\...(
0000B370   5D 01 00 0A 28 D4 00 00 06 A2 11 07 19 72 97 45  ]...(Ô...¢...rE
0000B380   00 70 A2 11 07 1A 11 05 6F 5E 01 00 0A 28 D4 00  .p¢.....o^...(Ô.
0000B390   00 06 A2 11 07 1B 72 D2 46 00 70 A2 11 07 1C 11  ..¢...rÒF.p¢....
0000B3A0   05 6F 55 01 00 0A 13 08 12 08 72 84 27 00 70 28  .oU.......r'.p(
0000B3B0   0A 00 00 0A 28 D4 00 00 06 A2 11 07 1D 72 00 47  ....(Ô...¢...r.G
0000B3C0   00 70 A2 11 07 1E 11 05 6F 5F 01 00 0A 8C 95 00  .p¢.....o_....
0000B3D0   00 01 A2 11 07 1F 09 72 E5 06 00 70 A2 11 07 28  ..¢....rå..p¢..(
0000B3E0   59 00 00 0A 0B 16 0C 11 04 17 58 13 04 11 04 09  Y.........X.....
0000B3F0   8E 69 3F 3E FF FF FF 07 72 CF 16 00 70 28 3F 00  i?>....rÏ..p(?.
0000B400   00 0A 0B 07 28 4A 00 00 06 2A 00 00 13 30 02 00  ....(J...*...0..
0000B410   44 00 00 00 71 00 00 11 D0 2F 00 00 01 28 14 00  D...q...Ð/...(..
0000B420   00 0A 28 60 01 00 0A 75 2F 00 00 01 0A 06 14 28  ..(`...u/......(
0000B430   0F 00 00 0A 2C 02 06 2A D0 2F 00 00 01 28 14 00  ....,..*Ð/...(..
0000B440   00 0A 28 61 01 00 0A 0B 07 2C 0F 07 8E 69 16 31  ..(a.....,..i.1
0000B450   09 07 16 9A 75 2F 00 00 01 2A 14 2A 5A 28 E5 00  ...u/...*.*Z(å.
0000B460   00 06 02 72 18 47 00 70 28 3F 00 00 0A 28 62 01  ...r.G.p(?...(b.
0000B470   00 0A 2A 4A 1F 1C 28 63 01 00 0A 72 22 47 00 70  ..*J..(c...r"G.p
0000B480   28 62 01 00 0A 2A 00 00 13 30 03 00 57 00 00 00  (b...*...0..W...
0000B490   72 00 00 11 02 6F 6D 00 00 0A 6F 64 01 00 0A 0A  r....om...od....
0000B4A0   16 0B 2B 24 06 07 93 0C 08 28 65 01 00 0A 2D 14  ..+$....(e...-.
0000B4B0   08 1F 2D 2E 0F 08 1F 5F 2E 0A 08 1F 20 2E 05 06  ..-...._.... ...
0000B4C0   07 1F 5F 9D 07 17 58 0B 07 06 8E 69 32 D6 06 73  .._..X...i2Ö.s
0000B4D0   66 01 00 0A 0D 09 6F 42 00 00 0A 1F 40 31 0A 09  f.....oB....@1..
0000B4E0   16 1F 40 6F 43 00 00 0A 0D 09 2A 00 13 30 03 00  ..@oC.....*..0..
0000B4F0   A3 00 00 00 73 00 00 11 02 72 99 12 00 70 16 28  £...s....r..p.(
0000B500   D9 00 00 06 0A 02 72 F5 12 00 70 22 00 00 80 3F  Ù.....rõ..p"..?
0000B510   28 DB 00 00 06 69 0B 07 17 2F 02 17 0B 07 19 31  (Û...i.../.....1
0000B520   02 19 0B 28 91 00 00 0A 0C 08 16 6F 67 01 00 0A  ...(......og...
0000B530   08 07 6F 68 01 00 0A 08 06 6F 69 01 00 0A 1D 8D  ..oh.....oi....
0000B540   01 00 00 01 0D 09 16 72 6C 47 00 70 A2 09 17 08  .......rlG.p¢...
0000B550   6F C7 00 00 0A 28 D5 00 00 06 A2 09 18 72 D8 27  oÇ...(Õ...¢..rØ'
0000B560   00 70 A2 09 19 08 6F C8 00 00 0A 8C 47 00 00 01  .p¢...oÈ...G...
0000B570   A2 09 1A 72 FC 27 00 70 A2 09 1B 08 6F C9 00 00  ¢..rü'.p¢...oÉ..
0000B580   0A 8C 47 00 00 01 A2 09 1C 72 E5 06 00 70 A2 09  .G...¢..rå..p¢.
0000B590   28 59 00 00 0A 28 4A 00 00 06 2A 5E 02 2C 12 03  (Y...(J...*^.,..
0000B5A0   2C 0F 02 03 1B 6F 6A 01 00 0A 16 FE 04 16 FE 01  ,....oj....þ..þ.
0000B5B0   2A 16 2A 00 1B 30 04 00 4C 03 00 00 74 00 00 11  *.*..0..L...t...
0000B5C0   02 72 79 17 00 70 16 28 D9 00 00 06 0A 02 72 96  .ry..p.(Ù.....r
0000B5D0   47 00 70 17 28 D9 00 00 06 0B 02 72 F9 10 00 70  G.p.(Ù.....rù..p
0000B5E0   72 B8 47 00 70 28 D8 00 00 06 0C 02 72 D6 47 00  r¸G.p(Ø.....rÖG.
0000B5F0   70 22 00 00 00 42 28 DB 00 00 06 0D 02 72 E4 47  p"...B(Û.....räG
0000B600   00 70 28 F5 00 00 06 13 04 09 22 00 00 00 00 31  .p(õ......"....1
0000B610   08 09 22 00 00 80 43 36 0B 72 F2 47 00 70 28 4B  .."..C6.ròG.p(K
0000B620   00 00 06 2A 08 12 05 28 ED 00 00 06 2D 11 72 36  ...*...(í...-.r6
0000B630   48 00 70 08 28 3F 00 00 0A 28 4B 00 00 06 2A 28  H.p.(?...(K...*(
0000B640   C3 00 00 0A 13 06 09 09 5A 13 07 16 13 08 16 13  Ã.......Z.......
0000B650   09 16 13 0A 17 13 0B 38 A8 01 00 00 11 06 7B D4  .......8¨.....{Ô
0000B660   00 00 0A 7B D5 00 00 0A 11 0B 8F 21 00 00 01 71  ...{Õ.....!...q
0000B670   21 00 00 01 13 0C 12 0C 7B D6 00 00 0A 17 5F 39  !.......{Ö...._9
0000B680   7A 01 00 00 12 0C 7B FD 00 00 0A 11 04 28 31 00  z.....{ý.....(1.
0000B690   00 0A 13 0D 12 0D 22 00 00 00 00 7D 35 00 00 0A  ......"....}5...
0000B6A0   12 0D 28 32 00 00 0A 11 07 3D 50 01 00 00 11 08  ..(2.....=P.....
0000B6B0   17 58 13 08 07 2C 14 11 0C 28 EE 00 00 06 2C 0B  .X...,...(î...,.
0000B6C0   11 09 17 58 13 09 38 33 01 00 00 06 3A 2D 01 00  ...X..83....:-..
0000B6D0   00 11 0C 28 F9 00 00 06 13 0E 16 13 0F 38 AC 00  ...(ù........8¬.
0000B6E0   00 00 16 13 10 38 96 00 00 00 11 06 7B D4 00 00  .....8.....{Ô..
0000B6F0   0A 7B D5 00 00 0A 11 0B 8F 21 00 00 01 11 10 11  .{Õ.....!......
0000B700   0F 11 05 28 6B 01 00 0A 2C 06 11 0A 17 58 13 0A  ...(k...,....X..
0000B710   DE 68 13 11 1E 8D 01 00 00 01 13 13 11 13 16 72  Þh............r
0000B720   5C 48 00 70 A2 11 13 17 11 0B 8C 47 00 00 01 A2  \H.p¢.....G...¢
0000B730   11 13 18 72 B3 13 00 70 A2 11 13 19 11 10 8C 47  ...r³..p¢.....G
0000B740   00 00 01 A2 11 13 1A 72 B3 13 00 70 A2 11 13 1B  ...¢...r³..p¢...
0000B750   11 0F 8C 47 00 00 01 A2 11 13 1C 72 B6 23 00 70  ..G...¢...r¶#.p
0000B760   A2 11 13 1D 11 11 6F 52 00 00 0A A2 11 13 28 59  ¢.....oR...¢..(Y
0000B770   00 00 0A 28 05 00 00 0A DE 00 11 10 17 58 13 10  ...(....Þ....X..
0000B780   11 10 1A 3F 62 FF FF FF 11 0F 17 58 13 0F 11 0F  ...?b......X....
0000B790   11 0E 3F 4B FF FF FF 11 06 7B D4 00 00 0A 7B D5  ..?K.....{Ô...{Õ
0000B7A0   00 00 0A 11 0B 8F 21 00 00 01 11 0B D1 28 6C 01  .....!.....Ñ(l.
0000B7B0   00 0A 11 06 11 0B D1 6F 6D 01 00 0A DE 40 13 12  ......Ñom...Þ@..
0000B7C0   1A 8D 01 00 00 01 13 14 11 14 16 72 AE 48 00 70  ..........r®H.p
0000B7D0   A2 11 14 17 11 0B 8C 47 00 00 01 A2 11 14 18 72  ¢.....G...¢...r
0000B7E0   B6 23 00 70 A2 11 14 19 11 12 6F 52 00 00 0A A2  ¶#.p¢.....oR...¢
0000B7F0   11 14 28 59 00 00 0A 28 05 00 00 0A DE 00 11 0B  ..(Y...(....Þ...
0000B800   17 58 13 0B 11 0B 11 06 7B D4 00 00 0A 7B D5 00  .X......{Ô...{Õ.
0000B810   00 0A 8E 69 3F 43 FE FF FF 06 2C 6D 1F 09 8D 01  ..i?Cþ...,m...
0000B820   00 00 01 13 15 11 15 16 72 16 49 00 70 A2 11 15  ........r.I.p¢..
0000B830   17 08 28 D4 00 00 06 A2 11 15 18 72 5A 49 00 70  ..(Ô...¢...rZI.p
0000B840   A2 11 15 19 07 28 D5 00 00 06 A2 11 15 1A 72 86  ¢....(Õ...¢...r
0000B850   49 00 70 A2 11 15 1B 11 08 8C 47 00 00 01 A2 11  I.p¢.....G...¢.
0000B860   15 1C 72 AC 49 00 70 A2 11 15 1D 11 09 8C 47 00  ..r¬I.p¢.....G.
0000B870   00 01 A2 11 15 1E 72 E5 06 00 70 A2 11 15 28 59  ..¢...rå..p¢..(Y
0000B880   00 00 0A 28 4A 00 00 06 2A 1F 0B 8D 01 00 00 01  ...(J...*......
0000B890   13 16 11 16 16 72 E0 49 00 70 A2 11 16 17 08 28  .....ràI.p¢....(
0000B8A0   D4 00 00 06 A2 11 16 18 72 5A 49 00 70 A2 11 16  Ô...¢...rZI.p¢..
0000B8B0   19 07 28 D5 00 00 06 A2 11 16 1A 72 26 4A 00 70  ..(Õ...¢...r&J.p
0000B8C0   A2 11 16 1B 11 08 8C 47 00 00 01 A2 11 16 1C 72  ¢.....G...¢...r
0000B8D0   AC 49 00 70 A2 11 16 1D 11 09 8C 47 00 00 01 A2  ¬I.p¢.....G...¢
0000B8E0   11 16 1E 72 4A 4A 00 70 A2 11 16 1F 09 11 0A 8C  ...rJJ.p¢......
0000B8F0   47 00 00 01 A2 11 16 1F 0A 72 E5 06 00 70 A2 11  G...¢....rå..p¢.
0000B900   16 28 59 00 00 0A 28 4A 00 00 06 2A 01 1C 00 00  .(Y...(J...*....
0000B910   00 00 2A 01 28 52 01 68 4E 00 00 01 00 00 D7 01  ..*.(R.hN.....×.
0000B920   27 FE 01 40 4E 00 00 01 1B 30 04 00 A9 02 00 00  'þ.@N....0..©...
0000B930   75 00 00 11 02 72 79 17 00 70 16 28 D9 00 00 06  u....ry..p.(Ù...
0000B940   0A 28 C3 00 00 0A 0B 16 0C 16 0D 16 13 04 16 13  .(Ã.............
0000B950   05 17 13 06 38 EE 01 00 00 07 7B D4 00 00 0A 7B  ....8î....{Ô...{
0000B960   D5 00 00 0A 11 06 8F 21 00 00 01 71 21 00 00 01  Õ.....!...q!...
0000B970   13 07 12 07 7B D6 00 00 0A 17 5F 39 C1 01 00 00  ....{Ö...._9Á...
0000B980   08 17 58 0C 11 07 12 08 12 09 12 0A 28 EF 00 00  ..X.........(ï..
0000B990   06 11 09 39 A9 01 00 00 11 0A 2C 0B 11 04 17 58  ...9©.....,....X
0000B9A0   13 04 38 9A 01 00 00 11 07 28 F9 00 00 06 13 0B  ..8.....(ù.....
0000B9B0   16 13 0C 16 13 0D 2B 30 16 13 0E 2B 20 12 07 11  ......+0...+ ...
0000B9C0   0E 11 0D 28 D7 00 00 0A 13 0F 11 0F 2C 09 11 0F  ...(×.......,...
0000B9D0   11 08 2E 03 17 13 0C 11 0E 17 58 13 0E 11 0E 1A  ..........X.....
0000B9E0   32 DB 11 0D 17 58 13 0D 11 0D 11 0B 32 CA 11 0C  2Û...X......2Ê..
0000B9F0   39 4C 01 00 00 09 17 58 0D 06 3A 42 01 00 00 16  9L.....X..:B....
0000BA00   13 10 38 CC 00 00 00 16 13 11 38 B6 00 00 00 07  ..8Ì......8¶....
0000BA10   7B D4 00 00 0A 7B D5 00 00 0A 11 06 8F 21 00 00  {Ô...{Õ.....!..
0000BA20   01 11 11 11 10 28 D7 00 00 0A 13 12 11 12 2C 25  .....(×.......,%
0000BA30   07 7B D4 00 00 0A 7B D5 00 00 0A 11 06 8F 21 00  .{Ô...{Õ.....!.
0000BA40   00 01 11 11 11 10 11 08 28 6B 01 00 0A 2C 06 11  ........(k...,..
0000BA50   05 17 58 13 05 DE 68 13 13 1E 8D 01 00 00 01 13  ..X..Þh........
0000BA60   15 11 15 16 72 6C 4A 00 70 A2 11 15 17 11 06 8C  ....rlJ.p¢.....
0000BA70   47 00 00 01 A2 11 15 18 72 B3 13 00 70 A2 11 15  G...¢...r³..p¢..
0000BA80   19 11 11 8C 47 00 00 01 A2 11 15 1A 72 B3 13 00  ...G...¢...r³..
0000BA90   70 A2 11 15 1B 11 10 8C 47 00 00 01 A2 11 15 1C  p¢.....G...¢...
0000BAA0   72 B6 23 00 70 A2 11 15 1D 11 13 6F 52 00 00 0A  r¶#.p¢.....oR...
0000BAB0   A2 11 15 28 59 00 00 0A 28 05 00 00 0A DE 00 11  ¢..(Y...(....Þ..
0000BAC0   11 17 58 13 11 11 11 1A 3F 42 FF FF FF 11 10 17  ..X.....?B......
0000BAD0   58 13 10 11 10 11 0B 3F 2B FF FF FF 07 7B D4 00  X......?+....{Ô.
0000BAE0   00 0A 7B D5 00 00 0A 11 06 8F 21 00 00 01 11 06  ..{Õ.....!.....
0000BAF0   D1 28 6C 01 00 0A 07 11 06 D1 6F 6D 01 00 0A DE  Ñ(l......Ñom...Þ
0000BB00   40 13 14 1A 8D 01 00 00 01 13 16 11 16 16 72 DE  @............rÞ
0000BB10   4A 00 70 A2 11 16 17 11 06 8C 47 00 00 01 A2 11  J.p¢.....G...¢.
0000BB20   16 18 72 B6 23 00 70 A2 11 16 19 11 14 6F 52 00  ..r¶#.p¢.....oR.
0000BB30   00 0A A2 11 16 28 59 00 00 0A 28 05 00 00 0A DE  ..¢..(Y...(....Þ
0000BB40   00 11 06 17 58 13 06 11 06 07 7B D4 00 00 0A 7B  ....X.....{Ô...{
0000BB50   D5 00 00 0A 8E 69 3F FE FD FF FF 1F 0B 8D 01 00  Õ...i?þý......
0000BB60   00 01 13 17 11 17 16 72 32 21 00 70 A2 11 17 17  .......r2!.p¢...
0000BB70   06 28 D5 00 00 06 A2 11 17 18 72 58 4B 00 70 A2  .(Õ...¢...rXK.p¢
0000BB80   11 17 19 08 8C 47 00 00 01 A2 11 17 1A 72 80 4B  ....G...¢...rK
0000BB90   00 70 A2 11 17 1B 09 8C 47 00 00 01 A2 11 17 1C  .p¢....G...¢...
0000BBA0   72 AA 4B 00 70 A2 11 17 1D 11 04 8C 47 00 00 01  rªK.p¢.....G...
0000BBB0   A2 11 17 1E 72 4A 4A 00 70 A2 11 17 1F 09 11 05  ¢...rJJ.p¢......
0000BBC0   8C 47 00 00 01 A2 11 17 1F 0A 72 E5 06 00 70 A2  G...¢....rå..p¢
0000BBD0   11 17 28 59 00 00 0A 28 4A 00 00 06 2A 00 00 00  ..(Y...(J...*...
0000BBE0   01 1C 00 00 00 00 DB 00 48 23 01 68 4E 00 00 01  ......Û.H#.hN...
0000BBF0   00 00 A8 01 25 CD 01 40 4E 00 00 01 1B 30 04 00  ..¨.%Í.@N....0..
0000BC00   37 04 00 00 76 00 00 11 02 72 79 17 00 70 16 28  7...v....ry..p.(
0000BC10   D9 00 00 06 0A 02 72 DE 4B 00 70 17 28 D9 00 00  Ù.....rÞK.p.(Ù..
0000BC20   06 0B 02 72 FA 4B 00 70 17 28 D9 00 00 06 0C 02  ...rúK.p.(Ù.....
0000BC30   72 12 4C 00 70 17 28 D9 00 00 06 0D 02 72 38 4C  r.L.p.(Ù.....r8L
0000BC40   00 70 22 00 00 A0 42 28 DB 00 00 06 13 04 02 72  .p".. B(Û......r
0000BC50   7F 09 00 70 22 00 00 40 40 28 DB 00 00 06 69 13  ..p"..@@(Û...i.
0000BC60   05 02 72 A1 09 00 70 22 00 00 C0 40 28 DB 00 00  ..r¡..p"..À@(Û..
0000BC70   06 69 13 06 11 04 22 00 00 C0 41 34 07 22 00 00  .i...."..ÀA4."..
0000BC80   C0 41 13 04 11 04 22 00 00 20 43 36 07 22 00 00  ÀA....".. C6."..
0000BC90   20 43 13 04 11 05 17 2F 03 17 13 05 11 06 17 2F   C...../......./
0000BCA0   03 17 13 06 28 C3 00 00 0A 13 07 11 07 11 04 28  ....(Ã.........(
0000BCB0   F1 00 00 06 13 08 16 13 09 16 13 0A 16 13 0B 11  ñ...............
0000BCC0   08 6F 6E 01 00 0A 13 1F 38 78 02 00 00 12 1F 28  .on.....8x.....(
0000BCD0   6F 01 00 0A 13 0C 12 0C 28 70 01 00 0A 13 0D 11  o.......(p......
0000BCE0   0D 7B 94 00 00 04 17 31 10 11 0D 7B 95 00 00 04  .{....1...{...
0000BCF0   11 05 FE 04 16 FE 01 2B 01 16 13 0E 07 2C 25 11  ..þ..þ.+.....,%.
0000BD00   0D 7B 94 00 00 04 17 33 1B 11 0D 7B 91 00 00 04  .{....3...{...
0000BD10   11 05 32 10 11 0D 7B 92 00 00 04 11 06 FE 04 16  ..2...{.....þ..
0000BD20   FE 01 2B 01 16 13 0F 11 0E 2D 07 11 0F 39 13 02  þ.+......-...9..
0000BD30   00 00 11 0D 7B 96 00 00 04 12 10 28 ED 00 00 06  ....{.....(í...
0000BD40   39 00 02 00 00 11 10 39 F9 01 00 00 11 09 17 58  9......9ù......X
0000BD50   13 09 06 3A ED 01 00 00 16 13 11 38 D2 01 00 00  ...:í......8Ò...
0000BD60   11 0D 7B 8E 00 00 04 11 11 6F 71 01 00 0A 13 12  ..{.....oq.....
0000BD70   11 07 7B D4 00 00 0A 7B D5 00 00 0A 11 12 8F 21  ..{Ô...{Õ.....!
0000BD80   00 00 01 71 21 00 00 01 13 13 12 13 7B D6 00 00  ...q!.......{Ö..
0000BD90   0A 17 5F 39 94 01 00 00 16 13 14 11 10 13 15 09  .._9...........
0000BDA0   2C 1D 11 13 12 16 12 17 12 18 28 EF 00 00 06 11  ,.........(ï....
0000BDB0   17 2C 0C 11 18 2D 08 11 16 2C 04 11 16 13 15 11  .,...-...,......
0000BDC0   13 28 F9 00 00 06 13 19 16 13 1A 38 E4 00 00 00  .(ù........8ä...
0000BDD0   16 13 1B 38 CE 00 00 00 11 07 7B D4 00 00 0A 7B  ...8Î.....{Ô...{
0000BDE0   D5 00 00 0A 11 12 8F 21 00 00 01 11 1B 11 1A 28  Õ.....!.......(
0000BDF0   D7 00 00 0A 13 1C 11 1C 11 15 33 05 DD 9F 00 00  ×.........3.Ý..
0000BE00   00 08 2D 09 11 1C 2D 05 DD 93 00 00 00 11 07 7B  ..-...-.Ý.....{
0000BE10   D4 00 00 0A 7B D5 00 00 0A 11 12 8F 21 00 00 01  Ô...{Õ.....!...
0000BE20   11 1B 11 1A 11 15 28 6B 01 00 0A 2C 09 11 0B 17  ......(k...,....
0000BE30   58 13 0B 17 13 14 DE 68 13 1D 1E 8D 01 00 00 01  X.....Þh.......
0000BE40   13 20 11 20 16 72 4A 4C 00 70 A2 11 20 17 11 12  . . .rJL.p¢. ...
0000BE50   8C 63 00 00 01 A2 11 20 18 72 B3 13 00 70 A2 11  c...¢. .r³..p¢.
0000BE60   20 19 11 1B 8C 47 00 00 01 A2 11 20 1A 72 B3 13   ...G...¢. .r³.
0000BE70   00 70 A2 11 20 1B 11 1A 8C 47 00 00 01 A2 11 20  .p¢. ...G...¢.
0000BE80   1C 72 B6 23 00 70 A2 11 20 1D 11 1D 6F 52 00 00  .r¶#.p¢. ...oR..
0000BE90   0A A2 11 20 28 59 00 00 0A 28 05 00 00 0A DE 00  .¢. (Y...(....Þ.
0000BEA0   11 1B 17 58 13 1B 11 1B 1A 3F 2A FF FF FF 11 1A  ...X.....?*.....
0000BEB0   17 58 13 1A 11 1A 11 19 3F 13 FF FF FF 11 14 2C  .X......?......,
0000BEC0   6B 11 0A 17 58 13 0A 11 07 7B D4 00 00 0A 7B D5  k...X....{Ô...{Õ
0000BED0   00 00 0A 11 12 8F 21 00 00 01 11 12 28 6C 01 00  .....!.....(l..
0000BEE0   0A 11 07 11 12 6F 6D 01 00 0A DE 40 13 1E 1A 8D  .....om...Þ@...
0000BEF0   01 00 00 01 13 21 11 21 16 72 BA 4C 00 70 A2 11  .....!.!.rºL.p¢.
0000BF00   21 17 11 12 8C 63 00 00 01 A2 11 21 18 72 B6 23  !...c...¢.!.r¶#
0000BF10   00 70 A2 11 21 19 11 1E 6F 52 00 00 0A A2 11 21  .p¢.!...oR...¢.!
0000BF20   28 59 00 00 0A 28 05 00 00 0A DE 00 11 11 17 58  (Y...(....Þ....X
0000BF30   13 11 11 11 11 0D 7B 8E 00 00 04 6F 72 01 00 0A  ......{...or...
0000BF40   3F 1B FE FF FF 12 1F 28 73 01 00 0A 3A 7C FD FF  ?.þ....(s...:|ý.
0000BF50   FF DE 0E 12 1F FE 16 24 00 00 1B 6F 83 00 00 0A  .Þ...þ.$...o...
0000BF60   DC 1F 13 8D 01 00 00 01 13 22 11 22 16 72 32 21  Ü.......".".r2!
0000BF70   00 70 A2 11 22 17 06 28 D5 00 00 06 A2 11 22 18  .p¢."..(Õ...¢.".
0000BF80   72 45 4D 00 70 A2 11 22 19 11 04 28 D6 00 00 06  rEM.p¢."...(Ö...
0000BF90   A2 11 22 1A 72 5F 4D 00 70 A2 11 22 1B 07 28 D5  ¢.".r_M.p¢."..(Õ
0000BFA0   00 00 06 A2 11 22 1C 72 83 4D 00 70 A2 11 22 1D  ...¢.".rM.p¢.".
0000BFB0   08 28 D5 00 00 06 A2 11 22 1E 72 A3 4D 00 70 A2  .(Õ...¢.".r£M.p¢
0000BFC0   11 22 1F 09 09 28 D5 00 00 06 A2 11 22 1F 0A 72  ."...(Õ...¢."..r
0000BFD0   D1 4D 00 70 A2 11 22 1F 0B 11 08 6F 74 01 00 0A  ÑM.p¢."....ot...
0000BFE0   8C 47 00 00 01 A2 11 22 1F 0C 72 F3 4D 00 70 A2  G...¢."..róM.p¢
0000BFF0   11 22 1F 0D 11 09 8C 47 00 00 01 A2 11 22 1F 0E  ."....G...¢."..
0000C000   72 21 4E 00 70 A2 11 22 1F 0F 11 0A 8C 47 00 00  r!N.p¢."....G..
0000C010   01 A2 11 22 1F 10 72 4A 4A 00 70 A2 11 22 1F 11  .¢."..rJJ.p¢."..
0000C020   11 0B 8C 47 00 00 01 A2 11 22 1F 12 72 E5 06 00  ..G...¢."..rå..
0000C030   70 A2 11 22 28 59 00 00 0A 28 4A 00 00 06 2A 00  p¢."(Y...(J...*.
0000C040   41 4C 00 00 00 00 00 00 D0 01 00 00 60 00 00 00  AL......Ð...`...
0000C050   30 02 00 00 68 00 00 00 4E 00 00 01 00 00 00 00  0...h...N.......
0000C060   BF 02 00 00 25 00 00 00 E4 02 00 00 40 00 00 00  ¿...%...ä...@...
0000C070   4E 00 00 01 02 00 00 00 C0 00 00 00 8B 02 00 00  N.......À......
0000C080   4B 03 00 00 0E 00 00 00 00 00 00 00 03 30 02 00  K............0..
0000C090   83 00 00 00 00 00 00 00 02 72 6C 32 00 70 28 58  ........rl2.p(X
0000C0A0   00 00 0A 2C 05 03 16 54 17 2A 02 72 B8 47 00 70  ...,...T.*.r¸G.p
0000C0B0   28 58 00 00 0A 2C 05 03 18 54 17 2A 02 72 47 4E  (X...,...T.*.rGN
0000C0C0   00 70 28 58 00 00 0A 2C 05 03 19 54 17 2A 02 72  .p(X...,...T.*.r
0000C0D0   67 4E 00 70 28 58 00 00 0A 2C 05 03 1A 54 17 2A  gN.p(X...,...T.*
0000C0E0   02 72 83 4E 00 70 28 58 00 00 0A 2C 05 03 1B 54  .rN.p(X...,...T
0000C0F0   17 2A 02 72 3A 31 00 70 28 58 00 00 0A 2C 05 03  .*.r:1.p(X...,..
0000C100   1C 54 17 2A 02 72 50 31 00 70 28 58 00 00 0A 2C  .T.*.rP1.p(X...,
0000C110   05 03 1D 54 17 2A 03 16 54 16 2A 00 13 30 03 00  ...T.*..T.*..0..
0000C120   CC 00 00 00 77 00 00 11 28 92 00 00 0A 0A 17 0B  Ì...w...(......
0000C130   38 AA 00 00 00 06 7B 9A 00 00 0A 7B 9B 00 00 0A  8ª....{...{...
0000C140   07 8F 17 00 00 01 71 17 00 00 01 0C 12 02 7B 9C  .....q.......{
0000C150   00 00 0A 17 5F 39 80 00 00 00 12 02 28 9D 00 00  ...._9.....(..
0000C160   0A 0D 09 14 28 08 00 00 0A 2D 6F 09 7B 97 00 00  ....(....-o.{..
0000C170   0A 14 28 08 00 00 0A 2D 61 09 28 F4 00 00 06 2D  ..(....-a.(ô...-
0000C180   59 09 28 F3 00 00 06 2C 51 09 6F F1 00 00 0A 09  Y.(ó...,Q.oñ....
0000C190   6F 94 00 00 0A 28 75 01 00 0A 6B 22 00 00 80 40  o...(u...k"..@
0000C1A0   5A 22 00 00 18 42 58 13 04 12 02 7B F4 00 00 0A  Z"...BX....{ô...
0000C1B0   0F 00 7B FD 00 00 0A 28 31 00 00 0A 13 05 12 05  ..{ý...(1.......
0000C1C0   22 00 00 00 00 7D 35 00 00 0A 12 05 28 32 00 00  "....}5.....(2..
0000C1D0   0A 11 04 11 04 5A 35 02 17 2A 07 17 58 D1 0B 07  .....Z5..*..XÑ..
0000C1E0   06 7B 9A 00 00 0A 7B 9B 00 00 0A 8E 69 3F 43 FF  .{...{...i?C.
0000C1F0   FF FF 16 2A 13 30 03 00 1F 01 00 00 78 00 00 11  ...*.0......x...
0000C200   03 16 54 04 16 52 05 16 52 28 92 00 00 0A 0A 22  ..T..R..R(...."
0000C210   FF FF 7F 7F 0B 17 0C 38 EF 00 00 00 06 7B 9A 00  .....8ï....{.
0000C220   00 0A 7B 9B 00 00 0A 08 8F 17 00 00 01 71 17 00  ..{........q..
0000C230   00 01 0D 12 03 7B 9C 00 00 0A 17 5F 39 C5 00 00  .....{...._9Å..
0000C240   00 12 03 28 9D 00 00 0A 13 04 11 04 14 28 08 00  ...(........(..
0000C250   00 0A 3A AF 00 00 00 11 04 7B 97 00 00 0A 14 28  ..:¯.....{....(
0000C260   08 00 00 0A 3A 9D 00 00 00 11 04 12 05 28 F0 00  ....:.......(ð.
0000C270   00 06 39 8F 00 00 00 11 04 6F F1 00 00 0A 11 04  ..9.....oñ.....
0000C280   6F 94 00 00 0A 28 75 01 00 0A 6B 22 00 00 80 40  o...(u...k"..@
0000C290   5A 22 00 00 18 42 58 13 06 12 03 7B F4 00 00 0A  Z"...BX....{ô...
0000C2A0   0F 00 7B FD 00 00 0A 28 31 00 00 0A 13 07 12 07  ..{ý...(1.......
0000C2B0   22 00 00 00 00 7D 35 00 00 0A 12 07 28 32 00 00  "....}5.....(2..
0000C2C0   0A 11 06 11 06 5A 30 3E 04 46 2C 0A 12 07 28 32  .....Z0>.F,...(2
0000C2D0   00 00 0A 07 34 11 03 11 05 54 04 17 52 12 07 28  ....4....T..R..(
0000C2E0   32 00 00 0A 0B 2B 1F 03 4A 11 05 2E 19 12 07 28  2....+..J......(
0000C2F0   32 00 00 0A 07 59 28 0E 01 00 0A 22 00 00 C8 42  2....Y(...."..ÈB
0000C300   34 04 05 17 52 2A 08 17 58 D1 0C 08 06 7B 9A 00  4...R*..XÑ...{.
0000C310   00 0A 7B 9B 00 00 0A 8E 69 3F FE FE FF FF 2A 00  ..{...i?þþ..*.
0000C320   13 30 03 00 99 00 00 00 51 00 00 11 02 7B 97 00  .0.....Q....{.
0000C330   00 0A 7B 98 00 00 0A 8C 1C 00 00 01 6F 85 00 00  ..{.......o..
0000C340   0A 0A 02 7B 97 00 00 0A 7B 99 00 00 0A 8C 1E 00  ...{...{.....
0000C350   00 01 6F 85 00 00 0A 0B 06 72 40 29 00 70 28 58  ..o.....r@).p(X
0000C360   00 00 0A 2C 15 03 07 72 47 4E 00 70 28 58 00 00  ...,...rGN.p(X..
0000C370   0A 2D 03 18 2B 01 19 54 17 2A 06 72 80 29 00 70  .-..+..T.*.r).p
0000C380   28 58 00 00 0A 2C 15 03 07 72 83 4E 00 70 28 58  (X...,...rN.p(X
0000C390   00 00 0A 2D 03 1A 2B 01 1B 54 17 2A 06 72 3A 31  ...-..+..T.*.r:1
0000C3A0   00 70 28 58 00 00 0A 2C 05 03 1C 54 17 2A 06 72  .p(X...,...T.*.r
0000C3B0   50 31 00 70 28 58 00 00 0A 2C 05 03 1D 54 17 2A  P1.p(X...,...T.*
0000C3C0   03 16 54 16 2A 00 00 00 13 30 03 00 76 00 00 00  ..T.*....0..v...
0000C3D0   79 00 00 11 73 76 01 00 0A 0A 17 0B 2B 5A 02 7B  y...sv......+Z.{
0000C3E0   D4 00 00 0A 7B D5 00 00 0A 07 8F 21 00 00 01 71  Ô...{Õ....!...q
0000C3F0   21 00 00 01 0C 12 02 7B D6 00 00 0A 17 5F 2C 33  !......{Ö...._,3
0000C400   12 02 7B FD 00 00 0A 03 28 F2 00 00 06 0D 06 09  ..{ý....(ò......
0000C410   12 04 6F 77 01 00 0A 2D 11 09 73 F6 00 00 06 13  ..ow...-..sö....
0000C420   04 06 09 11 04 6F 78 01 00 0A 11 04 07 08 6F F7  .....ox.......o÷
0000C430   00 00 06 07 17 58 D1 0B 07 02 7B D4 00 00 0A 7B  .....XÑ...{Ô...{
0000C440   D5 00 00 0A 8E 69 32 96 06 2A 00 00 13 30 03 00  Õ...i2.*...0..
0000C450   47 00 00 00 3C 00 00 11 0F 00 7B 34 00 00 0A 03  G...<.....{4....
0000C460   22 00 00 00 3F 5A 58 03 5B 28 05 01 00 0A 0A 0F  "...?ZX.[(......
0000C470   00 7B 9F 00 00 0A 03 22 00 00 00 3F 5A 58 03 5B  .{...."...?ZX.[
0000C480   28 05 01 00 0A 0B 12 00 28 5B 00 00 0A 72 E8 34  (.......([...rè4
0000C490   00 70 12 01 28 5B 00 00 0A 28 56 00 00 0A 2A 00  .p..([...(V...*.
0000C4A0   13 30 02 00 D9 00 00 00 50 00 00 11 02 7B 97 00  .0..Ù...P....{.
0000C4B0   00 0A 7B 98 00 00 0A 8C 1C 00 00 01 6F 85 00 00  ..{.......o..
0000C4C0   0A 0A 06 72 40 29 00 70 28 58 00 00 0A 3A B1 00  ...r@).p(X...:±.
0000C4D0   00 00 06 72 80 29 00 70 28 58 00 00 0A 3A A1 00  ...r).p(X...:¡.
0000C4E0   00 00 06 72 3A 31 00 70 28 58 00 00 0A 3A 91 00  ...r:1.p(X...:.
0000C4F0   00 00 06 72 50 31 00 70 28 58 00 00 0A 3A 81 00  ...rP1.p(X...:.
0000C500   00 00 06 72 8A 30 00 70 28 58 00 00 0A 2D 74 06  ...r0.p(X...-t.
0000C510   72 96 30 00 70 28 58 00 00 0A 2D 67 06 72 AE 30  r0.p(X...-g.r®0
0000C520   00 70 28 58 00 00 0A 2D 5A 06 72 BE 30 00 70 28  .p(X...-Z.r¾0.p(
0000C530   58 00 00 0A 2D 4D 06 72 D4 30 00 70 28 58 00 00  X...-M.rÔ0.p(X..
0000C540   0A 2D 40 06 72 F6 30 00 70 28 58 00 00 0A 2D 33  .-@.rö0.p(X...-3
0000C550   06 72 14 31 00 70 28 58 00 00 0A 2D 26 06 72 28  .r.1.p(X...-&.r(
0000C560   31 00 70 28 58 00 00 0A 2D 19 06 72 A1 4E 00 70  1.p(X...-..r¡N.p
0000C570   28 58 00 00 0A 2D 0C 06 72 BF 4E 00 70 28 58 00  (X...-..r¿N.p(X.
0000C580   00 0A 2A 17 2A 96 02 6F 86 00 00 0A 72 5E 31 00  ..*.*.o...r^1.
0000C590   70 28 58 00 00 0A 2D 11 02 6F 86 00 00 0A 72 86  p(X...-..o...r
0000C5A0   31 00 70 28 58 00 00 0A 2A 17 2A 00 13 30 04 00  1.p(X...*.*..0..
0000C5B0   3F 00 00 00 19 00 00 11 02 03 72 00 21 00 70 22  ?.........r.!.p"
0000C5C0   00 00 00 00 28 DA 00 00 06 0A 02 03 72 04 21 00  ....(Ú......r.!.
0000C5D0   70 22 00 00 00 00 28 DA 00 00 06 0B 02 03 72 08  p"....(Ú......r.
0000C5E0   21 00 70 22 00 00 00 00 28 DA 00 00 06 0C 06 08  !.p"....(Ú......
0000C5F0   07 73 36 00 00 0A 2A BE 02 73 79 01 00 0A 7D 8E  .s6...*¾.sy...}
0000C600   00 00 04 02 73 D3 00 00 0A 7D 8F 00 00 04 02 72  ....sÓ...}....r
0000C610   6C 32 00 70 7D 96 00 00 04 02 28 06 00 00 0A 02  l2.p}....(.....
0000C620   03 7D 8D 00 00 04 2A 00 13 30 04 00 C1 00 00 00  .}...*..0..Á...
0000C630   3D 00 00 11 02 7B 8E 00 00 04 03 6F 7A 01 00 0A  =....{....oz...
0000C640   04 28 F9 00 00 06 0A 16 0B 38 99 00 00 00 16 0C  .(ù......8.....
0000C650   38 87 00 00 00 0F 02 08 07 28 D7 00 00 0A 0D 09  8.......(×.....
0000C660   8C 30 00 00 01 6F 85 00 00 0A 13 04 02 7B 8F 00  0...o......{.
0000C670   00 04 11 04 6F D8 00 00 0A 2C 20 02 7B 8F 00 00  ....oØ..., .{..
0000C680   04 25 13 05 11 04 25 13 06 11 05 11 06 6F D9 00  .%....%......oÙ.
0000C690   00 0A 17 58 6F DA 00 00 0A 2B 0E 02 7B 8F 00 00  ...XoÚ...+..{..
0000C6A0   04 11 04 17 6F DA 00 00 0A 02 25 7B 90 00 00 04  ....oÚ....%{...
0000C6B0   17 58 7D 90 00 00 04 09 2D 10 02 25 7B 92 00 00  .X}....-..%{..
0000C6C0   04 17 58 7D 92 00 00 04 2B 0E 02 25 7B 91 00 00  ..X}...+..%{..
0000C6D0   04 17 58 7D 91 00 00 04 08 17 58 0C 08 1A 3F 72  ..X}.....X...?r
0000C6E0   FF FF FF 07 17 58 0B 07 06 3F 60 FF FF FF 02 28  .....X...?`....(
0000C6F0   F8 00 00 06 2A 00 00 00 1B 30 03 00 A6 00 00 00  ø...*....0..¦...
0000C700   3E 00 00 11 02 16 7D 93 00 00 04 02 72 6C 32 00  >.....}....rl2.
0000C710   70 7D 96 00 00 04 02 16 7D 94 00 00 04 02 7B 8F  p}.....}....{
0000C720   00 00 04 6F DB 00 00 0A 0B 2B 52 12 01 28 DC 00  ...oÛ....+R..(Ü.
0000C730   00 0A 0A 12 00 28 DD 00 00 0A 72 6C 32 00 70 28  .....(Ý...rl2.p(
0000C740   58 00 00 0A 2D 37 02 25 7B 94 00 00 04 17 58 7D  X...-7.%{....X}
0000C750   94 00 00 04 12 00 28 DE 00 00 0A 02 7B 93 00 00  .....(Þ....{..
0000C760   04 31 1A 02 12 00 28 DE 00 00 0A 7D 93 00 00 04  .1....(Þ...}...
0000C770   02 12 00 28 DD 00 00 0A 7D 96 00 00 04 12 01 28  ...(Ý...}.....(
0000C780   DF 00 00 0A 2D A5 DE 0E 12 01 FE 16 17 00 00 1B  ß...-¥Þ...þ.....
0000C790   6F 83 00 00 0A DC 02 02 7B 91 00 00 04 02 7B 93  o...Ü..{....{
0000C7A0   00 00 04 59 7D 95 00 00 04 2A 00 00 01 10 00 00  ...Y}...*......
0000C7B0   02 00 25 00 5F 84 00 0E 00 00 00 00 13 30 02 00  ..%._.......0..
0000C7C0   16 00 00 00 7A 00 00 11 0F 00 28 7B 01 00 0A 0A  ....z.....({....
0000C7D0   06 16 30 02 1A 0A 06 1E 31 02 1E 0A 06 2A 00 00  ..0.....1....*..
0000C7E0   42 53 4A 42 01 00 01 00 00 00 00 00 0C 00 00 00  BSJB............
0000C7F0   76 34 2E 30 2E 33 30 33 31 39 00 00 00 00 05 00  v4.0.30319......
0000C800   6C 00 00 00 18 34 00 00 23 7E 00 00 84 34 00 00  l....4..#~..4..
0000C810   7C 30 00 00 23 53 74 72 69 6E 67 73 00 00 00 00  |0..#Strings....
0000C820   00 65 00 00 D4 4E 00 00 23 55 53 00 D4 B3 00 00  .e..ÔN..#US.Ô³..
0000C830   10 00 00 00 23 47 55 49 44 00 00 00 E4 B3 00 00  ....#GUID...ä³..
0000C840   10 14 00 00 23 42 6C 6F 62 00 00 00 00 00 00 00  ....#Blob.......
0000C850   02 00 00 01 57 9F A2 29 09 0E 00 00 00 FA 25 33  ....W¢).....ú%3
0000C860   00 16 00 00 01 00 00 00 98 00 00 00 42 00 00 00  ...........B...
0000C870   BB 00 00 00 2B 01 00 00 BB 01 00 00 01 00 00 00  »...+...».......
0000C880   7B 01 00 00 0D 00 00 00 27 00 00 00 01 00 00 00  {.......'.......
0000C890   7A 00 00 00 05 00 00 00 08 00 00 00 08 00 00 00  z...............
0000C8A0   26 00 00 00 01 00 00 00 01 00 00 00 08 00 00 00  &...............
0000C8B0   29 00 00 00 01 00 00 00 04 00 00 00 00 00 0A 00  )...............
0000C8C0   01 00 00 00 00 00 06 00 91 02 8A 02 0A 00 A0 02  ............ .
0000C8D0   98 02 0A 00 B5 02 98 02 0A 00 BE 02 98 02 06 00  ...µ....¾....
0000C8E0   D5 02 8A 02 0A 00 8D 03 98 02 06 00 03 04 E8 03  Õ..........è.
0000C8F0   0E 00 37 04 22 04 0E 00 45 04 22 04 0E 00 5E 04  ..7."...E."...^.
0000C900   22 04 12 00 A1 04 95 04 0E 00 FD 04 22 04 16 00  "...¡....ý."...
0000C910   7D 05 6A 05 06 00 A3 05 92 05 06 00 D1 05 B1 05  }.j...£....Ñ.±.
0000C920   06 00 16 06 8A 02 16 00 87 06 6A 05 1A 00 DD 06  ........j...Ý.
0000C930   00 00 0E 00 3A 07 1E 07 4F 00 42 07 00 00 06 00  ....:...O.B.....
0000C940   92 07 86 07 1A 00 DB 07 00 00 1A 00 E6 07 00 00  ....Û.....æ...
0000C950   16 00 1E 08 E8 03 06 00 4A 08 92 05 1A 00 9C 08  ....è...J.....
0000C960   00 00 6B 00 A6 08 00 00 6B 00 EA 08 00 00 1A 00  ..k.¦...k.ê.....
0000C970   14 09 00 00 6B 00 3F 09 00 00 1A 00 E7 09 00 00  ....k.?.....ç...
0000C980   06 00 30 0B E8 03 1A 00 EA 0B 00 00 1A 00 05 0C  ..0.è...ê.......
0000C990   00 00 12 00 14 0D 95 04 1A 00 3F 0D 00 00 1A 00  .........?.....
0000C9A0   62 0F 00 00 1A 00 08 10 00 00 1A 00 63 11 00 00  b...........c...
0000C9B0   1A 00 83 11 00 00 1A 00 A7 13 00 00 A7 00 B4 13  .......§...§.´.
0000C9C0   00 00 5F 00 C2 13 00 00 06 00 EB 13 8A 02 1A 00  .._.Â.....ë....
0000C9D0   E0 14 00 00 06 00 0F 15 8A 02 1A 00 CD 15 00 00  à..........Í...
0000C9E0   6B 00 71 16 00 00 06 00 31 18 12 18 06 00 FE 1B  k.q.....1.....þ.
0000C9F0   EB 1B CB 00 12 1C 00 00 06 00 21 1C B1 05 06 00  ë.Ë.......!.±...
0000CA00   41 1C B1 05 12 00 5F 1C 95 04 12 00 91 02 95 04  A.±..._......
0000CA10   06 00 7C 1C 8A 02 12 00 B7 1C 95 04 12 00 C1 1C  ..|....·....Á.
0000CA20   95 04 0E 00 DB 1C 22 04 0E 00 0E 1D 22 04 06 00  ...Û."....."...
0000CA30   47 1D B1 05 0E 00 9B 1D 22 04 06 00 AB 1D 8A 02  G.±...."...«..
0000CA40   1E 00 EB 13 8A 02 12 00 FC 1D 95 04 0E 00 46 1E  ..ë....ü....F.
0000CA50   22 04 12 00 97 1E 95 04 0E 00 BB 1E 22 04 12 00  ".......»."...
0000CA60   A9 1F 95 04 12 00 50 20 95 04 06 00 7B 20 8A 02  ©....P ...{ .
0000CA70   06 00 81 20 8A 02 16 00 B8 20 AD 20 06 00 CB 20  .. ...¸ ­ ..Ë
0000CA80   92 05 16 00 F1 20 6A 05 06 00 0B 21 92 05 06 00  ...ñ j....!...
0000CA90   18 21 92 05 06 00 35 21 8A 02 06 00 B1 24 8A 02  .!...5!...±$.
0000CAA0   06 00 C5 24 8A 02 16 00 D4 24 8A 02 06 00 F5 24  ..Å$...Ô$...õ$
0000CAB0   EB 24 06 00 02 25 EB 24 06 00 1C 25 86 07 06 00  ë$...%ë$...%...
0000CAC0   36 25 8A 02 06 00 5E 25 8A 02 0E 00 87 25 1E 07  6%...^%...%..
0000CAD0   1E 00 96 25 E8 03 06 00 96 25 E8 03 06 00 B4 25  ..%è...%è...´%
0000CAE0   E8 03 06 00 EF 25 DC 25 06 00 FB 25 DC 25 06 00  è...ï%Ü%..û%Ü%..
0000CAF0   68 26 8A 02 1A 00 9F 26 00 00 0E 00 CF 26 BD 26  h&...&....Ï&½&
0000CB00   1A 00 07 27 00 00 0E 00 30 27 19 27 1A 00 48 27  ...'....0'.'..H'
0000CB10   00 00 06 00 80 27 8A 02 1A 00 A6 27 00 00 06 00  ....'...¦'....
0000CB20   EB 27 8A 02 06 00 0D 28 FB 27 06 00 18 28 FB 27  ë'....(û'...(û'
0000CB30   06 00 2F 28 FB 27 93 00 C2 13 00 00 A3 00 C2 13  ../(û'.Â...£.Â.
0000CB40   00 00 06 00 60 28 92 05 06 00 83 28 92 05 06 00  ....`(...(...
0000CB50   96 28 FB 27 06 00 A1 28 92 05 06 00 C0 28 FB 27  (û'..¡(...À(û'
0000CB60   06 00 EA 28 8A 02 06 00 02 29 8A 02 06 00 0D 29  ..ê(....)....)
0000CB70   12 18 06 00 23 29 12 18 1A 00 2E 29 00 00 1E 00  ....#).....)....
0000CB80   7C 1C 8A 02 1A 00 08 2A 00 00 83 00 4F 2A 00 00  |.....*...O*..
0000CB90   06 00 5A 2A E8 03 1A 00 A0 2A 00 00 1A 00 C9 2A  ..Z*è... *....É*
0000CBA0   00 00 22 00 CF 2B E8 03 06 00 62 2C B1 05 06 00  ..".Ï+è...b,±...
0000CBB0   71 2C 8A 02 06 00 77 2C 8A 02 1A 00 A6 2C 00 00  q,...w,...¦,..
0000CBC0   A7 00 0C 2D 00 00 06 00 21 2D 8A 02 A7 00 28 2D  §..-....!-.§.(-
0000CBD0   00 00 06 00 5F 2D 8A 02 06 00 70 2D FB 27 06 00  ...._-...p-û'..
0000CBE0   77 2D FB 27 06 00 A8 2D 93 2D 06 00 C9 2D 8A 02  w-û'..¨--..É-.
0000CBF0   16 00 F8 2D D9 2D 16 00 FE 2D D9 2D 16 00 04 2E  ..ø-Ù-..þ-Ù-....
0000CC00   D9 2D 16 00 16 2E D9 2D 16 00 31 2E D9 2D 16 00  Ù-....Ù-..1.Ù-..
0000CC10   39 2E D9 2D 06 00 46 2E 93 2D 06 00 B5 2E EB 24  9.Ù-..F.-..µ.ë$
0000CC20   06 00 CE 2E 8A 02 06 00 02 2F EB 24 06 00 30 2F  ..Î...../ë$..0/
0000CC30   EB 24 06 00 41 2F EB 24 06 00 4E 06 EB 24 06 00  ë$..A/ë$..N.ë$..
0000CC40   86 2F 8A 02 12 00 9D 2F 95 04 06 00 C4 2F 8A 02  /.../...Ä/.
0000CC50   5F 02 D0 2F 00 00 00 00 00 00 01 00 00 00 00 00  _.Ð/............
0000CC60   01 00 01 00 01 01 10 00 22 00 2E 00 05 00 01 00  ........".......
0000CC70   01 00 01 01 10 00 42 00 2E 00 09 00 05 00 0A 00  ......B.........
0000CC80   01 01 10 00 55 00 2E 00 05 00 05 00 0D 00 81 01  ....U..........
0000CC90   10 00 64 00 2E 00 05 00 05 00 10 00 03 01 10 00  ..d.............
0000CCA0   78 00 00 00 05 00 16 00 1F 00 01 01 10 00 7E 00  x.............~.
0000CCB0   2E 00 11 00 18 00 20 00 01 01 10 00 93 00 2E 00  ...... ........
0000CCC0   05 00 18 00 22 00 03 01 10 00 9D 00 00 00 05 00  ...."..........
0000CCD0   1D 00 2A 00 03 01 10 00 A9 00 00 00 05 00 21 00  ..*.....©.....!.
0000CCE0   2F 00 81 01 10 00 B6 00 2E 00 05 00 23 00 33 00  /....¶.....#.3.
0000CCF0   81 01 10 00 C4 00 2E 00 05 00 23 00 34 00 81 01  ...Ä.....#.4..
0000CD00   10 00 D0 00 2E 00 05 00 23 00 38 00 81 01 10 00  ..Ð.....#.8....
0000CD10   DE 00 2E 00 05 00 23 00 3B 00 81 01 10 00 EF 00  Þ.....#.;....ï.
0000CD20   2E 00 05 00 23 00 40 00 01 01 10 00 00 01 2E 00  ....#.@.........
0000CD30   05 00 23 00 41 00 03 01 10 00 0D 01 00 00 05 00  ..#.A...........
0000CD40   25 00 45 00 01 01 10 00 1B 01 2E 00 05 00 28 00  %.E...........(.
0000CD50   4A 00 81 01 10 00 29 01 2E 00 05 00 2B 00 4D 00  J....).....+.M.
0000CD60   0B 01 10 00 39 01 00 00 15 00 2E 00 58 00 0B 01  ....9.......X...
0000CD70   10 00 43 01 00 00 15 00 30 00 59 00 81 01 10 00  ..C.....0.Y....
0000CD80   4F 01 2E 00 05 00 33 00 5A 00 03 01 10 00 59 01  O.....3.Z.....Y.
0000CD90   00 00 05 00 33 00 72 00 03 01 10 00 6E 01 00 00  ....3.r.....n...
0000CDA0   05 00 3C 00 7A 00 03 01 10 00 7F 01 00 00 05 00  ..<.z..........
0000CDB0   4B 00 7E 00 03 01 10 00 98 01 00 00 05 00 50 00  K.~..........P.
0000CDC0   87 00 0B 01 10 00 AD 01 00 00 15 00 64 00 B3 00  .....­.....d.³.
0000CDD0   03 01 10 00 C2 01 00 00 05 00 6C 00 B4 00 03 01  ....Â.....l.´...
0000CDE0   10 00 DE 01 00 00 05 00 77 00 BD 00 03 01 10 00  ..Þ.....w.½.....
0000CDF0   ED 01 00 00 05 00 81 00 BE 00 81 01 10 00 FE 01  í......¾....þ.
0000CE00   2E 00 05 00 8C 00 D1 00 81 01 10 00 10 02 2E 00  .....Ñ........
0000CE10   05 00 8C 00 D4 00 81 01 10 00 19 02 2E 00 05 00  ...Ô..........
0000CE20   8C 00 DD 00 81 01 10 00 26 02 2E 00 05 00 8C 00  .Ý....&......
0000CE30   E1 00 81 01 10 00 33 02 2E 00 05 00 8D 00 E8 00  á....3......è.
0000CE40   81 01 10 00 46 02 2E 00 05 00 8D 00 E9 00 81 01  ...F......é..
0000CE50   10 00 51 02 2E 00 05 00 8D 00 EA 00 03 01 10 00  ..Q......ê.....
0000CE60   5E 02 00 00 05 00 8D 00 F6 00 81 01 10 00 75 02  ^......ö....u.
0000CE70   2E 00 05 00 97 00 F9 00 03 01 10 00 7E 21 00 00  .....ù.....~!..
0000CE80   05 00 97 00 FA 00 03 01 10 00 9E 21 00 00 05 00  ...ú.....!....
0000CE90   98 00 FC 00 03 01 10 00 BE 21 00 00 05 00 99 00  .ü.....¾!.....
0000CEA0   FE 00 03 01 10 00 DE 21 00 00 05 00 9C 00 00 01  þ.....Þ!.......
0000CEB0   03 01 10 00 FE 21 00 00 05 00 9E 00 02 01 03 01  ....þ!.........
0000CEC0   10 00 1E 22 00 00 05 00 A0 00 04 01 03 01 10 00  ...".... .......
0000CED0   3E 22 00 00 05 00 A4 00 06 01 03 01 10 00 5E 22  >"....¤.......^"
0000CEE0   00 00 05 00 A5 00 08 01 03 01 10 00 7E 22 00 00  ....¥.......~"..
0000CEF0   05 00 A6 00 0A 01 03 01 10 00 9E 22 00 00 05 00  ..¦......."....
0000CF00   AA 00 0C 01 03 01 10 00 BE 22 00 00 05 00 AB 00  ª.......¾"....«.
0000CF10   0E 01 03 01 10 00 DE 22 00 00 05 00 AC 00 10 01  ......Þ"....¬...
0000CF20   03 01 10 00 FE 22 00 00 05 00 AD 00 12 01 03 01  ....þ"....­.....
0000CF30   10 00 1E 23 00 00 05 00 AE 00 14 01 03 01 10 00  ...#....®.......
0000CF40   3E 23 00 00 05 00 AF 00 16 01 03 01 10 00 5E 23  >#....¯.......^#
0000CF50   00 00 05 00 B0 00 18 01 03 01 10 00 7E 23 00 00  ....°.......~#..
0000CF60   05 00 B1 00 1A 01 03 01 10 00 9F 23 00 00 05 00  ..±.......#....
0000CF70   B2 00 1C 01 03 01 10 00 C0 23 00 00 05 00 B3 00  ².......À#....³.
0000CF80   1E 01 03 01 10 00 E1 23 00 00 05 00 B4 00 20 01  ......á#....´. .
0000CF90   03 01 10 00 02 24 00 00 05 00 B5 00 22 01 03 01  .....$....µ."...
0000CFA0   10 00 23 24 00 00 05 00 B6 00 24 01 03 01 10 00  ..#$....¶.$.....
0000CFB0   44 24 00 00 05 00 B7 00 26 01 03 01 10 00 65 24  D$....·.&.....e$
0000CFC0   00 00 05 00 B8 00 28 01 03 01 10 00 86 24 00 00  ....¸.(.....$..
0000CFD0   05 00 B9 00 2A 01 00 00 00 00 EC 2B 00 00 05 00  ..¹.*.....ì+....
0000CFE0   BB 00 2C 01 13 01 00 00 31 2C 00 00 15 00 BC 00  ».,.....1,....¼.
0000CFF0   2C 01 31 00 DF 02 0A 00 21 00 E9 02 0E 00 01 00  ,.1.ß...!.é.....
0000D000   EF 02 12 00 01 00 F6 02 16 00 51 80 C0 03 4C 00  ï.....ö...QÀ.L.
0000D010   51 80 CB 03 4C 00 51 80 DA 03 4C 00 31 00 0A 04  QË.L.QÚ.L.1...
0000D020   5E 00 11 00 3F 04 66 00 11 00 4D 04 6A 00 11 00  ^...?.f...M.j...
0000D030   58 04 6A 00 11 00 67 04 6E 00 11 00 76 04 6E 00  X.j...g.n...v.n.
0000D040   11 00 82 04 16 00 11 00 8C 04 16 00 11 00 A9 04  ............©.
0000D050   72 00 11 00 BB 04 72 00 11 00 20 1D 58 06 11 00  r...».r... .X...
0000D060   74 1D 58 06 11 00 42 1F 58 06 11 00 82 1F 58 06  t.X...B.X....X.
0000D070   06 00 4B 05 9E 00 06 00 50 05 9E 00 21 00 5E 05  ..K....P..!.^.
0000D080   0A 00 21 00 65 05 4C 00 01 00 89 05 A7 00 01 00  ..!.e.L....§...
0000D090   AA 05 AB 00 01 00 DC 05 AF 00 06 00 47 06 9E 00  ª.«...Ü.¯...G..
0000D0A0   06 00 4E 06 9E 00 06 00 53 06 9E 00 06 00 59 06  ..N....S....Y.
0000D0B0   9E 00 21 00 9A 06 4C 00 21 00 A1 06 9E 00 21 00  .!..L.!.¡..!.
0000D0C0   19 08 4B 01 21 00 26 08 4E 01 21 00 45 08 67 01  ..K.!.&.N.!.E.g.
0000D0D0   21 00 5B 08 6F 01 01 00 60 08 73 01 06 00 85 08  !.[.o...`.s....
0000D0E0   16 00 06 00 A6 06 9E 00 06 00 88 08 9E 00 31 00  ....¦......1.
0000D0F0   AC 08 95 01 31 00 B6 08 9A 01 31 00 C1 08 9F 01  ¬..1.¶..1.Á..
0000D100   26 00 EA 08 EB 01 26 00 3F 09 EF 01 26 00 EA 08  &.ê.ë.&.?.ï.&.ê.
0000D110   EB 01 26 00 3F 09 EF 01 26 00 8C 09 4C 00 21 00  ë.&.?.ï.&..L.!.
0000D120   76 0B 4C 00 21 00 7C 0B 4C 00 21 00 8D 0B 4C 00  v.L.!.|.L.!..L.
0000D130   21 00 9D 0B 16 00 21 00 B1 0B 60 02 21 00 B7 0B  !....!.±.`.!.·.
0000D140   64 02 01 00 C3 0B 4C 00 01 00 C9 0B 4C 00 01 00  d...Ã.L...É.L...
0000D150   D1 0B 16 00 26 00 37 0C 9E 00 26 00 3B 0C 64 02  Ñ...&.7..&.;.d.
0000D160   06 00 46 0C 4C 00 06 00 51 0C 4C 00 06 00 5B 0C  ..F.L...Q.L...[.
0000D170   4C 00 06 00 66 0C 4C 00 06 00 73 0C 4C 00 06 00  L...f.L...s.L...
0000D180   81 0C 4C 00 06 00 8F 0C 4C 00 06 00 9D 0C 9E 00  .L....L.....
0000D190   06 00 AA 0C A9 02 06 00 AF 0C A9 02 06 00 B4 0C  ..ª.©...¯.©...´.
0000D1A0   A9 02 06 00 B9 0C A9 02 01 00 BE 0C 72 00 21 00  ©...¹.©...¾.r.!.
0000D1B0   76 0B 4C 00 21 00 B1 0B 60 02 01 00 C3 0B 4C 00  v.L.!.±.`...Ã.L.
0000D1C0   01 00 C9 0B 4C 00 01 00 D1 0B 16 00 51 80 5F 0D  ..É.L...Ñ...Q_.
0000D1D0   A9 02 51 80 73 0D A9 02 51 80 8F 0D A9 02 51 80  ©.Qs.©.Q.©.Q
0000D1E0   A4 0D A9 02 51 80 BA 0D A9 02 51 80 D5 0D A9 02  ¤.©.Qº.©.QÕ.©.
0000D1F0   51 80 F3 0D A9 02 51 80 15 0E A9 02 51 80 2D 0E  Qó.©.Q..©.Q-.
0000D200   A9 02 51 80 4A 0E A9 02 21 00 76 0B 4C 00 21 00  ©.QJ.©.!.v.L.!.
0000D210   5E 0E A9 02 21 00 6F 0E A9 02 21 00 82 0E 16 00  ^.©.!.o.©.!....
0000D220   21 00 B1 0B 60 02 21 00 92 0E 60 02 21 00 B7 0B  !.±.`.!..`.!.·.
0000D230   64 02 01 00 C3 0B 4C 00 01 00 C9 0B 4C 00 01 00  d...Ã.L...É.L...
0000D240   D1 0B 16 00 26 00 A3 11 9B 04 26 00 A6 11 9E 04  Ñ...&.£..&.¦..
0000D250   26 00 F2 05 72 00 26 00 AE 11 72 00 26 00 AA 0C  &.ò.r.&.®.r.&.ª.
0000D260   A9 02 26 00 AF 0C A9 02 26 00 B4 0C A9 02 26 00  ©.&.¯.©.&.´.©.&.
0000D270   B9 0C A9 02 21 00 76 0B 4C 00 21 00 B2 11 60 02  ¹.©.!.v.L.!.².`.
0000D280   01 00 BD 11 4C 00 01 00 C9 0B 4C 00 01 00 CC 11  ..½.L...É.L...Ì.
0000D290   4C 00 01 00 DD 11 4C 00 01 00 F1 11 4C 00 01 00  L...Ý.L...ñ.L...
0000D2A0   05 12 4C 00 01 00 25 12 4C 00 01 00 35 12 16 00  ..L...%.L...5...
0000D2B0   01 00 4C 12 16 00 06 00 9F 12 4C 00 06 00 AB 12  ..L......L...«.
0000D2C0   4C 00 06 00 B8 12 4C 00 06 00 CB 12 4C 00 06 00  L...¸.L...Ë.L...
0000D2D0   DE 12 4C 00 06 00 EB 12 16 00 06 00 FC 12 16 00  Þ.L...ë.....ü...
0000D2E0   06 00 11 13 9B 04 06 00 21 13 9E 00 06 00 E1 0C  .......!....á.
0000D2F0   72 00 21 00 76 0B 4C 00 21 00 B1 0B 60 02 21 00  r.!.v.L.!.±.`.!.
0000D300   92 0E 60 02 21 00 2C 13 60 02 01 00 C9 0B 4C 00  .`.!.,.`...É.L.
0000D310   01 00 C3 0B 4C 00 01 00 D1 0B 16 00 01 00 37 13  ..Ã.L...Ñ.....7.
0000D320   16 00 01 00 42 13 16 00 21 00 51 13 64 02 21 00  ....B...!.Q.d.!.
0000D330   60 13 64 02 11 00 DB 2E 25 12 26 00 37 0C 9E 00  `.d...Û.%.&.7..
0000D340   26 00 FF 16 FA 05 21 00 08 17 64 02 06 00 51 0C  &...ú.!...d...Q.
0000D350   4C 00 06 00 5B 0C 4C 00 06 00 66 0C 4C 00 06 00  L...[.L...f.L...
0000D360   73 0C 4C 00 06 00 81 0C 4C 00 06 00 8F 0C 4C 00  s.L....L....L.
0000D370   06 00 9D 0C 9E 00 06 00 76 0B 4C 00 06 00 76 0B  ......v.L...v.
0000D380   4C 00 06 00 76 0B 4C 00 06 00 0A 18 9E 00 06 00  L...v.L........
0000D390   D3 18 16 00 06 00 76 0B 4C 00 06 00 0A 18 9E 00  Ó.....v.L......
0000D3A0   06 00 76 0B 4C 00 06 00 0A 18 9E 00 06 00 76 0B  ..v.L........v.
0000D3B0   4C 00 06 00 5E 0E A9 02 06 00 6F 0E A9 02 06 00  L...^.©...o.©...
0000D3C0   82 0E 16 00 06 00 76 0B 4C 00 06 00 76 0B 4C 00  .....v.L...v.L.
0000D3D0   06 00 76 0B 4C 00 06 00 7C 0B 4C 00 06 00 8D 0B  ..v.L...|.L....
0000D3E0   4C 00 06 00 9D 0B 16 00 06 00 0A 18 9E 00 06 00  L.............
0000D3F0   0A 18 9E 00 06 00 A1 06 9E 00 06 00 A1 06 9E 00  .....¡....¡..
0000D400   06 00 A1 06 9E 00 06 00 A1 06 9E 00 06 00 A1 06  ..¡....¡....¡.
0000D410   9E 00 06 00 A1 06 9E 00 06 00 A1 06 9E 00 06 00  ...¡....¡....
0000D420   A1 06 9E 00 06 00 A1 06 9E 00 06 00 A1 06 9E 00  ¡....¡....¡..
0000D430   06 00 A1 06 9E 00 06 00 A1 06 9E 00 06 00 A1 06  ..¡....¡....¡.
0000D440   9E 00 06 00 60 08 73 01 06 00 6B 17 B4 07 13 01  ...`.s...k.´...
0000D450   4E 2C AE 0F 50 20 00 00 00 00 96 08 02 03 19 00  N,®.P .........
0000D460   01 00 57 20 00 00 00 00 86 08 0F 03 1E 00 01 00  ..W ...........
0000D470   5F 20 00 00 00 00 86 08 1F 03 22 00 01 00 67 20  _ ......."...g
0000D480   00 00 00 00 86 00 29 03 27 00 01 00 8A 20 00 00  .....).'... ..
0000D490   00 00 86 00 37 03 27 00 01 00 AD 20 00 00 00 00  ...7.'...­ ....
0000D4A0   86 00 48 03 2B 00 01 00 C1 20 00 00 00 00 81 00  .H.+...Á .....
0000D4B0   5F 03 27 00 02 00 01 21 00 00 00 00 86 18 6C 03  _.'....!.....l.
0000D4C0   27 00 02 00 F5 20 00 00 00 00 91 18 69 1C 80 00  '...õ .....i..
0000D4D0   02 00 14 21 00 00 00 00 C6 00 29 03 3E 00 02 00  ...!....Æ.).>...
0000D4E0   20 21 00 00 00 00 C6 00 37 03 27 00 03 00 2C 21   !....Æ.7.'...,!
0000D4F0   00 00 00 00 86 18 6C 03 27 00 03 00 34 21 00 00  .....l.'...4!..
0000D500   00 00 E6 09 96 03 44 00 03 00 3B 21 00 00 00 00  ..æ..D...;!....
0000D510   E6 09 9F 03 44 00 03 00 42 21 00 00 00 00 86 18  æ..D...B!.....
0000D520   6C 03 27 00 03 00 4C 21 00 00 00 00 96 00 CE 04  l.'...L!.....Î.
0000D530   76 00 03 00 C9 21 00 00 00 00 96 00 D5 04 7B 00  v...É!.....Õ.{.
0000D540   04 00 D8 21 00 00 00 00 96 00 DC 04 80 00 05 00  ..Ø!.....Ü....
0000D550   54 22 00 00 00 00 91 00 E4 04 80 00 05 00 8C 25  T".....ä....%
0000D560   00 00 00 00 91 00 F0 04 84 00 05 00 74 26 00 00  .....ð....t&..
0000D570   00 00 91 00 09 05 8C 00 08 00 D4 26 00 00 00 00  ........Ô&....
0000D580   91 00 1C 05 80 00 09 00 74 27 00 00 00 00 91 00  ......t'.....
0000D590   27 05 92 00 09 00 0C 28 00 00 00 00 91 00 3A 05  '.....(.....:.
0000D5A0   80 00 0A 00 96 29 00 00 00 00 91 00 42 05 99 00  ...).....B..
0000D5B0   0A 00 2F 22 00 00 00 00 91 00 F1 1C 4F 06 0B 00  ../".....ñ.O...
0000D5C0   43 22 00 00 00 00 91 00 62 1D 4F 06 0D 00 59 26  C".....b.O...Y&
0000D5D0   00 00 00 00 91 00 22 1F 4F 06 0F 00 6B 26 00 00  .....".O...k&..
0000D5E0   00 00 91 00 69 1F 4F 06 11 00 BA 29 00 00 00 00  ...i.O...º)....
0000D5F0   91 18 69 1C 80 00 13 00 DA 29 00 00 00 00 86 18  .i....Ú).....
0000D600   6C 03 27 00 13 00 E2 29 00 00 00 00 C6 00 55 05  l.'...â)....Æ.U.
0000D610   A1 00 13 00 EF 29 00 00 00 00 86 18 6C 03 27 00  ¡...ï).....l.'.
0000D620   15 00 F7 29 00 00 00 00 86 18 6C 03 B4 00 15 00  ..÷).....l.´...
0000D630   0D 2A 00 00 00 00 86 08 E4 05 1E 00 17 00 18 2A  .*.....ä......*
0000D640   00 00 00 00 86 00 F2 05 27 00 17 00 B4 2A 00 00  .....ò.'...´*..
0000D650   00 00 81 00 F8 05 27 00 17 00 18 2B 00 00 00 00  ...ø.'....+....
0000D660   81 00 03 06 BB 00 17 00 00 2E 00 00 00 00 81 00  ...»..........
0000D670   10 06 C0 00 18 00 1C 39 00 00 00 00 81 00 1D 06  ..À....9.......
0000D680   C7 00 19 00 BC 39 00 00 00 00 91 00 2D 06 D4 00  Ç...¼9.....-.Ô.
0000D690   1B 00 18 3E 00 00 00 00 86 00 5E 06 DA 00 1C 00  ...>.....^.Ú...
0000D6A0   A0 3E 00 00 00 00 86 00 6A 06 E0 00 1E 00 28 3F   >.....j.à...(?
0000D6B0   00 00 00 00 86 00 78 06 E6 00 20 00 B8 3F 00 00  .....x.æ. .¸?..
0000D6C0   00 00 96 00 95 06 EC 00 22 00 A0 41 00 00 00 00  ....ì.". A....
0000D6D0   86 18 6C 03 27 00 23 00 A8 41 00 00 00 00 81 18  .l.'.#.¨A.....
0000D6E0   6C 03 F3 00 23 00 BE 41 00 00 00 00 96 00 A6 06  l.ó.#.¾A.....¦.
0000D6F0   F9 00 25 00 C8 41 00 00 00 00 86 00 AB 06 00 01  ù.%.ÈA.....«...
0000D700   27 00 5D 42 00 00 00 00 91 00 B1 06 06 01 28 00  '.]B.....±...(.
0000D710   90 42 00 00 00 00 96 00 B8 06 0B 01 29 00 D4 44  B.....¸...).ÔD
0000D720   00 00 00 00 96 00 EA 06 10 01 29 00 EC 44 00 00  .....ê...).ìD..
0000D730   00 00 96 00 02 07 16 01 2A 00 F9 44 00 00 00 00  .......*.ùD....
0000D740   96 00 48 07 1B 01 2B 00 2D 45 00 00 00 00 96 00  .H...+.-E.....
0000D750   5E 07 99 00 2C 00 44 45 00 00 00 00 96 00 6A 07  ^..,.DE.....j.
0000D760   21 01 2D 00 38 47 00 00 00 00 91 00 72 07 27 01  !.-.8G.....r.'.
0000D770   2E 00 B4 47 00 00 00 00 91 00 A0 07 2D 01 30 00  ..´G..... .-.0.
0000D780   28 48 00 00 00 00 96 00 AE 07 21 01 33 00 64 4A  (H.....®.!.3.dJ
0000D790   00 00 00 00 96 00 BC 07 21 01 34 00 64 4D 00 00  .....¼.!.4.dM..
0000D7A0   00 00 96 00 C9 07 21 01 35 00 4C 4F 00 00 00 00  ...É.!.5.LO....
0000D7B0   91 00 EF 07 39 01 36 00 D8 4F 00 00 00 00 91 00  .ï.9.6.ØO.....
0000D7C0   06 08 44 01 3A 00 24 50 00 00 00 00 96 00 10 08  ..D.:.$P.......
0000D7D0   21 01 3C 00 60 52 00 00 00 00 86 00 2F 08 56 01  !.<.`R...../.V.
0000D7E0   3D 00 C8 52 00 00 00 00 86 00 37 08 62 01 3F 00  =.ÈR.....7.b.?.
0000D7F0   34 53 00 00 00 00 86 00 3F 08 27 00 40 00 94 53  4S.....?.'.@.S
0000D800   00 00 00 00 86 18 6C 03 27 00 40 00 B2 53 00 00  .....l.'.@.²S..
0000D810   00 00 86 18 6C 03 77 01 40 00 CD 53 00 00 00 00  ...l.w.@.ÍS....
0000D820   86 08 67 08 81 01 41 00 D5 53 00 00 00 00 86 00  .g..A.ÕS.....
0000D830   72 08 86 01 41 00 E4 53 00 00 00 00 86 00 6A 07  r..A.äS.....j.
0000D840   27 00 42 00 58 54 00 00 00 00 86 00 77 08 8B 01  '.B.XT.....w..
0000D850   42 00 74 54 00 00 00 00 96 00 8E 08 21 01 43 00  B.tT......!.C.
0000D860   98 54 00 00 00 00 96 00 97 08 21 01 44 00 D5 54  T......!.D.ÕT
0000D870   00 00 00 00 86 18 6C 03 27 00 45 00 E0 54 00 00  .....l.'.E.àT..
0000D880   00 00 96 00 CE 08 0B 01 45 00 DC 57 00 00 00 00  ...Î...E.ÜW....
0000D890   96 00 DF 08 21 01 45 00 C0 5B 00 00 00 00 91 00  .ß.!.E.À[.....
0000D8A0   F2 08 A4 01 46 00 D8 5B 00 00 00 00 91 00 02 09  ò.¤.F.Ø[.......
0000D8B0   AC 01 48 00 C4 5C 00 00 00 00 91 00 23 09 BB 01  ¬.H.Ä\.....#.».
0000D8C0   4F 00 FF 5C 00 00 00 00 91 00 32 09 C2 01 50 00  O..\.....2.Â.P.
0000D8D0   39 5D 00 00 00 00 91 00 4A 09 CC 01 53 00 50 5D  9].....J.Ì.S.P]
0000D8E0   00 00 00 00 91 00 5D 09 D4 01 55 00 67 5D 00 00  .....].Ô.U.g]..
0000D8F0   00 00 91 00 6B 09 DC 01 57 00 98 5D 00 00 00 00  ...k.Ü.W.]....
0000D900   91 00 7D 09 E2 01 59 00 E4 5D 00 00 00 00 91 18  .}.â.Y.ä].....
0000D910   69 1C 80 00 5B 00 39 60 00 00 00 00 86 18 6C 03  i..[.9`.....l.
0000D920   F3 01 5B 00 49 60 00 00 00 00 86 18 6C 03 FB 01  ó.[.I`.....l.û.
0000D930   5D 00 60 60 00 00 00 00 96 00 97 09 0B 01 60 00  ].``........`.
0000D940   18 62 00 00 00 00 96 00 A8 09 0B 01 60 00 FC 62  .b.....¨...`.üb
0000D950   00 00 00 00 96 00 B8 09 04 02 60 00 00 64 00 00  .....¸...`..d..
0000D960   00 00 96 00 C8 09 0B 01 61 00 0C 66 00 00 00 00  ...È...a..f....
0000D970   91 00 D7 09 0A 02 61 00 9C 66 00 00 00 00 91 00  .×...a.f.....
0000D980   F3 09 15 02 67 00 98 68 00 00 00 00 91 00 FF 09  ó...g.h.......
0000D990   1E 02 6A 00 18 69 00 00 00 00 96 00 11 0A 0B 01  ..j..i.........
0000D9A0   6D 00 F8 69 00 00 00 00 96 00 26 0A 21 01 6D 00  m.øi.....&.!.m.
0000D9B0   58 6B 00 00 00 00 96 00 3E 0A 21 01 6E 00 34 6D  Xk.....>.!.n.4m
0000D9C0   00 00 00 00 96 00 57 0A 04 02 6F 00 7B 6D 00 00  .....W...o.{m..
0000D9D0   00 00 96 00 CE 08 0B 01 70 00 84 6D 00 00 00 00  ...Î...p.m....
0000D9E0   96 00 69 0A 26 02 70 00 78 73 00 00 00 00 96 00  .i.&.p.xs.....
0000D9F0   7D 0A 2E 02 73 00 FC 77 00 00 00 00 96 00 90 0A  }...s.üw......
0000DA00   2E 02 75 00 1C 7D 00 00 00 00 96 00 A2 0A 35 02  ..u..}.....¢.5.
0000DA10   77 00 78 7D 00 00 00 00 96 00 B9 0A 04 02 7B 00  w.x}.....¹...{.
0000DA20   B4 7D 00 00 00 00 96 00 D6 0A 04 02 7C 00 F0 7D  ´}.....Ö...|.ð}
0000DA30   00 00 00 00 96 00 F1 0A 3E 02 7D 00 3C 7E 00 00  .....ñ.>.}.<~..
0000DA40   00 00 91 00 08 0B 16 01 81 00 B1 7E 00 00 00 00  ........±~....
0000DA50   91 00 1E 0B 16 01 82 00 E8 7E 00 00 00 00 91 00  ......è~.....
0000DA60   3D 0B 47 02 83 00 1C 7F 00 00 00 00 91 00 47 0B  =.G........G.
0000DA70   53 02 85 00 AC 7F 00 00 00 00 91 00 56 0B 10 01  S..¬.....V...
0000DA80   87 00 E0 7F 00 00 00 00 86 18 6C 03 6D 02 88 00  .à.....l.m..
0000DA90   30 80 00 00 00 00 86 00 DB 0B 27 00 8C 00 90 80  0.....Û.'..
0000DAA0   00 00 00 00 86 00 E3 0B 44 00 8C 00 04 82 00 00  .....ã.D.....
0000DAB0   00 00 81 00 F4 0B 75 02 8C 00 98 83 00 00 00 00  ...ô.u......
0000DAC0   81 00 01 0C 7D 02 8E 00 2C 86 00 00 00 00 81 00  ...}..,.....
0000DAD0   11 0C 93 02 98 00 70 87 00 00 00 00 81 00 21 0C  ....p.....!.
0000DAE0   9A 02 99 00 0C 8B 00 00 00 00 91 00 2C 0C A2 02  ........,.¢.
0000DAF0   9C 00 60 8B 00 00 00 00 86 18 6C 03 8B 01 9E 00  .`.....l...
0000DB00   C7 8B 00 00 00 00 86 08 CA 0C AC 02 9F 00 EC 8B  Ç.....Ê.¬..ì
0000DB10   00 00 00 00 86 00 01 0C 75 02 9F 00 48 8D 00 00  .......u..H..
0000DB20   00 00 81 00 D5 0C 27 00 A1 00 0C 8E 00 00 00 00  ...Õ.'.¡......
0000DB30   86 18 6C 03 62 01 A1 00 30 8E 00 00 00 00 86 00  .l.b.¡.0.....
0000DB40   DB 0B 27 00 A2 00 80 8F 00 00 00 00 86 00 E3 0B  Û.'.¢......ã.
0000DB50   44 00 A2 00 14 90 00 00 00 00 81 00 E8 0C B6 02  D.¢.......è.¶.
0000DB60   A2 00 B4 91 00 00 00 00 91 00 F7 0C C0 02 A6 00  ¢.´.....÷.À.¦.
0000DB70   1C 92 00 00 00 00 91 00 1C 0D CC 02 AA 00 84 92  ........Ì.ª.
0000DB80   00 00 00 00 91 00 24 0D D6 02 AC 00 18 93 00 00  .....$.Ö.¬....
0000DB90   00 00 91 00 3A 0D E4 02 B2 00 6C 93 00 00 00 00  ...:.ä.².l....
0000DBA0   91 00 4A 0D EE 02 B6 00 C0 93 00 00 00 00 86 18  .J.î.¶.À.....
0000DBB0   6C 03 22 03 B7 00 18 94 00 00 00 00 86 00 DB 0B  l.".·.......Û.
0000DBC0   27 00 BB 00 C4 95 00 00 00 00 86 00 E3 0B 44 00  '.».Ä.....ã.D.
0000DBD0   BB 00 30 97 00 00 00 00 81 00 99 0E 2A 03 BB 00  ».0......*.».
0000DBE0   0C 98 00 00 00 00 81 00 A9 0E 39 03 C2 00 AC 98  ......©.9.Â.¬
0000DBF0   00 00 00 00 81 00 B9 0E 43 03 C7 00 14 99 00 00  .....¹.C.Ç....
0000DC00   00 00 81 00 C8 0E 4B 03 CA 00 28 9A 00 00 00 00  ...È.K.Ê.(....
0000DC10   81 00 E3 0E 59 03 D0 00 2C 9B 00 00 00 00 81 00  .ã.Y.Ð.,.....
0000DC20   FE 0E 68 03 D6 00 04 9C 00 00 00 00 81 00 17 0F  þ.h.Ö.........
0000DC30   74 03 DA 00 1C 9D 00 00 00 00 81 00 2B 0F 81 03  t.Ú.......+..
0000DC40   E0 00 28 9E 00 00 00 00 81 00 42 0F 8B 03 E4 00  à.(.....B..ä.
0000DC50   DC 9E 00 00 00 00 81 00 48 0F 90 03 E5 00 6C 9F  Ü.....H..å.l
0000DC60   00 00 00 00 81 00 54 0F 97 03 E7 00 40 A0 00 00  .....T..ç.@ ..
0000DC70   00 00 81 00 6D 0F 9F 03 E9 00 CC A1 00 00 00 00  ...m..é.Ì¡....
0000DC80   81 00 89 0F A6 03 EA 00 C0 A2 00 00 00 00 91 00  ..¦.ê.À¢.....
0000DC90   9C 0F AE 03 EC 00 54 A3 00 00 00 00 91 00 AD 0F  .®.ì.T£.....­.
0000DCA0   C0 03 EF 00 A6 A3 00 00 00 00 91 00 BB 0F C8 03  À.ï.¦£.....».È.
0000DCB0   F1 00 B4 A3 00 00 00 00 91 00 C5 0F CD 03 F2 00  ñ.´£.....Å.Í.ò.
0000DCC0   C0 A3 00 00 00 00 91 00 CD 0F D3 03 F4 00 E8 A3  À£.....Í.Ó.ô.è£
0000DCD0   00 00 00 00 81 00 D5 0F 9F 03 F6 00 88 A6 00 00  .....Õ..ö.¦..
0000DCE0   00 00 91 00 F1 0F D9 03 F7 00 9C A7 00 00 00 00  ...ñ.Ù.÷.§....
0000DCF0   91 00 17 10 E0 03 F8 00 24 A8 00 00 00 00 91 00  ...à.ø.$¨.....
0000DD00   2D 10 F1 03 FF 00 1C A9 00 00 00 00 91 00 46 10  -.ñ....©.....F.
0000DD10   00 04 04 01 6C A9 00 00 00 00 91 00 53 10 0E 04  ....l©.....S...
0000DD20   09 01 E0 A9 00 00 00 00 91 00 68 10 1A 04 0F 01  ..à©.....h.....
0000DD30   38 AA 00 00 00 00 91 00 88 10 22 04 11 01 5C AA  8ª......"...\ª
0000DD40   00 00 00 00 91 00 99 10 27 04 12 01 00 AB 00 00  ......'....«..
0000DD50   00 00 91 00 B6 10 30 04 15 01 C8 AB 00 00 00 00  ...¶.0...È«....
0000DD60   91 00 CD 10 3F 04 1B 01 7C AC 00 00 00 00 91 00  .Í.?...|¬.....
0000DD70   E4 10 49 04 1E 01 D4 AD 00 00 00 00 91 00 FD 10  ä.I...Ô­.....ý.
0000DD80   5A 04 24 01 44 AF 00 00 00 00 91 00 0D 11 3F 04  Z.$.D¯.......?.
0000DD90   2A 01 B4 AF 00 00 00 00 91 00 1A 11 6A 04 2D 01  *.´¯.......j.-.
0000DDA0   F0 AF 00 00 00 00 91 00 27 11 72 04 2F 01 50 B0  ð¯.....'.r./.P°
0000DDB0   00 00 00 00 91 00 39 11 7A 04 31 01 AC B0 00 00  .....9.z.1.¬°..
0000DDC0   00 00 91 00 4A 11 82 04 33 01 FC B0 00 00 00 00  ...J..3.ü°....
0000DDD0   91 00 55 11 82 04 35 01 50 B1 00 00 00 00 91 00  .U..5.P±.....
0000DDE0   6B 11 8C 04 37 01 00 B2 00 00 00 00 91 00 8B 11  k..7..²......
0000DDF0   93 04 38 01 67 B2 00 00 00 00 91 00 4A 0D EE 02  .8.g².....J.î.
0000DE00   3A 01 82 B2 00 00 00 00 91 00 98 11 8C 04 3B 01  :.².......;.
0000DE10   AC B2 00 00 00 00 86 18 6C 03 A3 04 3C 01 A7 B3  ¬².....l.£.<.§³
0000DE20   00 00 00 00 86 18 6C 03 62 01 3F 01 D0 B3 00 00  .....l.b.?.Ð³..
0000DE30   00 00 86 00 DB 0B 27 00 40 01 9C B5 00 00 00 00  ...Û.'.@.µ....
0000DE40   86 00 E3 0B 44 00 40 01 A8 B6 00 00 00 00 81 00  .ã.D.@.¨¶.....
0000DE50   5B 12 AE 04 40 01 48 B8 00 00 00 00 81 00 6C 12  [.®.@.H¸.....l.
0000DE60   BB 04 44 01 C8 B8 00 00 00 00 81 00 76 12 D0 04  ».D.È¸.....v.Ð.
0000DE70   4B 01 A4 BA 00 00 00 00 91 00 83 12 EE 02 4C 01  K.¤º......î.L.
0000DE80   F8 BA 00 00 00 00 91 00 91 12 D6 04 4D 01 80 BB  øº......Ö.M.»
0000DE90   00 00 00 00 91 00 8B 11 93 04 4F 01 E7 BB 00 00  .......O.ç»..
0000DEA0   00 00 86 18 6C 03 27 00 51 01 08 BC 00 00 00 00  ...l.'.Q..¼....
0000DEB0   86 18 6C 03 62 01 51 01 70 BC 00 00 00 00 86 00  .l.b.Q.p¼.....
0000DEC0   73 13 27 00 52 01 E0 BC 00 00 00 00 86 00 84 13  s.'.R.à¼......
0000DED0   27 00 52 01 4C BD 00 00 00 00 86 00 94 13 27 00  '.R.L½......'.
0000DEE0   52 01 B8 BD 00 00 00 00 86 00 E3 0B 44 00 52 01  R.¸½.....ã.D.R.
0000DEF0   9C BF 00 00 00 00 81 00 01 0C DE 04 52 01 3C C2  ¿.......Þ.R.<Â
0000DF00   00 00 00 00 81 00 C8 13 ED 04 58 01 8A C2 00 00  .....È.í.X.Â..
0000DF10   00 00 81 00 D9 13 F8 04 5B 01 BC C2 00 00 00 00  ...Ù.ø.[.¼Â....
0000DF20   81 00 F0 13 FF 04 5C 01 54 C3 00 00 00 00 81 00  .ð...\.TÃ.....
0000DF30   05 14 ED 04 5E 01 C0 C3 00 00 00 00 81 00 1B 14  ..í.^.ÀÃ.......
0000DF40   07 05 61 01 54 C4 00 00 00 00 81 00 2E 14 13 05  ..a.TÄ.........
0000DF50   65 01 8C C4 00 00 00 00 81 00 44 14 1A 05 66 01  e.Ä.....D...f.
0000DF60   F4 C4 00 00 00 00 81 00 5B 14 22 05 68 01 3C C5  ôÄ.....[.".h.<Å
0000DF70   00 00 00 00 81 00 71 14 2D 05 6B 01 A8 C5 00 00  .....q.-.k.¨Å..
0000DF80   00 00 81 00 89 14 38 05 6E 01 E8 C5 00 00 00 00  ....8.n.èÅ....
0000DF90   81 00 A0 14 47 05 73 01 67 C6 00 00 00 00 81 00  . .G.s.gÆ.....
0000DFA0   B7 14 47 05 74 01 74 C6 00 00 00 00 81 00 C9 14  ·.G.t.tÆ.....É.
0000DFB0   38 05 75 01 9C C6 00 00 00 00 96 00 F0 14 4E 05  8.u.Æ.....ð.N.
0000DFC0   7A 01 24 C7 00 00 00 00 96 00 00 15 56 05 7C 01  z.$Ç.......V.|.
0000DFD0   20 C8 00 00 00 00 91 00 29 15 5F 05 7F 01 44 C8   È.....)._..DÈ
0000DFE0   00 00 00 00 96 00 3F 15 99 00 80 01 E6 C8 00 00  .....?...æÈ..
0000DFF0   00 00 96 00 46 15 66 05 81 01 F6 C8 00 00 00 00  ...F.f..öÈ....
0000E000   96 00 4B 15 6B 05 82 01 0C C9 00 00 00 00 96 00  .K.k...É.....
0000E010   52 15 70 05 83 01 4C C9 00 00 00 00 96 00 5E 15  R.p..LÉ.....^.
0000E020   76 05 85 01 B0 C9 00 00 00 00 96 00 68 15 7D 05  v..°É.....h.}.
0000E030   88 01 04 CA 00 00 00 00 96 00 70 15 84 05 8B 01  ..Ê.....p...
0000E040   50 CA 00 00 00 00 96 00 7F 15 8C 05 8F 01 AC CA  PÊ........¬Ê
0000E050   00 00 00 00 96 00 89 15 93 05 92 01 98 CB 00 00  ........Ë..
0000E060   00 00 96 00 98 15 21 01 94 01 5C CE 00 00 00 00  ....!..\Î....
0000E070   91 00 A2 15 9D 05 95 01 E8 CE 00 00 00 00 91 00  .¢...èÎ.....
0000E080   B1 15 A7 05 98 01 50 CF 00 00 00 00 91 00 06 08  ±.§..PÏ.......
0000E090   44 01 9A 01 9C CF 00 00 00 00 96 00 BE 15 21 01  D..Ï.....¾.!.
0000E0A0   9C 01 C4 D0 00 00 00 00 96 00 C3 15 0B 01 9D 01  .ÄÐ.....Ã....
0000E0B0   0C D2 00 00 00 00 91 00 D7 15 B1 05 9D 01 5C D2  .Ò.....×.±..\Ò
0000E0C0   00 00 00 00 91 00 E5 15 99 00 9D 01 73 D2 00 00  .....å...sÒ..
0000E0D0   00 00 91 00 F6 15 B7 05 9E 01 88 D2 00 00 00 00  ...ö.·..Ò....
0000E0E0   91 00 0C 16 99 00 9E 01 A0 D0 00 00 00 00 91 00  ..... Ð.....
0000E0F0   BE 2E 1B 12 9F 01 EC D2 00 00 00 00 96 00 19 16  ¾....ìÒ.......
0000E100   21 01 A1 01 9B D3 00 00 00 00 96 00 2C 16 BB 05  !.¡.Ó.....,.».
0000E110   A2 01 B4 D3 00 00 00 00 96 00 3F 16 21 01 A4 01  ¢.´Ó.....?.!.¤.
0000E120   28 D7 00 00 00 00 96 00 47 16 21 01 A5 01 FC D9  (×.....G.!.¥.üÙ
0000E130   00 00 00 00 96 00 5E 16 21 01 A6 01 8C DE 00 00  .....^.!.¦.Þ..
0000E140   00 00 91 00 76 16 C1 05 A7 01 1C DF 00 00 00 00  ...v.Á.§..ß....
0000E150   91 00 83 16 CA 05 A9 01 F4 DF 00 00 00 00 91 00  ..Ê.©.ôß.....
0000E160   A1 16 D1 05 AA 01 20 E1 00 00 00 00 91 00 C4 16  ¡.Ñ.ª. á.....Ä.
0000E170   E0 05 AE 01 C8 E1 00 00 00 00 91 00 D7 16 EA 05  à.®.Èá.....×.ê.
0000E180   B0 01 4C E2 00 00 00 00 91 00 2C 0C A2 02 B2 01  °.Lâ.....,.¢.².
0000E190   A0 E2 00 00 00 00 91 00 E9 16 10 01 B4 01 85 E3   â.....é...´.ã
0000E1A0   00 00 00 00 91 00 56 0B 10 01 B5 01 AC E3 00 00  .....V...µ.¬ã..
0000E1B0   00 00 91 00 06 08 44 01 B6 01 F7 E3 00 00 00 00  .....D.¶.÷ã....
0000E1C0   86 18 6C 03 8B 01 B8 01 28 E4 00 00 00 00 86 00  .l..¸.(ä.....
0000E1D0   01 0C 75 02 B9 01 F8 E4 00 00 00 00 81 00 D5 0C  ..u.¹.øä.....Õ.
0000E1E0   27 00 BB 01 BC E5 00 00 00 00 96 00 13 17 01 06  '.».¼å.........
0000E1F0   BB 01 CC 2B 00 00 00 00 86 18 6C 03 27 00 BC 01  ».Ì+.....l.'.¼.
0000E200   8C 2C 00 00 00 00 86 00 92 21 81 01 BC 01 D4 2B  ,.....!.¼.Ô+
0000E210   00 00 00 00 86 18 6C 03 27 00 BC 01 99 2C 00 00  .....l.'.¼.,..
0000E220   00 00 86 00 B2 21 81 01 BC 01 DC 2B 00 00 00 00  ...²!.¼.Ü+....
0000E230   86 18 6C 03 27 00 BC 01 A6 2C 00 00 00 00 86 00  .l.'.¼.¦,.....
0000E240   D2 21 81 01 BC 01 E4 2B 00 00 00 00 86 18 6C 03  Ò!.¼.ä+.....l.
0000E250   27 00 BC 01 BF 2C 00 00 00 00 86 00 F2 21 81 01  '.¼.¿,.....ò!.
0000E260   BC 01 EC 2B 00 00 00 00 86 18 6C 03 27 00 BC 01  ¼.ì+.....l.'.¼.
0000E270   D2 2C 00 00 00 00 86 00 12 22 81 01 BC 01 F4 2B  Ò,......".¼.ô+
0000E280   00 00 00 00 86 18 6C 03 27 00 BC 01 E5 2C 00 00  .....l.'.¼.å,..
0000E290   00 00 86 00 32 22 81 01 BC 01 FC 2B 00 00 00 00  ...2".¼.ü+....
0000E2A0   86 18 6C 03 27 00 BC 01 04 2D 00 00 00 00 86 00  .l.'.¼..-.....
0000E2B0   52 22 81 01 BC 01 04 2C 00 00 00 00 86 18 6C 03  R".¼..,.....l.
0000E2C0   27 00 BC 01 11 2D 00 00 00 00 86 00 72 22 81 01  '.¼..-.....r".
0000E2D0   BC 01 0C 2C 00 00 00 00 86 18 6C 03 27 00 BC 01  ¼..,.....l.'.¼.
0000E2E0   1E 2D 00 00 00 00 86 00 92 22 81 01 BC 01 14 2C  .-.....".¼..,
0000E2F0   00 00 00 00 86 18 6C 03 27 00 BC 01 3D 2D 00 00  .....l.'.¼.=-..
0000E300   00 00 86 00 B2 22 81 01 BC 01 1C 2C 00 00 00 00  ...²".¼..,....
0000E310   86 18 6C 03 27 00 BC 01 4A 2D 00 00 00 00 86 00  .l.'.¼.J-.....
0000E320   D2 22 81 01 BC 01 24 2C 00 00 00 00 86 18 6C 03  Ò".¼.$,.....l.
0000E330   27 00 BC 01 57 2D 00 00 00 00 86 00 F2 22 81 01  '.¼.W-.....ò".
0000E340   BC 01 2C 2C 00 00 00 00 86 18 6C 03 27 00 BC 01  ¼.,,.....l.'.¼.
0000E350   64 2D 00 00 00 00 86 00 12 23 81 01 BC 01 34 2C  d-......#.¼.4,
0000E360   00 00 00 00 86 18 6C 03 27 00 BC 01 71 2D 00 00  .....l.'.¼.q-..
0000E370   00 00 86 00 32 23 81 01 BC 01 3C 2C 00 00 00 00  ...2#.¼.<,....
0000E380   86 18 6C 03 27 00 BC 01 7E 2D 00 00 00 00 86 00  .l.'.¼.~-.....
0000E390   52 23 81 01 BC 01 44 2C 00 00 00 00 86 18 6C 03  R#.¼.D,.....l.
0000E3A0   27 00 BC 01 8B 2D 00 00 00 00 86 00 72 23 81 01  '.¼.-.....r#.
0000E3B0   BC 01 4C 2C 00 00 00 00 86 18 6C 03 27 00 BC 01  ¼.L,.....l.'.¼.
0000E3C0   98 2D 00 00 00 00 86 00 92 23 81 01 BC 01 54 2C  -.....#.¼.T,
0000E3D0   00 00 00 00 86 18 6C 03 27 00 BC 01 A5 2D 00 00  .....l.'.¼.¥-..
0000E3E0   00 00 86 00 B3 23 81 01 BC 01 5C 2C 00 00 00 00  ...³#.¼.\,....
0000E3F0   86 18 6C 03 27 00 BC 01 B2 2D 00 00 00 00 86 00  .l.'.¼.²-.....
0000E400   D4 23 81 01 BC 01 64 2C 00 00 00 00 86 18 6C 03  Ô#.¼.d,.....l.
0000E410   27 00 BC 01 BF 2D 00 00 00 00 86 00 F5 23 81 01  '.¼.¿-.....õ#.
0000E420   BC 01 6C 2C 00 00 00 00 86 18 6C 03 27 00 BC 01  ¼.l,.....l.'.¼.
0000E430   CC 2D 00 00 00 00 86 00 16 24 81 01 BC 01 74 2C  Ì-......$.¼.t,
0000E440   00 00 00 00 86 18 6C 03 27 00 BC 01 D9 2D 00 00  .....l.'.¼.Ù-..
0000E450   00 00 86 00 37 24 81 01 BC 01 7C 2C 00 00 00 00  ...7$.¼.|,....
0000E460   86 18 6C 03 27 00 BC 01 E6 2D 00 00 00 00 86 00  .l.'.¼.æ-.....
0000E470   58 24 81 01 BC 01 84 2C 00 00 00 00 86 18 6C 03  X$.¼.,.....l.
0000E480   27 00 BC 01 F3 2D 00 00 00 00 86 00 79 24 81 01  '.¼.ó-.....y$.
0000E490   BC 01 D8 38 00 00 00 00 86 18 6C 03 27 00 BC 01  ¼.Ø8.....l.'.¼.
0000E4A0   E0 38 00 00 00 00 86 00 9A 24 81 01 BC 01 00 00  à8.....$.¼...
0000E4B0   01 00 1F 17 00 00 01 00 2D 17 00 00 01 00 32 17  ........-.....2.
0000E4C0   00 00 01 00 1F 17 00 00 01 00 37 17 00 00 02 00  ..........7.....
0000E4D0   32 17 00 00 03 00 3C 17 00 00 01 00 3E 17 00 00  2.....<.....>...
0000E4E0   01 00 48 17 00 00 01 00 32 17 00 00 01 00 3E 17  ..H.....2.....>.
0000E4F0   00 00 02 00 03 1D 00 00 01 00 3E 17 00 00 02 00  ..........>.....
0000E500   03 1D 00 00 01 00 3B 1F 00 00 02 00 03 1D 00 00  ......;.........
0000E510   01 00 3B 1F 00 00 02 00 03 1D 00 00 01 00 1F 17  ..;.............
0000E520   00 00 02 00 51 17 00 00 01 00 5E 05 00 00 02 00  ....Q.....^.....
0000E530   65 05 00 00 01 00 65 17 00 00 01 00 6B 17 00 00  e.....e.....k...
0000E540   01 00 6B 17 00 00 02 00 73 17 00 00 01 00 6B 17  ..k.....s.....k.
0000E550   00 00 01 00 37 17 00 00 02 00 7A 17 00 00 01 00  ....7.....z.....
0000E560   37 17 00 00 02 00 7A 17 00 00 01 00 37 17 00 00  7.....z.....7...
0000E570   02 00 7A 17 00 00 01 00 87 17 00 00 01 00 9A 06  ..z...........
0000E580   00 00 02 00 A1 06 00 00 01 00 9A 06 00 00 02 00  ....¡..........
0000E590   A1 06 00 00 01 00 87 17 00 00 01 00 9A 06 00 00  ¡.............
0000E5A0   01 00 8E 17 00 00 01 00 93 17 00 00 01 00 9E 17  .............
0000E5B0   00 00 01 00 93 17 00 00 01 00 A1 06 00 00 01 00  .........¡.....
0000E5C0   A4 17 00 00 02 00 AC 17 00 00 01 00 BA 17 00 00  ¤.....¬.....º...
0000E5D0   02 00 26 08 00 00 03 00 C2 17 00 00 01 00 A1 06  ..&.....Â.....¡.
0000E5E0   00 00 01 00 A1 06 00 00 01 00 A1 06 00 00 01 00  ....¡.....¡.....
0000E5F0   C8 17 00 00 02 00 CB 17 00 00 03 00 CE 17 00 00  È.....Ë.....Î...
0000E600   04 00 D7 17 00 00 01 00 A1 06 00 00 02 00 37 17  ..×.....¡.....7.
0000E610   00 00 01 00 A1 06 00 00 01 00 45 08 00 00 02 00  ....¡.....E.....
0000E620   DE 17 00 00 01 00 E8 17 00 00 01 00 45 08 00 00  Þ.....è.....E...
0000E630   01 00 DE 17 00 00 01 00 F1 17 00 00 01 00 F9 17  ..Þ.....ñ.....ù.
0000E640   00 00 01 00 FE 17 00 00 01 00 A1 06 00 00 01 00  ....þ.....¡.....
0000E650   04 18 02 00 02 00 0A 18 00 00 01 00 3E 18 00 00  ............>...
0000E660   02 00 46 18 00 00 03 00 4C 18 00 00 04 00 53 18  ..F.....L.....S.
0000E670   00 00 05 00 59 18 00 00 06 00 5F 18 00 00 07 00  ....Y....._.....
0000E680   66 18 00 00 01 00 6C 18 00 00 01 00 74 18 00 00  f.....l.....t...
0000E690   02 00 4C 18 00 00 03 00 6C 18 00 00 01 00 04 18  ..L.....l.......
0000E6A0   02 00 02 00 80 18 00 00 01 00 04 18 02 00 02 00  ...............
0000E6B0   53 18 00 00 01 00 04 18 00 00 02 00 8B 18 00 00  S..............
0000E6C0   01 00 04 18 02 00 02 00 60 08 00 00 01 00 0A 18  ........`.......
0000E6D0   00 00 02 00 80 18 00 00 01 00 0A 18 00 00 02 00  ...............
0000E6E0   80 18 00 00 03 00 96 18 00 00 01 00 76 0B 00 00  ..........v...
0000E6F0   01 00 F9 17 00 00 02 00 A1 18 00 00 03 00 A6 18  ..ù.....¡.....¦.
0000E700   00 00 04 00 04 18 00 00 05 00 AA 18 00 00 06 00  ..........ª.....
0000E710   46 18 00 00 01 00 F9 17 00 00 02 00 B0 18 00 00  F.....ù.....°...
0000E720   03 00 F1 17 00 00 01 00 F9 17 00 00 02 00 B6 18  ..ñ.....ù.....¶.
0000E730   00 00 03 00 BF 18 00 00 01 00 C5 18 00 00 01 00  ....¿.....Å.....
0000E740   C5 18 00 00 01 00 76 0B 00 00 01 00 76 0B 00 00  Å.....v.....v...
0000E750   02 00 C5 18 00 00 03 00 D3 18 00 00 01 00 76 0B  ..Å.....Ó.....v.
0000E760   00 00 02 00 C5 18 00 00 01 00 76 0B 00 00 02 00  ....Å.....v.....
0000E770   C5 18 00 00 01 00 76 0B 00 00 02 00 5E 0E 00 00  Å.....v.....^...
0000E780   03 00 6F 0E 00 00 04 00 82 0E 00 00 01 00 76 0B  ..o..........v.
0000E790   00 00 01 00 76 0B 00 00 01 00 76 0B 00 00 02 00  ....v.....v.....
0000E7A0   7C 0B 00 00 03 00 8D 0B 00 00 04 00 9D 0B 00 00  |.............
0000E7B0   01 00 0A 18 00 00 01 00 0A 18 00 00 01 00 92 0E  ...............
0000E7C0   00 00 02 00 A6 18 00 00 01 00 F9 17 00 00 02 00  ....¦.....ù.....
0000E7D0   92 0E 00 00 01 00 8E 17 00 00 01 00 76 0B 00 00  ..........v...
0000E7E0   02 00 7C 0B 00 00 03 00 8D 0B 00 00 04 00 9D 0B  ..|...........
0000E7F0   00 00 01 00 E5 18 00 00 02 00 ED 18 00 00 01 00  ....å.....í.....
0000E800   E5 18 00 00 02 00 ED 18 00 00 03 00 A1 18 00 00  å.....í.....¡...
0000E810   04 00 F3 18 00 00 05 00 F8 18 00 00 06 00 02 19  ..ó.....ø.......
0000E820   00 00 07 00 0D 19 00 00 08 00 1A 19 00 00 09 00  ................
0000E830   27 19 00 00 0A 00 08 17 00 00 01 00 6C 18 00 00  '...........l...
0000E840   01 00 37 19 00 00 02 00 A1 18 00 00 03 00 27 19  ..7.....¡.....'.
0000E850   00 00 01 00 48 17 00 00 02 00 3D 19 00 00 01 00  ....H.....=.....
0000E860   A6 18 00 00 01 00 E5 18 00 00 02 00 ED 18 00 00  ¦.....å.....í...
0000E870   01 00 76 0B 00 00 01 00 46 19 00 00 02 00 CE 17  ..v.....F.....Î.
0000E880   00 00 03 00 8E 17 00 00 04 00 51 19 00 00 01 00  .........Q.....
0000E890   CE 17 00 00 02 00 8E 17 00 00 03 00 5B 19 00 00  Î..........[...
0000E8A0   04 00 65 19 00 00 01 00 CE 17 00 00 02 00 6D 19  ..e.....Î.....m.
0000E8B0   00 00 01 00 C2 17 00 00 02 00 73 19 00 00 03 00  ....Â.....s.....
0000E8C0   77 19 00 00 04 00 7C 19 00 00 05 00 81 19 00 00  w.....|........
0000E8D0   06 00 86 19 00 00 01 00 8B 19 00 00 02 00 8D 19  .............
0000E8E0   00 00 03 00 8F 19 00 00 04 00 92 19 00 00 01 00  ..............
0000E8F0   95 19 00 00 01 00 76 0B 00 00 02 00 5E 0E 00 00  .....v.....^...
0000E900   03 00 6F 0E 00 00 04 00 82 0E 00 00 01 00 51 19  ..o..........Q.
0000E910   00 00 02 00 95 19 00 00 03 00 C2 17 00 00 04 00  .........Â.....
0000E920   73 19 00 00 05 00 9D 19 00 00 06 00 A4 19 00 00  s..........¤...
0000E930   07 00 B5 19 00 00 01 00 C4 19 00 00 02 00 CB 19  ..µ.....Ä.....Ë.
0000E940   00 00 03 00 D6 19 00 00 04 00 48 17 00 00 05 00  ....Ö.....H.....
0000E950   E5 19 00 00 01 00 C4 19 00 00 02 00 CB 19 00 00  å.....Ä.....Ë...
0000E960   03 00 48 17 00 00 01 00 EE 19 00 00 02 00 F9 19  ..H.....î.....ù.
0000E970   00 00 03 00 04 1A 00 00 04 00 0D 1A 00 00 05 00  ................
0000E980   E5 19 00 00 06 00 16 1A 00 00 01 00 EE 19 00 00  å...........î...
0000E990   02 00 F9 19 00 00 03 00 04 1A 00 00 04 00 0D 1A  ..ù.............
0000E9A0   00 00 05 00 48 17 00 00 06 00 24 1A 00 00 01 00  ....H.....$.....
0000E9B0   EE 19 00 00 02 00 F9 19 00 00 03 00 04 1A 00 00  î.....ù.........
0000E9C0   04 00 0D 1A 00 00 01 00 51 19 00 00 02 00 95 19  ........Q......
0000E9D0   00 00 03 00 35 1A 00 00 04 00 4B 1A 00 00 05 00  ....5.....K.....
0000E9E0   5E 1A 00 00 06 00 76 1A 00 00 01 00 51 19 00 00  ^.....v.....Q...
0000E9F0   02 00 95 19 00 00 03 00 85 1A 00 00 04 00 91 1A  .............
0000EA00   00 00 01 00 A1 18 00 00 01 00 37 17 00 00 02 00  ....¡.....7.....
0000EA10   6D 19 00 00 01 00 37 17 00 00 02 00 95 19 00 00  m.....7........
0000EA20   01 00 6C 18 00 00 01 00 04 1A 00 00 02 00 0D 1A  ..l.............
0000EA30   00 00 01 00 97 1A 00 00 02 00 95 19 00 00 03 00  ..............
0000EA40   B0 18 00 00 01 00 9C 1A 00 00 02 00 9E 1A 00 00  °.............
0000EA50   01 00 04 18 00 00 01 00 3C 17 00 00 02 00 A0 1A  ........<..... .
0000EA60   00 00 01 00 9C 1A 00 00 02 00 9E 1A 00 00 01 00  ..............
0000EA70   6C 18 00 00 01 00 6C 18 00 00 01 00 A2 1A 00 00  l.....l.....¢...
0000EA80   02 00 AA 1A 00 00 03 00 B1 1A 00 00 04 00 B6 1A  ..ª.....±.....¶.
0000EA90   00 00 05 00 91 1A 00 00 06 00 35 1A 00 00 07 00  .........5.....
0000EAA0   5E 1A 00 00 01 00 6C 18 02 00 02 00 77 19 02 00  ^.....l.....w...
0000EAB0   03 00 7C 19 02 00 04 00 BF 1A 02 00 05 00 C4 1A  ..|.....¿.....Ä.
0000EAC0   00 00 01 00 6D 19 00 00 02 00 77 19 00 00 03 00  ....m.....w.....
0000EAD0   7C 19 00 00 04 00 BF 1A 00 00 05 00 C4 1A 00 00  |.....¿.....Ä...
0000EAE0   01 00 C2 17 00 00 02 00 73 19 00 00 03 00 77 19  ..Â.....s.....w.
0000EAF0   00 00 04 00 7C 19 00 00 05 00 BF 1A 00 00 06 00  ....|.....¿.....
0000EB00   C4 1A 00 00 01 00 51 19 00 00 02 00 95 19 00 00  Ä.....Q........
0000EB10   01 00 51 19 00 00 01 00 51 19 00 00 02 00 95 19  ..Q.....Q......
0000EB20   00 00 03 00 9D 19 00 00 01 00 6C 18 00 00 02 00  .........l.....
0000EB30   C4 19 00 00 03 00 6D 19 00 00 04 00 CB 19 02 00  Ä.....m.....Ë...
0000EB40   05 00 D6 19 02 00 06 00 E5 19 00 00 01 00 6D 19  ..Ö.....å.....m.
0000EB50   00 00 02 00 C2 17 00 00 03 00 73 19 00 00 01 00  ....Â.....s.....
0000EB60   C9 1A 00 00 02 00 D0 1A 00 00 03 00 D5 1A 00 00  É.....Ð.....Õ...
0000EB70   04 00 DC 1A 02 00 05 00 E1 1A 02 00 06 00 24 1A  ..Ü.....á.....$.
0000EB80   00 00 01 00 C9 1A 00 00 02 00 D0 1A 00 00 03 00  ....É.....Ð.....
0000EB90   D5 1A 00 00 04 00 DC 1A 02 00 05 00 E5 19 02 00  Õ.....Ü.....å...
0000EBA0   06 00 16 1A 00 00 01 00 C2 17 00 00 02 00 73 19  ........Â.....s.
0000EBB0   00 00 03 00 6D 19 00 00 01 00 9C 1A 00 00 02 00  ....m..........
0000EBC0   9E 1A 00 00 01 00 6C 18 00 00 02 00 C4 19 00 00  .....l.....Ä...
0000EBD0   01 00 6C 18 00 00 02 00 C4 19 00 00 01 00 9C 1A  ..l.....Ä......
0000EBE0   00 00 02 00 9E 1A 00 00 01 00 9C 1A 00 00 02 00  ..............
0000EBF0   9E 1A 00 00 01 00 8E 17 00 00 01 00 EA 1A 00 00  ..........ê...
0000EC00   02 00 B0 18 00 00 01 00 95 19 00 00 01 00 8E 17  ..°...........
0000EC10   00 00 01 00 CB 17 00 00 02 00 95 19 00 00 03 00  ....Ë..........
0000EC20   6C 18 00 00 01 00 76 0B 00 00 01 00 6C 18 00 00  l.....v.....l...
0000EC30   02 00 EF 1A 00 00 03 00 FC 1A 00 00 04 00 0A 1B  ..ï.....ü.......
0000EC40   00 00 01 00 6C 18 00 00 02 00 C4 19 00 00 03 00  ....l.....Ä.....
0000EC50   FC 1A 00 00 04 00 0A 1B 00 00 05 00 12 1B 00 00  ü...............
0000EC60   06 00 E9 02 00 00 07 00 37 19 00 00 01 00 37 19  ..é.....7.....7.
0000EC70   00 00 01 00 95 19 00 00 01 00 6C 18 00 00 02 00  .........l.....
0000EC80   C4 19 00 00 01 00 EA 1A 00 00 02 00 B0 18 00 00  Ä.....ê.....°...
0000EC90   01 00 76 0B 00 00 01 00 1F 1B 00 00 02 00 CB 17  ..v...........Ë.
0000ECA0   00 00 03 00 48 17 00 00 04 00 2A 1B 00 00 05 00  ....H.....*.....
0000ECB0   33 1B 00 00 06 00 41 1B 00 00 01 00 2A 1B 00 00  3.....A.....*...
0000ECC0   02 00 33 1B 00 00 03 00 56 1B 00 00 01 00 2A 1B  ..3.....V.....*.
0000ECD0   00 00 01 00 6B 1B 00 00 02 00 74 1B 00 00 01 00  ....k.....t.....
0000ECE0   2A 1B 00 00 02 00 33 1B 00 00 03 00 56 1B 00 00  *.....3.....V...
0000ECF0   01 00 7A 1B 00 00 02 00 6B 1B 00 00 03 00 74 1B  ..z.....k.....t.
0000ED00   00 00 04 00 46 18 00 00 01 00 74 1B 00 00 01 00  ....F.....t.....
0000ED10   74 1B 00 00 02 00 56 1B 00 00 01 00 74 1B 00 00  t.....V.....t...
0000ED20   02 00 80 1B 00 00 03 00 37 17 00 00 01 00 7A 1B  .......7.....z.
0000ED30   00 00 02 00 74 1B 00 00 03 00 46 18 00 00 01 00  ....t.....F.....
0000ED40   7A 1B 00 00 02 00 74 1B 00 00 03 00 80 1B 00 00  z.....t........
0000ED50   04 00 37 17 00 00 05 00 46 18 00 00 01 00 74 1B  ..7.....F.....t.
0000ED60   00 00 01 00 74 1B 00 00 01 00 7A 1B 00 00 02 00  ....t.....z.....
0000ED70   74 1B 00 00 03 00 80 1B 00 00 04 00 37 17 00 00  t..........7...
0000ED80   05 00 46 18 00 00 01 00 6C 18 00 00 02 00 CB 17  ..F.....l.....Ë.
0000ED90   00 00 01 00 6C 18 00 00 02 00 CB 17 00 00 03 00  ....l.....Ë.....
0000EDA0   85 1B 00 00 01 00 8F 1B 00 00 01 00 04 18 00 00  ..............
0000EDB0   01 00 04 18 00 00 01 00 04 18 00 00 01 00 37 17  ..............7.
0000EDC0   00 00 02 00 04 18 00 00 01 00 F9 17 00 00 02 00  ..........ù.....
0000EDD0   37 17 00 00 03 00 7A 17 00 00 01 00 F9 17 00 00  7.....z.....ù...
0000EDE0   02 00 37 17 00 00 03 00 7A 17 00 00 01 00 F9 17  ..7.....z.....ù.
0000EDF0   00 00 02 00 92 1B 00 00 03 00 9C 1B 00 00 04 00  ..............
0000EE00   7A 17 00 00 01 00 F9 17 00 00 02 00 37 17 00 00  z.....ù.....7...
0000EE10   03 00 7A 17 00 00 01 00 F9 17 00 00 02 00 37 17  ..z.....ù.....7.
0000EE20   00 00 01 00 A1 06 00 00 01 00 48 17 00 00 02 00  ....¡.....H.....
0000EE30   A5 1B 00 00 03 00 8E 17 00 00 01 00 B1 1B 00 00  ¥..........±...
0000EE40   02 00 BA 1B 00 00 01 00 A1 06 00 00 02 00 37 17  ..º.....¡.....7.
0000EE50   00 00 01 00 A1 06 00 00 01 00 37 17 00 00 01 00  ....¡.....7.....
0000EE60   37 17 00 00 01 00 9C 1A 00 00 02 00 9E 1A 00 00  7.............
0000EE70   01 00 A1 06 00 00 01 00 32 17 00 00 02 00 04 18  ..¡.....2.......
0000EE80   00 00 01 00 A1 06 00 00 01 00 A1 06 00 00 01 00  ....¡.....¡.....
0000EE90   A1 06 00 00 01 00 37 17 02 00 02 00 C4 1B 00 00  ¡.....7.....Ä...
0000EEA0   01 00 ED 18 00 00 01 00 ED 18 02 00 02 00 C9 1B  ..í.....í.....É.
0000EEB0   02 00 03 00 D6 1B 02 00 04 00 E2 1B 00 00 01 00  ....Ö.....â.....
0000EEC0   8E 17 02 00 02 00 C4 1B 00 00 01 00 6C 18 00 00  .....Ä.....l...
0000EED0   02 00 3D 19 00 00 01 00 48 17 00 00 02 00 3D 19  ..=.....H.....=.
0000EEE0   00 00 01 00 8E 17 00 00 01 00 8E 17 00 00 01 00  ..............
0000EEF0   A1 06 00 00 02 00 37 17 00 00 01 00 A6 18 00 00  ¡.....7.....¦...
0000EF00   01 00 E5 18 00 00 02 00 ED 18 00 00 01 00 ED 18  ..å.....í.....í.
0000EF10   04 00 0D 00 89 01 6C 03 27 00 91 01 6C 03 08 06  .....l.'..l...
0000EF20   A1 01 6C 03 62 01 A9 01 6C 03 27 00 B1 01 65 1C  ¡.l.b.©.l.'.±.e.
0000EF30   0F 06 09 00 6C 03 27 00 11 00 6C 03 27 00 B9 01  ....l.'...l.'.¹.
0000EF40   70 1C 14 06 C1 01 85 1C 1E 06 C1 01 8D 1C 24 06  p...Á....Á..$.
0000EF50   0C 00 01 0C 30 06 0C 00 96 1C 62 01 0C 00 9F 1C  ....0....b....
0000EF60   36 06 0C 00 3F 08 27 00 B9 01 A9 1C 14 06 C9 01  6...?.'.¹.©...É.
0000EF70   CC 1C 42 06 B9 01 DC 04 48 06 E9 01 6C 03 27 00  Ì.B.¹.Ü.H.é.l.'.
0000EF80   F1 01 A2 1D 62 06 61 01 BD 1D 68 06 F1 01 CF 1D  ñ.¢.b.a.½.h.ñ.Ï.
0000EF90   71 06 B9 01 DE 1D 8B 01 41 00 E7 1D 8B 01 09 02  q.¹.Þ..A.ç....
0000EFA0   6C 03 79 06 61 00 04 1E 81 06 61 00 0E 1E 2B 00  l.y.a....a...+.
0000EFB0   61 00 18 1E 2B 00 61 00 23 1E 88 06 61 00 38 1E  a...+.a.#..a.8.
0000EFC0   8E 06 61 00 CF 1D 71 06 11 02 56 1E 8B 01 11 02  .a.Ï.q...V....
0000EFD0   5F 1E 2B 00 11 02 6D 1E 81 06 61 00 7B 1E 8E 06  _.+...m..a.{..
0000EFE0   59 00 6C 03 A1 00 E1 01 6C 03 93 06 61 00 88 1E  Y.l.¡.á.l..a..
0000EFF0   99 06 19 02 6C 03 A0 06 49 00 A2 1E A8 06 49 00  ...l. .I.¢.¨.I.
0000F000   AE 1E 8E 06 21 02 D2 1E 8B 01 21 02 E5 1E 8B 01  ®..!.Ò..!.å..
0000F010   51 00 F9 1E 8B 01 21 02 0D 1F 8B 01 29 02 AF 1F  Q.ù..!....).¯.
0000F020   BA 06 61 00 C1 1F 99 06 61 00 D4 1F 99 06 29 02  º.a.Á..a.Ô..).
0000F030   E5 1F BF 06 59 00 F4 1F C4 06 59 00 03 20 CD 06  å.¿.Y.ô.Ä.Y.. Í.
0000F040   61 00 14 20 AC 02 59 00 3C 17 A9 02 59 00 29 20  a.. ¬.Y.<.©.Y.)
0000F050   A9 02 59 00 6C 03 D1 06 59 00 2B 20 C4 06 F1 01  ©.Y.l.Ñ.Y.+ Ä.ñ.
0000F060   37 20 36 06 61 00 46 20 CD 06 31 02 56 20 DF 06  7 6.a.F Í.1.V ß.
0000F070   F1 01 5A 20 36 06 61 00 6A 20 CD 06 31 02 75 20  ñ.Z 6.a.j Í.1.u
0000F080   E5 06 41 02 88 20 F4 06 41 02 88 20 70 05 0C 00  å.A. ô.A. p...
0000F090   8F 20 FB 06 41 02 88 20 01 07 41 02 98 20 36 06   û.A. ..A. 6.
0000F0A0   41 02 A3 20 0F 07 0C 00 6C 03 27 00 21 00 6C 03  A.£ ....l.'.!.l.
0000F0B0   27 00 49 02 C2 20 15 07 69 00 6C 03 1A 07 69 00  '.I.Â ..i.l...i.
0000F0C0   F2 05 27 00 51 02 6C 03 93 06 71 00 6C 03 22 07  ò.'.Q.l..q.l.".
0000F0D0   71 00 D7 20 8E 06 71 00 E8 20 8B 01 71 00 F2 05  q.× .q.è .q.ò.
0000F0E0   27 00 41 02 88 20 29 07 69 00 FB 20 2F 07 61 02  '.A. ).i.û /.a.
0000F0F0   6C 03 93 06 69 02 23 21 35 07 71 02 3F 21 44 00  l..i.#!5.q.?!D.
0000F100   59 02 4B 21 62 01 59 02 5E 21 62 01 59 02 6E 21  Y.K!b.Y.^!b.Y.n!
0000F110   46 07 41 02 88 20 76 05 59 02 78 21 27 00 41 02  F.A. v.Y.x!'.A.
0000F120   70 1C BB 05 41 02 88 20 5A 07 14 00 6C 03 93 06  p.».A. Z...l..
0000F130   39 02 8D 1C 44 00 41 02 B6 24 C9 07 39 02 BC 24  9..D.A.¶$É.9.¼$
0000F140   D0 07 81 02 BC 24 E4 07 41 02 CC 24 E6 00 89 02  Ð..¼$ä.A.Ì$æ..
0000F150   D8 24 99 00 91 02 6C 03 27 00 99 02 09 25 36 06  Ø$..l.'...%6.
0000F160   99 02 12 25 04 08 99 02 98 20 09 08 71 01 6C 03  ..%... ..q.l.
0000F170   8B 01 A1 02 25 25 0D 08 91 02 2E 25 13 08 A1 02  .¡.%%....%..¡.
0000F180   5E 15 18 08 41 02 B6 24 1E 08 41 02 49 25 28 08  ^...A.¶$..A.I%(.
0000F190   41 02 51 25 2D 08 41 02 A3 20 34 08 41 02 59 25  A.Q%-.A.£ 4.A.Y%
0000F1A0   44 00 99 02 95 06 39 08 41 02 63 25 44 00 A1 02  D...9.A.c%D.¡.
0000F1B0   5E 15 41 08 A1 02 74 25 66 08 A1 02 7D 25 0D 08  ^.A.¡.t%f.¡.}%..
0000F1C0   99 02 AB 06 6C 08 A9 00 6C 03 27 00 B9 02 A4 25  .«.l.©.l.'.¹.¤%
0000F1D0   7E 08 1C 00 C2 25 90 08 24 00 D0 25 A2 08 99 00  ~...Â%.$.Ð%¢..
0000F1E0   70 1C A7 08 D9 02 C2 25 AF 08 E1 02 D0 25 B5 08  p.§.Ù.Â%¯.á.Ð%µ.
0000F1F0   A1 00 07 26 1E 00 A1 00 15 26 8E 06 A9 00 23 26  ¡..&..¡..&.©.#&
0000F200   B9 08 99 00 2A 26 44 00 A1 00 3A 26 44 00 A1 00  ¹..*&D.¡.:&D.¡.
0000F210   43 26 44 00 A1 00 50 26 44 00 E1 02 5F 26 1E 00  C&D.¡.P&D.á._&..
0000F220   E9 02 74 26 27 00 B9 02 7C 26 80 00 09 00 8D 1C  é.t&'.¹.|&....
0000F230   44 00 B9 01 3A 26 44 00 A1 00 70 1C DC 08 2C 00  D.¹.:&D.¡.p.Ü.,.
0000F240   9F 1C 36 06 2C 00 8F 20 FB 06 A9 00 23 26 EA 08  .6.,. û.©.#&ê.
0000F250   41 02 49 25 05 09 41 02 93 26 28 08 41 02 88 20  A.I%..A.&(.A.
0000F260   0A 09 34 00 B2 26 24 09 3C 00 DB 26 33 09 31 01  ..4.²&$.<.Û&3.1.
0000F270   E8 26 38 09 44 00 DB 26 33 09 4C 00 DB 26 33 09  è&8.D.Û&3.L.Û&3.
0000F280   01 03 3B 27 52 09 11 03 53 27 36 06 01 03 5D 27  ..;'R...S'6...]'
0000F290   57 09 69 01 71 27 5A 09 91 00 87 27 6B 09 D1 00  W.i.q'Z..'k.Ñ.
0000F2A0   8F 27 EB 01 D1 00 99 27 EF 01 69 01 B0 27 8F 09  'ë.Ñ.'ï.i.°'.
0000F2B0   54 00 BC 27 A0 09 B9 00 C5 27 A5 09 B9 00 CD 27  T.¼' .¹.Å'¥.¹.Í'
0000F2C0   AA 09 B9 00 D6 27 A9 02 59 00 A0 1A A9 02 91 00  ª.¹.Ö'©.Y. .©..
0000F2D0   DE 27 D3 09 09 00 F3 27 EC 09 61 01 25 28 F2 09  Þ'Ó...ó'ì.a.%(ò.
0000F2E0   31 03 70 1C FC 09 41 03 3A 28 06 0A 5C 00 DB 26  1.p.ü.A.:(..\.Û&
0000F2F0   33 09 29 01 41 28 27 0A 64 00 BC 27 A0 09 21 01  3.).A('.d.¼' .!.
0000F300   C5 27 3A 0A 29 01 4C 28 3F 0A 6C 00 BC 27 A0 09  Å':.).L(?.l.¼' .
0000F310   41 01 C5 27 52 0A 29 01 54 28 57 0A 59 03 68 28  A.Å'R.).T(W.Y.h(
0000F320   72 0A 74 00 6E 28 30 06 59 03 76 28 0F 06 74 00  r.t.n(0.Y.v(..t.
0000F330   9F 1C 36 06 74 00 7B 28 A2 08 74 00 6C 03 27 00  .6.t.{(¢.t.l.'.
0000F340   C9 00 6C 03 8E 06 61 03 8E 28 94 0A 14 00 3A 28  É.l..a.(...:(
0000F350   A2 08 71 02 F3 27 EC 09 69 03 96 03 44 00 71 03  ¢.q.ó'ì.i..D.q.
0000F360   B1 28 1E 00 7C 00 DB 26 33 09 E9 00 B5 28 AD 0A  ±(..|.Û&3.é.µ(­.
0000F370   E9 00 DF 08 CF 0A 61 01 CA 28 0D 0B 79 03 70 1C  é.ß.Ï.a.Ê(..y.p.
0000F380   17 0B 79 03 D3 28 21 0B 41 02 DC 28 16 01 41 02  ..y.Ó(!.A.Ü(..A.
0000F390   FB 28 39 0B 89 03 07 29 45 0B 91 03 6C 03 5E 0B  û(9...)E..l.^.
0000F3A0   94 00 DB 26 33 09 9C 00 DB 26 33 09 01 03 3D 29  .Û&3..Û&3...=)
0000F3B0   77 0B A9 00 23 26 7C 0B 01 03 4F 29 1E 00 01 03  w.©.#&|...O)....
0000F3C0   64 29 36 06 01 03 80 29 36 06 29 01 99 29 4C 00  d)6...)6.).)L.
0000F3D0   29 01 A5 29 4C 00 29 01 B4 29 4C 00 A1 03 C0 29  ).¥)L.).´)L.¡.À)
0000F3E0   4C 00 11 01 CF 29 4C 00 11 01 E3 29 4C 00 11 01  L...Ï)L...ã)L...
0000F3F0   F6 29 4C 00 A4 00 DB 26 33 09 B1 03 17 2A A4 0B  ö)L.¤.Û&3.±..*¤.
0000F400   AC 00 6C 03 27 00 11 01 29 2A C5 0B B4 00 BC 27  ¬.l.'...)*Å.´.¼'
0000F410   A0 09 09 01 C5 27 57 09 09 01 32 2A D8 0B AC 00   ...Å'W...2*Ø.¬.
0000F420   3A 2A E0 0B AC 00 8F 20 E6 0B AC 00 46 2A ED 0B  :*à.¬. æ.¬.F*í.
0000F430   AC 00 C2 25 F5 0B BC 00 D0 25 09 0C C4 00 69 2A  ¬.Â%õ.¼.Ð%..Ä.i*
0000F440   A2 08 C4 00 71 2A 1D 0C BC 00 5F 26 1E 00 F9 00  ¢.Ä.q*..¼._&..ù.
0000F450   7B 2A 44 00 F9 00 8A 2A 44 00 F9 00 93 2A 58 0C  {*D.ù.*D.ù.*X.
0000F460   C9 03 AF 2A 9E 00 C9 03 BB 2A 9E 00 C9 03 C3 2A  É.¯*.É.»*.É.Ã*
0000F470   9E 00 D1 03 AF 2A 9E 00 D1 03 D8 2A 9E 00 D1 03  .Ñ.¯*.Ñ.Ø*.Ñ.
0000F480   E3 2A 57 09 CC 00 EE 2A 72 0C CC 00 FA 2A 76 0C  ã*W.Ì.î*r.Ì.ú*v.
0000F490   39 01 87 27 6B 09 11 03 04 2B 44 00 41 02 A9 1C  9.'k....+D.A.©.
0000F4A0   BB 05 34 00 EE 2A 72 0C 34 00 FA 2A 76 0C D1 00  ».4.î*r.4.ú*v.Ñ.
0000F4B0   1F 2B 93 0C 11 03 27 2B 36 06 B9 00 30 2B A7 0C  .+...'+6.¹.0+§.
0000F4C0   51 01 3B 2B 1E 00 B9 00 46 2B 72 00 A9 00 23 26  Q.;+..¹.F+r.©.#&
0000F4D0   AC 0C 21 01 CD 27 33 0D 21 01 51 2B 9B 04 21 01  ¬.!.Í'3.!.Q+.!.
0000F4E0   5D 2B 9B 04 41 01 46 2B 72 00 21 01 67 2B 72 00  ]+.A.F+r.!.g+r.
0000F4F0   21 01 30 2B A7 0C 29 01 78 2B 39 0D 09 01 46 2B  !.0+§.).x+9...F+
0000F500   72 00 D4 00 6C 03 27 00 D4 00 87 2B 1F 0E D4 00  r.Ô.l.'.Ô.+..Ô.
0000F510   46 2A ED 0B D4 00 C2 25 F5 0B DC 00 D0 25 09 0C  F*í.Ô.Â%õ.Ü.Ð%..
0000F520   E4 00 71 2A 1D 0C DC 00 5F 26 1E 00 31 02 93 2B  ä.q*..Ü._&..1.+
0000F530   C8 03 59 00 9E 2B BA 06 59 00 A7 2B 63 0E 31 02  È.Y.+º.Y.§+c.1.
0000F540   B3 2B DF 06 31 02 B7 2B B9 0E 31 02 BB 2B B9 0E  ³+ß.1.·+¹.1.»+¹.
0000F550   19 01 6C 03 A1 00 19 01 3C 17 A9 02 19 01 29 20  ..l.¡...<.©...)
0000F560   A9 02 31 02 BF 2B B9 0E 41 01 CD 27 33 0D EC 00  ©.1.¿+¹.A.Í'3.ì.
0000F570   6C 03 27 00 F4 00 6C 03 27 00 EC 00 9F 1C 36 06  l.'.ô.l.'.ì..6.
0000F580   EC 00 01 0C 30 06 FC 00 6C 03 27 00 EC 00 8F 20  ì...0.ü.l.'.ì.
0000F590   FB 06 F4 00 87 2B 1F 0E 04 01 8F 20 FB 06 FC 00  û.ô.+.... û.ü.
0000F5A0   D9 2B E0 0B FC 00 01 0C E0 0B 04 01 9F 1C 36 06  Ù+à.ü...à....6.
0000F5B0   04 01 6C 03 27 00 F4 00 46 2A ED 0B 04 01 01 0C  ..l.'.ô.F*í.....
0000F5C0   30 06 31 02 E2 2B B9 0E 59 00 E7 2B 70 0F 31 02  0.1.â+¹.Y.ç+p.1.
0000F5D0   E7 2B E5 06 E1 03 8A 2C B3 0F 59 00 9A 2C 63 0E  ç+å.á.,³.Y.,c.
0000F5E0   39 01 AC 2C 20 10 41 01 B4 2C 9B 04 41 01 BF 2C  9.¬, .A.´,.A.¿,
0000F5F0   9B 04 41 01 CA 2C 9B 04 41 01 D5 2C 9B 04 41 01  .A.Ê,.A.Õ,.A.
0000F600   E0 2C 9B 04 41 01 EB 2C 9B 04 41 01 F6 2C 9B 04  à,.A.ë,.A.ö,.
0000F610   41 01 01 2D 9B 04 0C 01 6C 03 27 00 0C 01 6E 28  A..-...l.'...n(
0000F620   30 06 0C 01 7B 28 A2 08 0C 01 9F 1C 36 06 41 01  0...{(¢....6.A.
0000F630   30 2B A7 0C 51 01 15 2D A5 10 09 04 8D 1C 44 00  0+§.Q..-¥....D.
0000F640   51 01 31 2D AA 10 51 01 3D 2D 1E 00 51 01 49 2D  Q.1-ª.Q.=-..Q.I-
0000F650   1E 00 89 03 55 2D C0 10 E9 03 D3 28 C9 10 19 04  ...U-À.é.Ó(É...
0000F660   67 2D CE 10 E9 03 98 20 36 06 69 01 F0 14 57 0A  g-Î.é. 6.i.ð.W.
0000F670   61 01 25 28 F5 10 29 01 00 15 19 11 31 03 A9 1C  a.%(õ.).....1.©.
0000F680   FC 09 41 02 89 2D 34 11 A9 00 23 26 39 11 31 04  ü.A.-4.©.#&9.1.
0000F690   B4 2D 46 11 81 02 8D 1C 4C 11 41 04 3F 15 99 00  ´-F...L.A.?..
0000F6A0   41 04 FE 2D 59 11 51 04 0A 2E 1E 00 49 04 26 2E  A.þ-Y.Q.....I.&.
0000F6B0   61 11 59 04 8F 20 67 11 61 04 71 2A 44 00 41 04  a.Y. g.a.q*D.A.
0000F6C0   FE 2D 74 11 81 02 BC 24 7F 11 2C 00 6C 03 27 00  þ-t..¼$.,.l.'.
0000F6D0   41 02 49 25 93 11 2C 00 01 0C 30 06 CC 00 B2 26  A.I%.,...0.Ì.²&
0000F6E0   24 09 29 01 53 2E A9 11 59 00 5E 2E AC 02 59 00  $.).S.©.Y.^.¬.Y.
0000F6F0   6D 2E 92 00 29 01 7E 2E B9 11 29 01 8C 2E CF 11  m..).~.¹.)..Ï.
0000F700   79 01 9F 2E 0C 12 79 01 AC 2E 8B 03 89 04 11 2F  y....y.¬..../
0000F710   2F 12 C1 01 26 2F 35 12 91 04 3A 2F 16 01 99 04  /.Á.&/5..:/...
0000F720   6C 03 8B 01 99 04 4F 2F 42 12 14 01 6C 03 93 06  l...O/B...l..
0000F730   E9 03 58 2F 53 12 89 04 96 03 44 00 A1 04 5D 2F  é.X/S...D.¡.]/
0000F740   99 00 89 04 79 2F 44 00 79 04 98 20 09 08 B9 01  ..y/D.y. ..¹.
0000F750   8C 2F 7C 12 B1 04 A7 2F 85 12 A1 04 BC 2F 70 05  /|.±.§/.¡.¼/p.
0000F760   B9 04 DE 2F 99 12 41 02 EC 2F A0 12 79 02 F8 2F  ¹.Þ/.A.ì/ .y.ø/
0000F770   A5 12 41 02 6C 03 AA 12 01 03 08 30 8E 06 01 03  ¥.A.l.ª....0...
0000F780   23 30 62 01 01 03 3F 30 8E 06 41 02 49 25 C2 12  #0b...?0.A.I%Â.
0000F790   09 01 3F 16 CA 12 09 01 54 30 57 0A 11 01 62 30  ..?.Ê...T0W...b0
0000F7A0   57 0A 1C 01 C2 25 F5 0B 24 01 D0 25 09 0C 2C 01  W...Â%õ.$.Ð%..,.
0000F7B0   71 2A 1D 0C 34 01 8F 20 FB 06 34 01 9F 1C 36 06  q*..4. û.4..6.
0000F7C0   24 01 5F 26 1E 00 1C 01 9F 1C 36 06 31 02 56 20  $._&.....6.1.V
0000F7D0   A0 13 1C 01 6C 03 27 00 1C 01 87 2B 1F 0E 1C 01   ...l.'...+....
0000F7E0   46 2A ED 0B 34 01 6C 03 27 00 34 01 01 0C 30 06  F*í.4.l.'.4...0.
0000F7F0   09 01 6E 30 36 06 08 00 14 00 4F 00 08 00 18 00  ..n06.....O.....
0000F800   54 00 08 00 1C 00 59 00 0C 00 40 01 F5 02 0C 00  T.....Y...@.õ...
0000F810   44 01 FA 02 0C 00 48 01 FF 02 0C 00 4C 01 04 03  D.ú...H.....L...
0000F820   0C 00 50 01 FF 02 0C 00 54 01 09 03 0C 00 58 01  ..P.....T.....X.
0000F830   0E 03 0C 00 5C 01 13 03 0C 00 60 01 18 03 0C 00  ....\.....`.....
0000F840   64 01 1D 03 2E 00 13 00 DE 13 2E 00 23 00 F0 13  d.......Þ...#.ð.
0000F850   2E 00 1B 00 E7 13 41 02 93 00 5D 06 61 02 93 00  ....ç.A..].a..
0000F860   5D 06 81 02 93 00 5D 06 A1 02 93 00 5D 06 40 03  ]...].¡..].@.
0000F870   93 00 5D 06 60 03 93 00 5D 06 80 03 93 00 5D 06  .].`..]...].
0000F880   A0 03 93 00 5D 06 03 05 93 00 5D 06 23 05 93 00   ..]....].#..
0000F890   5D 06 43 05 93 00 5D 06 63 05 93 00 5D 06 83 05  ].C..].c..]..
0000F8A0   93 00 5D 06 A3 05 93 00 5D 06 C3 05 93 00 5D 06  .].£..].Ã..].
0000F8B0   E3 05 93 00 5D 06 03 06 93 00 5D 06 23 06 93 00  ã..]....].#..
0000F8C0   5D 06 43 06 93 00 5D 06 63 06 93 00 5D 06 83 06  ].C..].c..]..
0000F8D0   93 00 5D 06 A3 06 93 00 5D 06 C3 06 93 00 5D 06  .].£..].Ã..].
0000F8E0   E3 06 93 00 5D 06 03 07 93 00 5D 06 23 07 93 00  ã..]....].#..
0000F8F0   5D 06 43 07 93 00 5D 06 63 07 93 00 5D 06 83 07  ].C..].c..]..
0000F900   93 00 5D 06 A3 07 93 00 5D 06 C3 07 93 00 5D 06  .].£..].Ã..].
0000F910   E3 07 93 00 5D 06 03 08 93 00 5D 06 23 08 93 00  ã..]....].#..
0000F920   5D 06 81 11 93 00 5D 06 E0 1C 93 00 5D 06 01 00  ]...].à..]...
0000F930   14 00 00 00 42 00 3A 06 AF 06 B5 06 D8 06 EC 06  ....B.:.¯.µ.Ø.ì.
0000F940   09 07 3D 07 4B 07 67 07 B8 07 BE 07 D7 07 EB 07  ..=.K.g.¸.¾.×.ë.
0000F950   F8 07 49 08 74 08 BF 08 F0 08 10 09 17 09 6F 09  ø.I.t.¿.ð.....o.
0000F960   AF 09 D7 09 0D 0A 18 0A 5C 0A 80 0A 87 0A 8F 0A  ¯.×.....\....
0000F970   9A 0A A0 0A B7 0A DA 0A 29 0B 4E 0B 52 0B 82 0B  . .·.Ú.).N.R..
0000F980   93 0B AA 0B 22 0C 5C 0C 7C 0C 87 0C 97 0C A2 0C  .ª.".\.|...¢.
0000F990   B2 0C 09 0D 3E 0D 7D 0D 82 0D 87 0D 8C 0D 91 0D  ²...>.}.....
0000F9A0   9C 0D AE 0D B8 0D CE 0D FC 0D 3A 0E 5E 0E 6B 0E  .®.¸.Î.ü.:.^.k.
0000F9B0   7D 0E 8E 0E A4 0E A9 0E AE 0E BE 0E C5 0E C9 0E  }..¤.©.®.¾.Å.É.
0000F9C0   E2 0E F6 0E 20 0F 54 0F 5C 0F 6B 0F 7A 0F A0 0F  â.ö. .T.\.k.z. .
0000F9D0   BD 0F C8 0F D4 0F D8 0F DD 0F E9 0F F2 0F 00 10  ½.È.Ô.Ø.Ý.é.ò...
0000F9E0   10 10 15 10 1B 10 25 10 42 10 56 10 5E 10 67 10  ......%.B.V.^.g.
0000F9F0   70 10 7A 10 84 10 AF 10 D3 10 E5 10 EB 10 0A 11  p.z..¯.Ó.å.ë...
0000FA00   1F 11 3F 11 54 11 6E 11 8C 11 99 11 D5 11 FF 11  ..?.T.n...Õ...
0000FA10   10 12 3C 12 68 12 8F 12 B0 12 B8 12 D3 12 FD 12  ..<.h..°.¸.Ó.ý.
0000FA20   4D 13 A6 13 B4 13 C6 13 DA 13 02 00 01 00 04 00  M.¦.´.Æ.Ú.......
0000FA30   04 00 08 00 06 00 11 00 07 00 18 00 08 00 00 00  ................
0000FA40   72 03 30 00 00 00 7B 03 35 00 00 00 87 03 39 00  r.0...{.5....9.
0000FA50   00 00 AF 03 48 00 00 00 B4 03 48 00 00 00 3D 06  ..¯.H...´.H...=.
0000FA60   35 00 00 00 7E 08 90 01 00 00 E1 0C B1 02 02 00  5...~....á.±...
0000FA70   01 00 03 00 02 00 02 00 05 00 02 00 03 00 07 00  ................
0000FA80   02 00 0D 00 09 00 02 00 0E 00 0B 00 02 00 23 00  ..............#.
0000FA90   0D 00 02 00 46 00 0F 00 02 00 7B 00 11 00 29 06  ....F.....{...).
0000FAA0   60 07 88 08 9A 08 E4 08 1C 09 2A 09 40 09 49 09  `...ä...*.@.I.
0000FAB0   98 09 1E 0A 31 0A 49 0A 79 0A A5 0A 26 0B 42 0B  ...1.I.y.¥.&.B.
0000FAC0   65 0B 6E 0B 9B 0B BD 0B CF 0B 01 0C 15 0C 69 0C  e.n..½.Ï.....i.
0000FAD0   16 0E 28 0E 31 0E 00 0F 07 0F 13 0F 1A 0F 3C 10  ..(.1.........<.
0000FAE0   4A 12 29 13 33 13 3D 13 47 13 88 A7 00 00 BB 00  J.).3.=.G.§..».
0000FAF0   04 80 00 00 00 00 00 00 00 00 00 00 00 00 00 00  ...............
0000FB00   00 00 2E 00 00 00 04 00 00 00 00 00 00 00 00 00  ................
0000FB10   00 00 01 00 81 02 00 00 00 00 01 00 11 00 00 00  ...............
0000FB20   00 00 00 00 00 00 00 00 98 02 00 00 00 00 00 00  ...............
0000FB30   03 00 00 00 00 00 00 00 00 00 00 00 12 04 00 00  ................
0000FB40   00 00 00 00 00 00 00 00 00 00 00 00 00 00 00 00  ................
0000FB50   95 04 00 00 00 00 04 00 00 00 00 00 00 00 00 00  ...............
0000FB60   00 00 01 00 8A 02 00 00 00 00 00 00 00 00 00 00  ...............
0000FB70   00 00 00 00 00 00 00 00 CD 06 00 00 00 00 02 00  ........Í.......
0000FB80   00 00 00 00 00 00 00 00 00 00 01 00 81 02 00 00  ...............
0000FB90   00 00 04 00 00 00 00 00 00 00 00 00 00 00 01 00  ................
0000FBA0   C3 2B 00 00 00 00 06 00 05 00 09 00 08 00 0A 00  Ã+..............
0000FBB0   08 00 11 00 10 00 14 00 13 00 15 00 13 00 17 00  ................
0000FBC0   16 00 18 00 17 00 19 00 16 00 1A 00 16 00 1B 00  ................
0000FBD0   1A 00 1C 00 16 00 1D 00 1C 00 1E 00 16 00 26 00  ..............&.
0000FBE0   25 00 28 00 08 00 29 00 08 00 2A 00 08 00 2B 00  %.(...)...*...+.
0000FBF0   08 00 2C 00 08 00 2D 00 08 00 2E 00 08 00 2F 00  ..,...-......./.
0000FC00   08 00 30 00 08 00 31 00 08 00 32 00 08 00 33 00  ..0...1...2...3.
0000FC10   08 00 34 00 08 00 35 00 08 00 36 00 08 00 37 00  ..4...5...6...7.
0000FC20   08 00 38 00 08 00 39 00 08 00 3A 00 08 00 3B 00  ..8...9...:...;.
0000FC30   08 00 3C 00 08 00 3D 00 08 00 3E 00 08 00 3F 00  ..<...=...>...?.
0000FC40   08 00 40 00 08 00 42 00 41 00 00 00 00 00 AD 00  ..@...B.A.....­.
0000FC50   8A 09 AC 00 08 0B AC 00 2F 0B AC 00 34 0B B7 02  .¬...¬./.¬.4.·.
0000FC60   62 12 00 00 00 3C 4D 6F 64 75 6C 65 3E 00 53 6B  b....<Module>.Sk
0000FC70   79 6C 69 6E 65 73 41 67 65 6E 74 42 72 69 64 67  ylinesAgentBridg
0000FC80   65 2E 64 6C 6C 00 41 67 65 6E 74 42 72 69 64 67  e.dll.AgentBridg
0000FC90   65 00 53 6B 79 6C 69 6E 65 73 41 67 65 6E 74 42  e.SkylinesAgentB
0000FCA0   72 69 64 67 65 00 41 67 65 6E 74 42 72 69 64 67  ridge.AgentBridg
0000FCB0   65 4C 6F 61 64 69 6E 67 00 41 67 65 6E 74 42 72  eLoading.AgentBr
0000FCC0   69 64 67 65 4D 6F 64 00 41 67 65 6E 74 42 72 69  idgeMod.AgentBri
0000FCD0   64 67 65 4E 6F 74 69 66 69 65 72 00 45 6E 74 72  dgeNotifier.Entr
0000FCE0   79 00 41 67 65 6E 74 42 72 69 64 67 65 54 68 72  y.AgentBridgeThr
0000FCF0   65 61 64 69 6E 67 00 41 70 69 53 65 72 76 65 72  eading.ApiServer
0000FD00   00 48 74 74 70 52 65 71 75 65 73 74 00 48 74 74  .HttpRequest.Htt
0000FD10   70 52 65 73 70 6F 6E 73 65 00 41 73 73 65 74 43  pResponse.AssetC
0000FD20   6F 6D 6D 61 6E 64 73 00 41 73 73 65 74 50 6F 6C  ommands.AssetPol
0000FD30   69 63 79 00 42 61 74 63 68 43 6F 6D 6D 61 6E 64  icy.BatchCommand
0000FD40   73 00 42 75 69 6C 64 69 6E 67 43 6F 6D 6D 61 6E  s.BuildingComman
0000FD50   64 73 00 42 75 6C 6C 64 6F 7A 65 43 6F 6D 6D 61  ds.BulldozeComma
0000FD60   6E 64 73 00 43 6F 6D 6D 61 6E 64 51 75 65 75 65  nds.CommandQueue
0000FD70   00 51 75 65 75 65 64 43 6F 6D 6D 61 6E 64 00 43  .QueuedCommand.C
0000FD80   6F 6D 6D 61 6E 64 52 65 73 75 6C 74 00 45 63 6F  ommandResult.Eco
0000FD90   6E 6F 6D 79 43 6F 6D 6D 61 6E 64 73 00 54 61 78  nomyCommands.Tax
0000FDA0   54 61 72 67 65 74 00 55 69 54 61 78 54 61 72 67  Target.UiTaxTarg
0000FDB0   65 74 00 47 61 6D 65 53 74 61 74 65 00 5A 6F 6E  et.GameState.Zon
0000FDC0   65 41 6E 6F 6D 61 6C 79 43 6F 6C 6C 65 63 74 6F  eAnomalyCollecto
0000FDD0   72 00 5A 6F 6E 65 43 6C 75 73 74 65 72 53 74 61  r.ZoneClusterSta
0000FDE0   74 73 00 42 75 69 6C 64 69 6E 67 41 6E 6F 6D 61  ts.BuildingAnoma
0000FDF0   6C 79 43 6F 6C 6C 65 63 74 6F 72 00 52 6F 61 64  lyCollector.Road
0000FE00   41 6E 6F 6D 61 6C 79 43 6F 6C 6C 65 63 74 6F 72  AnomalyCollector
0000FE10   00 52 6F 61 64 53 65 67 6D 65 6E 74 43 61 6E 64  .RoadSegmentCand
0000FE20   69 64 61 74 65 00 45 78 74 65 72 6E 61 6C 43 6F  idate.ExternalCo
0000FE30   6E 6E 65 63 74 69 6F 6E 43 6F 6C 6C 65 63 74 6F  nnectionCollecto
0000FE40   72 00 43 6F 6D 70 6F 6E 65 6E 74 53 74 61 74 73  r.ComponentStats
0000FE50   00 50 72 6F 62 6C 65 6D 43 6F 6C 6C 65 63 74 6F  .ProblemCollecto
0000FE60   72 00 47 61 6D 65 54 68 72 65 61 64 48 65 6C 70  r.GameThreadHelp
0000FE70   65 72 73 00 4A 73 6F 6E 55 74 69 6C 00 52 6F 61  ers.JsonUtil.Roa
0000FE80   64 43 6F 6D 6D 61 6E 64 73 00 53 61 76 65 43 6F  dCommands.SaveCo
0000FE90   6D 6D 61 6E 64 73 00 53 69 6D 75 6C 61 74 69 6F  mmands.Simulatio
0000FEA0   6E 43 6F 6D 6D 61 6E 64 73 00 53 74 72 69 6E 67  nCommands.String
0000FEB0   55 74 69 6C 00 5A 6F 6E 65 43 6F 6D 6D 61 6E 64  Util.ZoneCommand
0000FEC0   73 00 5A 6F 6E 65 43 6C 75 73 74 65 72 52 65 70  s.ZoneClusterRep
0000FED0   61 69 72 53 74 61 74 73 00 5A 6F 6E 65 48 65 6C  airStats.ZoneHel
0000FEE0   70 65 72 73 00 6D 73 63 6F 72 6C 69 62 00 53 79  pers.mscorlib.Sy
0000FEF0   73 74 65 6D 00 4F 62 6A 65 63 74 00 49 43 69 74  stem.Object.ICit
0000FF00   69 65 73 00 4C 6F 61 64 69 6E 67 45 78 74 65 6E  ies.LoadingExten
0000FF10   73 69 6F 6E 42 61 73 65 00 49 55 73 65 72 4D 6F  sionBase.IUserMo
0000FF20   64 00 54 68 72 65 61 64 69 6E 67 45 78 74 65 6E  d.ThreadingExten
0000FF30   73 69 6F 6E 42 61 73 65 00 56 61 6C 75 65 54 79  sionBase.ValueTy
0000FF40   70 65 00 73 69 6E 67 6C 65 74 6F 6E 00 71 75 65  pe.singleton.que
0000FF50   75 65 00 73 65 72 76 65 72 00 6C 65 76 65 6C 4C  ue.server.levelL
0000FF60   6F 61 64 65 64 00 67 65 74 5F 49 6E 73 74 61 6E  oaded.get_Instan
0000FF70   63 65 00 67 65 74 5F 4C 65 76 65 6C 4C 6F 61 64  ce.get_LevelLoad
0000FF80   65 64 00 67 65 74 5F 51 75 65 75 65 00 4F 6E 4C  ed.get_Queue.OnL
0000FF90   65 76 65 6C 4C 6F 61 64 65 64 00 4F 6E 4C 65 76  evelLoaded.OnLev
0000FFA0   65 6C 55 6E 6C 6F 61 64 69 6E 67 00 50 72 6F 63  elUnloading.Proc
0000FFB0   65 73 73 47 61 6D 65 54 68 72 65 61 64 51 75 65  essGameThreadQue
0000FFC0   75 65 00 45 6E 73 75 72 65 53 65 72 76 65 72 00  ue.EnsureServer.
0000FFD0   2E 63 74 6F 72 00 49 6E 73 74 61 6E 63 65 00 4C  .ctor.Instance.L
0000FFE0   65 76 65 6C 4C 6F 61 64 65 64 00 51 75 65 75 65  evelLoaded.Queue
0000FFF0   00 4C 6F 61 64 4D 6F 64 65 00 67 65 74 5F 4E 61  .LoadMode.get_Na
00010000   6D 65 00 67 65 74 5F 44 65 73 63 72 69 70 74 69  me.get_Descripti
00010010   6F 6E 00 4E 61 6D 65 00 44 65 73 63 72 69 70 74  on.Name.Descript
00010020   69 6F 6E 00 4D 61 78 45 6E 74 72 69 65 73 00 56  ion.MaxEntries.V
00010030   69 73 69 62 6C 65 45 6E 74 72 69 65 73 00 4D 61  isibleEntries.Ma
00010040   78 4C 69 6E 65 4C 65 6E 67 74 68 00 53 79 73 74  xLineLength.Syst
00010050   65 6D 2E 43 6F 6C 6C 65 63 74 69 6F 6E 73 2E 47  em.Collections.G
00010060   65 6E 65 72 69 63 00 4C 69 73 74 60 31 00 65 6E  eneric.List`1.en
00010070   74 72 69 65 73 00 43 6F 6C 6F 73 73 61 6C 4D 61  tries.ColossalMa
00010080   6E 61 67 65 64 00 43 6F 6C 6F 73 73 61 6C 46 72  naged.ColossalFr
00010090   61 6D 65 77 6F 72 6B 2E 55 49 00 55 49 50 61 6E  amework.UI.UIPan
000100A0   65 6C 00 70 61 6E 65 6C 00 55 49 4C 61 62 65 6C  el.panel.UILabel
000100B0   00 74 69 74 6C 65 4C 61 62 65 6C 00 6C 61 62 65  .titleLabel.labe
000100C0   6C 00 55 49 42 75 74 74 6F 6E 00 6D 69 6E 69 6D  l.UIButton.minim
000100D0   69 7A 65 42 75 74 74 6F 6E 00 63 6C 65 61 72 42  izeButton.clearB
000100E0   75 74 74 6F 6E 00 6D 69 6E 69 6D 69 7A 65 64 00  utton.minimized.
000100F0   64 72 61 67 67 69 6E 67 00 55 6E 69 74 79 45 6E  dragging.UnityEn
00010100   67 69 6E 65 00 56 65 63 74 6F 72 33 00 6C 61 73  gine.Vector3.las
00010110   74 4D 6F 75 73 65 50 6F 73 69 74 69 6F 6E 00 73  tMousePosition.s
00010120   61 76 65 64 50 61 6E 65 6C 50 6F 73 69 74 69 6F  avedPanelPositio
00010130   6E 00 4E 6F 74 69 66 79 00 55 70 64 61 74 65 00  n.Notify.Update.
00010140   44 65 73 74 72 6F 79 00 45 6E 73 75 72 65 50 61  Destroy.EnsurePa
00010150   6E 65 6C 00 43 72 65 61 74 65 42 75 74 74 6F 6E  nel.CreateButton
00010160   00 55 49 43 6F 6D 70 6F 6E 65 6E 74 00 52 65 67  .UIComponent.Reg
00010170   69 73 74 65 72 44 72 61 67 45 76 65 6E 74 73 00  isterDragEvents.
00010180   55 70 64 61 74 65 44 72 61 67 00 43 6C 61 6D 70  UpdateDrag.Clamp
00010190   50 61 6E 65 6C 50 6F 73 69 74 69 6F 6E 00 52 65  PanelPosition.Re
000101A0   66 72 65 73 68 00 54 72 69 6D 4C 69 6E 65 00 54  fresh.TrimLine.T
000101B0   65 78 74 00 54 69 6D 65 00 4F 6E 55 70 64 61 74  ext.Time.OnUpdat
000101C0   65 00 62 72 69 64 67 65 00 70 6F 72 74 00 53 79  e.bridge.port.Sy
000101D0   73 74 65 6D 2E 4E 65 74 2E 53 6F 63 6B 65 74 73  stem.Net.Sockets
000101E0   00 54 63 70 4C 69 73 74 65 6E 65 72 00 6C 69 73  .TcpListener.lis
000101F0   74 65 6E 65 72 00 53 79 73 74 65 6D 2E 54 68 72  tener.System.Thr
00010200   65 61 64 69 6E 67 00 54 68 72 65 61 64 00 74 68  eading.Thread.th
00010210   72 65 61 64 00 53 79 73 74 65 6D 2E 52 75 6E 74  read.System.Runt
00010220   69 6D 65 2E 43 6F 6D 70 69 6C 65 72 53 65 72 76  ime.CompilerServ
00010230   69 63 65 73 00 49 73 56 6F 6C 61 74 69 6C 65 00  ices.IsVolatile.
00010240   72 75 6E 6E 69 6E 67 00 67 65 74 5F 49 73 52 75  running.get_IsRu
00010250   6E 6E 69 6E 67 00 53 74 61 72 74 00 41 63 63 65  nning.Start.Acce
00010260   70 74 4C 6F 6F 70 00 48 61 6E 64 6C 65 43 6C 69  ptLoop.HandleCli
00010270   65 6E 74 00 52 6F 75 74 65 00 46 75 6E 63 60 31  ent.Route.Func`1
00010280   00 52 75 6E 4F 6E 47 61 6D 65 54 68 72 65 61 64  .RunOnGameThread
00010290   00 44 65 73 63 72 69 62 65 52 65 71 75 65 73 74  .DescribeRequest
000102A0   00 49 73 52 75 6E 6E 69 6E 67 00 4D 65 74 68 6F  .IsRunning.Metho
000102B0   64 00 50 61 74 68 00 51 75 65 72 79 00 42 6F 64  d.Path.Query.Bod
000102C0   79 00 47 65 74 51 75 65 72 79 49 6E 74 00 47 65  y.GetQueryInt.Ge
000102D0   74 51 75 65 72 79 46 6C 6F 61 74 00 47 65 74 51  tQueryFloat.GetQ
000102E0   75 65 72 79 53 74 72 69 6E 67 00 4E 65 74 77 6F  ueryString.Netwo
000102F0   72 6B 53 74 72 65 61 6D 00 52 65 61 64 00 73 74  rkStream.Read.st
00010300   61 74 75 73 00 62 6F 64 79 00 4A 73 6F 6E 00 57  atus.body.Json.W
00010310   72 69 74 65 00 52 65 61 73 6F 6E 00 44 69 73 61  rite.Reason.Disa
00010320   62 6C 65 42 6C 6F 63 6B 65 64 41 73 73 65 74 73  bleBlockedAssets
00010330   00 41 73 73 65 6D 62 6C 79 2D 43 53 68 61 72 70  .Assembly-CSharp
00010340   00 42 75 69 6C 64 69 6E 67 49 6E 66 6F 00 49 73  .BuildingInfo.Is
00010350   42 6C 6F 63 6B 65 64 42 75 69 6C 64 69 6E 67 50  BlockedBuildingP
00010360   72 65 66 61 62 00 49 73 42 6C 6F 63 6B 65 64 42  refab.IsBlockedB
00010370   75 69 6C 64 69 6E 67 50 72 65 66 61 62 4E 61 6D  uildingPrefabNam
00010380   65 00 43 6F 6C 6F 73 73 61 6C 46 72 61 6D 65 77  e.ColossalFramew
00010390   6F 72 6B 2E 50 61 63 6B 61 67 69 6E 67 00 50 61  ork.Packaging.Pa
000103A0   63 6B 61 67 65 00 41 73 73 65 74 00 49 73 42 6C  ckage.Asset.IsBl
000103B0   6F 63 6B 65 64 50 61 63 6B 61 67 65 41 73 73 65  ockedPackageAsse
000103C0   74 00 42 6C 6F 63 6B 52 65 61 73 6F 6E 00 45 78  t.BlockReason.Ex
000103D0   65 63 75 74 65 00 45 6E 73 75 72 65 44 72 79 52  ecute.EnsureDryR
000103E0   75 6E 44 65 66 61 75 6C 74 00 53 79 73 74 65 6D  unDefault.System
000103F0   2E 54 65 78 74 00 53 74 72 69 6E 67 42 75 69 6C  .Text.StringBuil
00010400   64 65 72 00 41 70 70 65 6E 64 53 6B 69 70 70 65  der.AppendSkippe
00010410   64 00 50 6C 61 63 65 42 75 69 6C 64 69 6E 67 00  d.PlaceBuilding.
00010420   4D 6F 76 65 42 75 69 6C 64 69 6E 67 00 53 65 74  MoveBuilding.Set
00010430   42 75 69 6C 64 69 6E 67 41 63 74 69 76 65 00 42  BuildingActive.B
00010440   75 69 6C 64 69 6E 67 41 49 00 42 75 69 6C 64 69  uildingAI.Buildi
00010450   6E 67 00 49 6E 76 6F 6B 65 4D 61 6E 75 61 6C 41  ng.InvokeManualA
00010460   63 74 69 76 61 74 69 6F 6E 00 52 65 61 64 50 6F  ctivation.ReadPo
00010470   69 6E 74 00 42 75 6C 6C 64 6F 7A 65 00 67 61 74  int.Bulldoze.gat
00010480   65 00 51 75 65 75 65 60 31 00 63 6F 6D 6D 61 6E  e.Queue`1.comman
00010490   64 73 00 52 75 6E 53 79 6E 63 00 50 72 6F 63 65  ds.RunSync.Proce
000104A0   73 73 00 43 6C 65 61 72 00 77 6F 72 6B 00 4D 61  ss.Clear.work.Ma
000104B0   6E 75 61 6C 52 65 73 65 74 45 76 65 6E 74 00 64  nualResetEvent.d
000104C0   6F 6E 65 00 72 65 73 75 6C 74 00 67 65 74 5F 52  one.result.get_R
000104D0   65 73 75 6C 74 00 57 61 69 74 00 43 61 6E 63 65  esult.Wait.Cance
000104E0   6C 00 52 65 73 75 6C 74 00 4F 6B 00 45 72 72 6F  l.Result.Ok.Erro
000104F0   72 00 46 72 6F 6D 4A 73 6F 6E 00 46 61 69 6C 00  r.FromJson.Fail.
00010500   49 74 65 6D 43 6C 61 73 73 00 4C 65 76 65 6C 00  ItemClass.Level.
00010510   54 61 78 4C 65 76 65 6C 73 00 54 61 78 54 61 72  TaxLevels.TaxTar
00010520   67 65 74 73 00 55 69 54 61 78 54 61 72 67 65 74  gets.UiTaxTarget
00010530   73 00 42 75 69 6C 64 45 63 6F 6E 6F 6D 79 4A 73  s.BuildEconomyJs
00010540   6F 6E 00 53 65 74 54 61 78 52 61 74 65 00 53 65  on.SetTaxRate.Se
00010550   72 76 69 63 65 00 54 72 79 50 61 72 73 65 53 65  rvice.TryParseSe
00010560   72 76 69 63 65 00 41 70 70 65 6E 64 43 68 61 6E  rvice.AppendChan
00010570   67 65 64 52 61 74 65 00 45 63 6F 6E 6F 6D 79 4D  gedRate.EconomyM
00010580   61 6E 61 67 65 72 00 47 65 74 52 61 77 54 61 78  anager.GetRawTax
00010590   52 61 74 65 73 00 47 65 74 55 69 54 61 78 52 61  Rates.GetUiTaxRa
000105A0   74 65 00 53 75 62 53 65 72 76 69 63 65 00 54 72  te.SubService.Tr
000105B0   79 50 61 72 73 65 53 75 62 53 65 72 76 69 63 65  yParseSubService
000105C0   00 54 72 79 50 61 72 73 65 4C 65 76 65 6C 00 49  .TryParseLevel.I
000105D0   73 53 70 65 63 69 66 69 65 64 46 69 6C 74 65 72  sSpecifiedFilter
000105E0   00 54 72 79 50 61 72 73 65 45 6E 75 6D 00 54 00  .TryParseEnum.T.
000105F0   53 74 61 72 74 49 6E 64 65 78 00 42 75 69 6C 64  StartIndex.Build
00010600   53 75 6D 6D 61 72 79 4A 73 6F 6E 00 42 75 69 6C  SummaryJson.Buil
00010610   64 44 65 6D 61 6E 64 4A 73 6F 6E 00 42 75 69 6C  dDemandJson.Buil
00010620   64 43 68 69 72 70 73 4A 73 6F 6E 00 42 75 69 6C  dChirpsJson.Buil
00010630   64 5A 6F 6E 65 73 4A 73 6F 6E 00 41 70 70 65 6E  dZonesJson.Appen
00010640   64 44 65 6D 61 6E 64 42 61 72 00 4D 65 73 73 61  dDemandBar.Messa
00010650   67 65 42 61 73 65 00 41 70 70 65 6E 64 43 68 69  geBase.AppendChi
00010660   72 70 00 41 70 70 65 6E 64 5A 6F 6E 65 53 75 6D  rp.AppendZoneSum
00010670   6D 61 72 79 00 42 75 69 6C 64 52 6F 61 64 50 72  mary.BuildRoadPr
00010680   65 66 61 62 73 4A 73 6F 6E 00 42 75 69 6C 64 4E  efabsJson.BuildN
00010690   65 74 77 6F 72 6B 50 72 65 66 61 62 73 4A 73 6F  etworkPrefabsJso
000106A0   6E 00 42 75 69 6C 64 42 75 69 6C 64 69 6E 67 50  n.BuildBuildingP
000106B0   72 65 66 61 62 73 4A 73 6F 6E 00 42 75 69 6C 64  refabsJson.Build
000106C0   50 72 6F 62 6C 65 6D 73 4A 73 6F 6E 00 42 75 69  ProblemsJson.Bui
000106D0   6C 64 46 61 63 69 6C 69 74 69 65 73 4A 73 6F 6E  ldFacilitiesJson
000106E0   00 42 75 69 6C 64 47 72 6F 77 61 62 6C 65 73 4A  .BuildGrowablesJ
000106F0   73 6F 6E 00 42 75 69 6C 64 4E 65 74 77 6F 72 6B  son.BuildNetwork
00010700   73 4A 73 6F 6E 00 42 75 69 6C 64 52 6F 61 64 41  sJson.BuildRoadA
00010710   6E 6F 6D 61 6C 69 65 73 4A 73 6F 6E 00 42 75 69  nomaliesJson.Bui
00010720   6C 64 45 78 74 65 72 6E 61 6C 43 6F 6E 6E 65 63  ldExternalConnec
00010730   74 69 6F 6E 73 4A 73 6F 6E 00 42 75 69 6C 64 42  tionsJson.BuildB
00010740   75 69 6C 64 69 6E 67 41 6E 6F 6D 61 6C 69 65 73  uildingAnomalies
00010750   4A 73 6F 6E 00 42 75 69 6C 64 5A 6F 6E 65 41 6E  Json.BuildZoneAn
00010760   6F 6D 61 6C 69 65 73 4A 73 6F 6E 00 49 73 43 69  omaliesJson.IsCi
00010770   74 79 46 61 63 69 6C 69 74 79 53 65 72 76 69 63  tyFacilityServic
00010780   65 00 49 73 47 72 6F 77 61 62 6C 65 53 65 72 76  e.IsGrowableServ
00010790   69 63 65 00 44 69 63 74 69 6F 6E 61 72 79 60 32  ice.Dictionary`2
000107A0   00 49 6E 63 72 65 6D 65 6E 74 00 41 70 70 65 6E  .Increment.Appen
000107B0   64 43 6F 75 6E 74 4D 61 70 00 49 73 49 6E 74 65  dCountMap.IsInte
000107C0   72 6E 61 6C 4E 65 74 77 6F 72 6B 48 65 6C 70 65  rnalNetworkHelpe
000107D0   72 42 75 69 6C 64 69 6E 67 00 6C 69 6D 69 74 00  rBuilding.limit.
000107E0   6D 69 6E 4D 69 6E 6F 72 69 74 79 43 65 6C 6C 73  minMinorityCells
000107F0   00 6D 69 6E 55 6E 7A 6F 6E 65 64 43 65 6C 6C 73  .minUnzonedCells
00010800   00 69 6E 63 6C 75 64 65 55 6E 7A 6F 6E 65 64 48  .includeUnzonedH
00010810   6F 6C 65 73 00 69 74 65 6D 73 00 63 6F 75 6E 74  oles.items.count
00010820   42 79 54 79 70 65 00 74 6F 74 61 6C 00 65 6D 69  ByType.total.emi
00010830   74 74 65 64 00 66 69 72 73 74 49 74 65 6D 00 43  tted.firstItem.C
00010840   6F 6C 6C 65 63 74 00 54 6F 4A 73 6F 6E 00 5A 6F  ollect.ToJson.Zo
00010850   6E 65 42 6C 6F 63 6B 00 41 6E 61 6C 79 7A 65 42  neBlock.AnalyzeB
00010860   6C 6F 63 6B 00 41 64 64 00 5A 6F 6E 65 4D 61 6E  lock.Add.ZoneMan
00010870   61 67 65 72 00 41 6E 61 6C 79 7A 65 43 6C 75 73  ager.AnalyzeClus
00010880   74 65 72 73 00 41 64 64 43 6C 75 73 74 65 72 00  ters.AddCluster.
00010890   43 6C 75 73 74 65 72 4B 65 79 00 4B 65 79 00 5A  ClusterKey.Key.Z
000108A0   6F 6E 65 43 6F 75 6E 74 73 00 42 6C 6F 63 6B 43  oneCounts.BlockC
000108B0   6F 75 6E 74 00 43 65 6C 6C 43 6F 75 6E 74 00 5A  ount.CellCount.Z
000108C0   6F 6E 65 64 43 65 6C 6C 73 00 55 6E 7A 6F 6E 65  onedCells.Unzone
000108D0   64 43 65 6C 6C 73 00 44 6F 6D 69 6E 61 6E 74 43  dCells.DominantC
000108E0   65 6C 6C 73 00 44 69 73 74 69 6E 63 74 5A 6F 6E  ells.DistinctZon
000108F0   65 64 00 4D 69 6E 6F 72 69 74 79 43 65 6C 6C 73  ed.MinorityCells
00010900   00 44 6F 6D 69 6E 61 6E 74 5A 6F 6E 65 00 4D 69  .DominantZone.Mi
00010910   6E 58 00 4D 61 78 58 00 4D 69 6E 5A 00 4D 61 78  nX.MaxX.MinZ.Max
00010920   5A 00 70 6F 73 69 74 69 6F 6E 53 75 6D 00 67 65  Z.positionSum.ge
00010930   74 5F 43 65 6E 74 65 72 00 52 65 63 61 6C 63 75  t_Center.Recalcu
00010940   6C 61 74 65 00 43 65 6E 74 65 72 00 41 64 64 52  late.Center.AddR
00010950   6F 61 64 4F 76 65 72 6C 61 70 00 52 6F 61 64 43  oadOverlap.RoadC
00010960   72 6F 73 73 65 73 42 75 69 6C 64 69 6E 67 46 6F  rossesBuildingFo
00010970   6F 74 70 72 69 6E 74 00 56 65 63 74 6F 72 32 00  otprint.Vector2.
00010980   54 6F 4C 6F 63 61 6C 00 53 65 67 6D 65 6E 74 49  ToLocal.SegmentI
00010990   6E 74 65 72 73 65 63 74 73 41 61 62 62 00 43 6C  ntersectsAabb.Cl
000109A0   69 70 00 4E 65 74 53 65 67 6D 65 6E 74 00 49 73  ip.NetSegment.Is
000109B0   43 72 65 61 74 65 64 52 6F 61 64 53 65 67 6D 65  CreatedRoadSegme
000109C0   6E 74 00 52 6F 61 64 4F 76 65 72 6C 61 70 44 69  nt.RoadOverlapDi
000109D0   73 74 61 6E 63 65 00 52 6F 61 64 43 72 6F 73 73  stance.RoadCross
000109E0   69 6E 67 48 65 69 67 68 74 54 6F 6C 65 72 61 6E  ingHeightToleran
000109F0   63 65 00 52 6F 61 64 4F 76 65 72 6C 61 70 4D 69  ce.RoadOverlapMi
00010A00   6E 4C 65 6E 67 74 68 00 52 6F 61 64 54 65 72 72  nLength.RoadTerr
00010A10   61 69 6E 53 69 64 65 4F 66 66 73 65 74 00 52 6F  ainSideOffset.Ro
00010A20   61 64 54 65 72 72 61 69 6E 48 65 69 67 68 74 54  adTerrainHeightT
00010A30   6F 6C 65 72 61 6E 63 65 00 52 6F 61 64 54 65 72  olerance.RoadTer
00010A40   72 61 69 6E 53 69 64 65 44 65 6C 74 61 54 6F 6C  rainSideDeltaTol
00010A50   65 72 61 6E 63 65 00 52 6F 61 64 54 65 72 72 61  erance.RoadTerra
00010A60   69 6E 41 64 6A 61 63 65 6E 74 44 65 6C 74 61 54  inAdjacentDeltaT
00010A70   6F 6C 65 72 61 6E 63 65 00 52 6F 61 64 54 65 72  olerance.RoadTer
00010A80   72 61 69 6E 42 6F 75 6E 64 73 4D 61 72 67 69 6E  rainBoundsMargin
00010A90   00 52 6F 61 64 42 65 6C 6F 77 4C 6F 63 61 6C 47  .RoadBelowLocalG
00010AA0   72 61 64 65 54 6F 6C 65 72 61 6E 63 65 00 52 6F  radeTolerance.Ro
00010AB0   61 64 4F 76 65 72 6C 61 70 47 72 69 64 53 69 7A  adOverlapGridSiz
00010AC0   65 00 6E 65 61 72 4D 69 73 73 44 69 73 74 61 6E  e.nearMissDistan
00010AD0   63 65 00 73 68 6F 72 74 53 65 67 6D 65 6E 74 4C  ce.shortSegmentL
00010AE0   65 6E 67 74 68 00 69 6E 63 6C 75 64 65 44 65 61  ength.includeDea
00010AF0   64 45 6E 64 73 00 63 6F 75 6E 74 73 00 41 64 64  dEnds.counts.Add
00010B00   53 68 6F 72 74 53 65 67 6D 65 6E 74 00 41 64 64  ShortSegment.Add
00010B10   4E 65 61 72 4D 69 73 73 4E 6F 64 65 00 41 64 64  NearMissNode.Add
00010B20   44 65 61 64 45 6E 64 4E 6F 64 65 00 41 64 64 4F  DeadEndNode.AddO
00010B30   76 65 72 6C 61 70 70 69 6E 67 52 6F 61 64 53 65  verlappingRoadSe
00010B40   67 6D 65 6E 74 73 00 41 64 64 43 72 6F 73 73 69  gments.AddCrossi
00010B50   6E 67 52 6F 61 64 57 69 74 68 6F 75 74 4E 6F 64  ngRoadWithoutNod
00010B60   65 00 41 64 64 44 75 70 6C 69 63 61 74 65 52 6F  e.AddDuplicateRo
00010B70   61 64 53 65 67 6D 65 6E 74 73 00 41 64 64 52 6F  adSegments.AddRo
00010B80   61 64 54 65 72 72 61 69 6E 43 6C 69 66 66 00 41  adTerrainCliff.A
00010B90   64 64 52 6F 61 64 42 65 6C 6F 77 4C 6F 63 61 6C  ddRoadBelowLocal
00010BA0   47 72 61 64 65 00 42 65 67 69 6E 00 41 70 70 65  Grade.Begin.Appe
00010BB0   6E 64 50 6F 69 6E 74 00 41 70 70 65 6E 64 53 65  ndPoint.AppendSe
00010BC0   67 6D 65 6E 74 00 4E 65 74 4D 61 6E 61 67 65 72  gment.NetManager
00010BD0   00 43 6F 6C 6C 65 63 74 52 6F 61 64 4F 76 65 72  .CollectRoadOver
00010BE0   6C 61 70 41 6E 6F 6D 61 6C 69 65 73 00 41 64 64  lapAnomalies.Add
00010BF0   52 6F 61 64 50 61 69 72 41 6E 6F 6D 61 6C 79 00  RoadPairAnomaly.
00010C00   41 64 64 54 6F 4F 76 65 72 6C 61 70 47 72 69 64  AddToOverlapGrid
00010C10   00 42 6F 75 6E 64 73 4F 76 65 72 6C 61 70 00 47  .BoundsOverlap.G
00010C20   72 69 64 49 6E 64 65 78 00 43 65 6C 6C 4B 65 79  ridIndex.CellKey
00010C30   00 50 61 69 72 4B 65 79 00 43 6F 6C 6C 65 63 74  .PairKey.Collect
00010C40   52 6F 61 64 54 65 72 72 61 69 6E 41 6E 6F 6D 61  RoadTerrainAnoma
00010C50   6C 69 65 73 00 45 73 74 69 6D 61 74 65 41 67 65  lies.EstimateAge
00010C60   6E 74 52 6F 61 64 47 72 61 64 65 00 54 65 72 72  ntRoadGrade.Terr
00010C70   61 69 6E 4D 61 6E 61 67 65 72 00 53 61 6D 70 6C  ainManager.Sampl
00010C80   65 52 6F 61 64 53 69 64 65 54 65 72 72 61 69 6E  eRoadSideTerrain
00010C90   00 54 72 79 47 65 74 54 65 72 72 61 69 6E 43 68  .TryGetTerrainCh
00010CA0   65 63 6B 42 6F 75 6E 64 73 00 45 78 70 61 6E 64  eckBounds.Expand
00010CB0   42 6F 75 6E 64 73 00 53 65 67 6D 65 6E 74 54 6F  Bounds.SegmentTo
00010CC0   75 63 68 65 73 42 6F 75 6E 64 73 00 43 6F 6E 74  uchesBounds.Cont
00010CD0   72 69 62 75 74 65 73 54 6F 54 65 72 72 61 69 6E  ributesToTerrain
00010CE0   43 68 65 63 6B 42 6F 75 6E 64 73 00 49 73 41 67  CheckBounds.IsAg
00010CF0   65 6E 74 4E 61 6D 65 64 52 6F 61 64 00 49 73 4C  entNamedRoad.IsL
00010D00   6F 6E 67 47 72 6F 75 6E 64 4F 75 74 73 69 64 65  ongGroundOutside
00010D10   43 6F 6E 6E 65 63 74 6F 72 00 46 69 6E 64 4E 65  Connector.FindNe
00010D20   61 72 65 73 74 52 6F 61 64 53 65 67 6D 65 6E 74  arestRoadSegment
00010D30   00 44 69 73 74 61 6E 63 65 50 6F 69 6E 74 54 6F  .DistancePointTo
00010D40   53 65 67 6D 65 6E 74 00 53 65 67 6D 65 6E 74 73  Segment.Segments
00010D50   43 72 6F 73 73 57 69 74 68 6F 75 74 4E 6F 64 65  CrossWithoutNode
00010D60   00 53 65 67 6D 65 6E 74 73 4F 76 65 72 6C 61 70  .SegmentsOverlap
00010D70   00 50 72 6F 6A 65 63 74 41 6C 6F 6E 67 00 46 6C  .ProjectAlong.Fl
00010D80   61 74 44 69 73 74 61 6E 63 65 00 43 6F 75 6E 74  atDistance.Count
00010D90   52 6F 61 64 53 65 67 6D 65 6E 74 73 00 46 69 72  RoadSegments.Fir
00010DA0   73 74 52 6F 61 64 53 65 67 6D 65 6E 74 00 53 68  stRoadSegment.Sh
00010DB0   61 72 65 73 4E 6F 64 65 00 53 61 6D 65 45 6E 64  aresNode.SameEnd
00010DC0   70 6F 69 6E 74 73 00 4E 65 74 49 6E 66 6F 00 53  points.NetInfo.S
00010DD0   6B 69 70 54 65 72 72 61 69 6E 41 6E 6F 6D 61 6C  kipTerrainAnomal
00010DE0   79 43 68 65 63 6B 00 4E 65 74 4E 6F 64 65 00 47  yCheck.NetNode.G
00010DF0   65 74 53 65 67 6D 65 6E 74 49 64 00 49 73 52 6F  etSegmentId.IsRo
00010E00   61 64 49 6E 66 6F 00 49 64 00 53 65 67 6D 65 6E  adInfo.Id.Segmen
00010E10   74 00 45 6E 64 00 63 6F 6D 70 6F 6E 65 6E 74 73  t.End.components
00010E20   00 72 6F 61 64 43 6F 6D 70 6F 6E 65 6E 74 73 00  .roadComponents.
00010E30   6F 75 74 73 69 64 65 52 6F 61 64 4E 6F 64 65 73  outsideRoadNodes
00010E40   00 6F 75 74 73 69 64 65 52 6F 61 64 53 65 67 6D  .outsideRoadSegm
00010E50   65 6E 74 73 00 6C 6F 63 61 6C 52 6F 61 64 43 6F  ents.localRoadCo
00010E60   6D 70 6F 6E 65 6E 74 73 00 64 69 73 63 6F 6E 6E  mponents.disconn
00010E70   65 63 74 65 64 4C 6F 63 61 6C 52 6F 61 64 43 6F  ectedLocalRoadCo
00010E80   6D 70 6F 6E 65 6E 74 73 00 63 69 74 79 43 6F 6D  mponents.cityCom
00010E90   70 6F 6E 65 6E 74 49 64 00 63 69 74 79 43 6F 6E  ponentId.cityCon
00010EA0   6E 65 63 74 65 64 54 6F 4F 75 74 73 69 64 65 00  nectedToOutside.
00010EB0   66 69 72 73 74 43 6F 6D 70 6F 6E 65 6E 74 00 43  firstComponent.C
00010EC0   6F 6C 6C 65 63 74 43 6F 6D 70 6F 6E 65 6E 74 00  ollectComponent.
00010ED0   56 69 73 69 74 4E 6F 64 65 00 41 64 64 43 6F 6D  VisitNode.AddCom
00010EE0   70 6F 6E 65 6E 74 00 49 73 52 6F 61 64 53 65 67  ponent.IsRoadSeg
00010EF0   6D 65 6E 74 00 49 73 4F 75 74 73 69 64 65 4E 6F  ment.IsOutsideNo
00010F00   64 65 00 43 6F 6D 70 6F 6E 65 6E 74 49 64 00 53  de.ComponentId.S
00010F10   65 67 6D 65 6E 74 43 6F 75 6E 74 00 41 67 65 6E  egmentCount.Agen
00010F20   74 4E 61 6D 65 64 53 65 67 6D 65 6E 74 73 00 4E  tNamedSegments.N
00010F30   6F 6E 48 69 67 68 77 61 79 53 65 67 6D 65 6E 74  onHighwaySegment
00010F40   73 00 4F 75 74 73 69 64 65 4E 6F 64 65 73 00 4F  s.OutsideNodes.O
00010F50   75 74 73 69 64 65 43 6F 6E 6E 65 63 74 65 64 00  utsideConnected.
00010F60   49 73 4C 6F 63 61 6C 52 6F 61 64 43 6F 6D 70 6F  IsLocalRoadCompo
00010F70   6E 65 6E 74 00 53 61 6D 70 6C 65 53 65 67 6D 65  nent.SampleSegme
00010F80   6E 74 49 64 00 53 61 6D 70 6C 65 4E 61 6D 65 00  ntId.SampleName.
00010F90   6E 61 6D 65 43 6F 75 6E 74 73 00 66 69 72 73 74  nameCounts.first
00010FA0   43 6F 75 6E 74 00 66 69 72 73 74 4E 61 6D 65 43  Count.firstNameC
00010FB0   6F 75 6E 74 00 63 6F 75 6E 74 42 79 50 72 6F 62  ount.countByProb
00010FC0   6C 65 6D 00 63 6F 75 6E 74 42 79 50 72 6F 62 6C  lem.countByProbl
00010FD0   65 6D 4E 61 6D 65 00 43 6F 6C 6C 65 63 74 42 75  emName.CollectBu
00010FE0   69 6C 64 69 6E 67 73 00 43 6F 6C 6C 65 63 74 4E  ildings.CollectN
00010FF0   65 74 4E 6F 64 65 73 00 43 6F 6C 6C 65 63 74 4E  etNodes.CollectN
00011000   65 74 53 65 67 6D 65 6E 74 73 00 4E 6F 74 69 66  etSegments.Notif
00011010   69 63 61 74 69 6F 6E 00 50 72 6F 62 6C 65 6D 53  ication.ProblemS
00011020   74 72 75 63 74 00 46 6C 61 67 73 00 42 75 69 6C  truct.Flags.Buil
00011030   64 50 72 6F 62 6C 65 6D 54 65 78 74 00 43 6F 75  dProblemText.Cou
00011040   6E 74 50 72 6F 62 6C 65 6D 4E 61 6D 65 73 00 54  ntProblemNames.T
00011050   79 70 65 00 41 64 64 50 72 6F 62 6C 65 6D 4E 61  ype.AddProblemNa
00011060   6D 65 43 6F 75 6E 74 73 00 42 75 69 6C 64 50 72  meCounts.BuildPr
00011070   6F 62 6C 65 6D 4E 61 6D 65 73 4A 73 6F 6E 00 41  oblemNamesJson.A
00011080   70 70 65 6E 64 50 72 6F 62 6C 65 6D 4E 61 6D 65  ppendProblemName
00011090   73 00 48 61 73 42 75 69 6C 64 69 6E 67 46 6C 61  s.HasBuildingFla
000110A0   67 41 6C 65 72 74 73 00 43 6F 75 6E 74 42 75 69  gAlerts.CountBui
000110B0   6C 64 69 6E 67 46 6C 61 67 4E 61 6D 65 73 00 43  ldingFlagNames.C
000110C0   6F 75 6E 74 42 75 69 6C 64 69 6E 67 46 6C 61 67  ountBuildingFlag
000110D0   4E 61 6D 65 00 41 70 70 65 6E 64 42 75 69 6C 64  Name.AppendBuild
000110E0   69 6E 67 46 6C 61 67 4E 61 6D 65 73 00 41 70 70  ingFlagNames.App
000110F0   65 6E 64 42 75 69 6C 64 69 6E 67 46 6C 61 67 4E  endBuildingFlagN
00011100   61 6D 65 00 42 75 69 6C 64 69 6E 67 46 6C 61 67  ame.BuildingFlag
00011110   41 6C 65 72 74 73 54 65 78 74 00 42 75 69 6C 64  AlertsText.Build
00011120   69 6E 67 46 6C 61 67 73 54 65 78 74 00 41 70 70  ingFlagsText.App
00011130   65 6E 64 42 75 69 6C 64 69 6E 67 46 6C 61 67 54  endBuildingFlagT
00011140   65 78 74 00 42 75 69 6C 64 69 6E 67 4D 61 6E 61  ext.BuildingMana
00011150   67 65 72 00 52 65 6C 65 61 73 65 42 75 69 6C 64  ger.ReleaseBuild
00011160   69 6E 67 00 52 65 6C 65 61 73 65 53 65 67 6D 65  ing.ReleaseSegme
00011170   6E 74 00 49 6E 76 61 6C 69 64 4F 70 65 72 61 74  nt.InvalidOperat
00011180   69 6F 6E 45 78 63 65 70 74 69 6F 6E 00 49 73 53  ionException.IsS
00011190   61 6D 65 54 68 72 65 61 64 45 78 63 65 70 74 69  ameThreadExcepti
000111A0   6F 6E 00 45 73 63 61 70 65 00 42 6F 6F 6C 00 4E  on.Escape.Bool.N
000111B0   75 6D 62 65 72 00 53 74 72 69 6E 67 46 69 65 6C  umber.StringFiel
000111C0   64 00 47 65 74 53 74 72 69 6E 67 00 47 65 74 42  d.GetString.GetB
000111D0   6F 6F 6C 00 47 65 74 50 6F 69 6E 74 4E 75 6D 62  ool.GetPointNumb
000111E0   65 72 00 47 65 74 4E 75 6D 62 65 72 00 47 65 74  er.GetNumber.Get
000111F0   4F 62 6A 65 63 74 41 72 72 61 79 00 42 75 69 6C  ObjectArray.Buil
00011200   64 52 6F 61 64 00 46 69 6E 64 4E 65 61 72 62 79  dRoad.FindNearby
00011210   4E 6F 64 65 00 43 61 6E 52 65 75 73 65 4E 6F 64  Node.CanReuseNod
00011220   65 00 53 61 76 65 00 4C 69 73 74 53 61 76 65 73  e.Save.ListSaves
00011230   00 53 61 76 65 50 61 6E 65 6C 00 46 69 6E 64 53  .SavePanel.FindS
00011240   61 76 65 50 61 6E 65 6C 00 47 65 74 4C 6F 63 61  avePanel.GetLoca
00011250   6C 53 61 76 65 50 61 74 68 00 47 65 74 4C 6F 63  lSavePath.GetLoc
00011260   61 6C 53 61 76 65 44 69 72 65 63 74 6F 72 79 00  alSaveDirectory.
00011270   53 61 6E 69 74 69 7A 65 4E 61 6D 65 00 53 65 74  SanitizeName.Set
00011280   53 69 6D 75 6C 61 74 69 6F 6E 53 70 65 65 64 00  SimulationSpeed.
00011290   43 6F 6E 74 61 69 6E 73 49 67 6E 6F 72 65 43 61  ContainsIgnoreCa
000112A0   73 65 00 53 65 74 5A 6F 6E 65 00 52 65 70 61 69  se.SetZone.Repai
000112B0   72 5A 6F 6E 65 73 54 6F 47 72 6F 77 61 62 6C 65  rZonesToGrowable
000112C0   73 00 52 65 70 61 69 72 5A 6F 6E 65 43 6C 75 73  s.RepairZoneClus
000112D0   74 65 72 73 00 5A 6F 6E 65 00 54 72 79 50 61 72  ters.Zone.TryPar
000112E0   73 65 5A 6F 6E 65 00 5A 6F 6E 65 42 6C 6F 63 6B  seZone.ZoneBlock
000112F0   48 61 73 50 72 6F 74 65 63 74 65 64 42 75 69 6C  HasProtectedBuil
00011300   64 69 6E 67 00 47 65 74 45 78 70 65 63 74 65 64  ding.GetExpected
00011310   5A 6F 6E 65 46 72 6F 6D 4E 65 61 72 62 79 47 72  ZoneFromNearbyGr
00011320   6F 77 61 62 6C 65 73 00 54 72 79 47 65 74 47 72  owables.TryGetGr
00011330   6F 77 61 62 6C 65 5A 6F 6E 65 00 42 75 69 6C 64  owableZone.Build
00011340   5A 6F 6E 65 43 6C 75 73 74 65 72 73 00 53 68 6F  ZoneClusters.Sho
00011350   75 6C 64 50 72 6F 74 65 63 74 42 75 69 6C 64 69  uldProtectBuildi
00011360   6E 67 00 42 6C 6F 63 6B 49 64 73 00 7A 6F 6E 65  ng.BlockIds.zone
00011370   43 6F 75 6E 74 73 00 47 65 74 52 6F 77 43 6F 75  Counts.GetRowCou
00011380   6E 74 00 72 65 61 6C 54 69 6D 65 44 65 6C 74 61  nt.realTimeDelta
00011390   00 6D 6F 64 65 00 74 65 78 74 00 6E 61 6D 65 00  .mode.text.name.
000113A0   78 00 63 6F 6D 70 6F 6E 65 6E 74 00 70 6F 73 69  x.component.posi
000113B0   74 69 6F 6E 00 73 69 6D 75 6C 61 74 69 6F 6E 54  tion.simulationT
000113C0   69 6D 65 44 65 6C 74 61 00 73 74 61 74 65 00 72  imeDelta.state.r
000113D0   65 71 75 65 73 74 00 61 63 74 69 6F 6E 00 64 65  equest.action.de
000113E0   66 61 75 6C 74 56 61 6C 75 65 00 73 74 72 65 61  faultValue.strea
000113F0   6D 00 69 6E 66 6F 00 70 72 65 66 61 62 4E 61 6D  m.info.prefabNam
00011400   65 00 61 73 73 65 74 00 63 6F 6D 6D 61 6E 64 00  e.asset.command.
00011410   64 65 66 61 75 6C 74 44 72 79 52 75 6E 00 72 65  defaultDryRun.re
00011420   73 75 6C 74 73 00 73 74 61 72 74 00 61 69 00 69  sults.start.ai.i
00011430   64 00 62 75 69 6C 64 69 6E 67 00 61 63 74 69 76  d.building.activ
00011440   65 00 74 69 6D 65 6F 75 74 4D 73 00 6D 61 78 43  e.timeoutMs.maxC
00011450   6F 75 6E 74 00 6D 65 73 73 61 67 65 00 6A 73 6F  ount.message.jso
00011460   6E 00 65 72 72 6F 72 00 76 61 6C 75 65 00 73 65  n.error.value.se
00011470   72 76 69 63 65 00 53 79 73 74 65 6D 2E 52 75 6E  rvice.System.Run
00011480   74 69 6D 65 2E 49 6E 74 65 72 6F 70 53 65 72 76  time.InteropServ
00011490   69 63 65 73 00 4F 75 74 41 74 74 72 69 62 75 74  ices.OutAttribut
000114A0   65 00 63 68 61 6E 67 65 64 00 66 69 72 73 74 00  e.changed.first.
000114B0   74 61 72 67 65 74 00 6C 65 76 65 6C 00 73 63 6F  target.level.sco
000114C0   70 65 00 62 65 66 6F 72 65 00 61 66 74 65 72 00  pe.before.after.
000114D0   6D 61 6E 61 67 65 72 00 72 61 77 54 61 78 52 61  manager.rawTaxRa
000114E0   74 65 73 00 73 75 62 53 65 72 76 69 63 65 00 61  tes.subService.a
000114F0   6C 6C 6F 77 5A 6F 6E 65 64 00 73 74 61 72 74 49  llowZoned.startI
00011500   6E 64 65 78 00 74 79 70 65 00 6B 65 79 00 63 6F  ndex.type.key.co
00011510   6C 6F 72 00 69 6E 64 65 78 00 7A 6F 6E 65 4E 61  lor.index.zoneNa
00011520   6D 65 00 63 65 6C 6C 73 00 73 65 72 76 69 63 65  me.cells.service
00011530   46 69 6C 74 65 72 00 69 6E 63 6C 75 64 65 4D 61  Filter.includeMa
00011540   70 4F 62 6A 65 63 74 73 00 62 6C 6F 63 6B 49 64  pObjects.blockId
00011550   00 62 6C 6F 63 6B 00 72 6F 77 73 00 63 65 6C 6C  .block.rows.cell
00011560   43 6F 75 6E 74 00 7A 6F 6E 65 64 43 65 6C 6C 73  Count.zonedCells
00011570   00 75 6E 7A 6F 6E 65 64 43 65 6C 6C 73 00 64 6F  .unzonedCells.do
00011580   6D 69 6E 61 6E 74 5A 6F 6E 65 00 73 75 73 70 69  minantZone.suspi
00011590   63 69 6F 75 73 43 65 6C 6C 73 00 73 74 61 74 73  ciousCells.stats
000115A0   00 67 72 69 64 53 69 7A 65 00 62 75 69 6C 64 69  .gridSize.buildi
000115B0   6E 67 49 64 00 73 65 67 6D 65 6E 74 49 64 00 72  ngId.segmentId.r
000115C0   6F 61 64 53 74 61 72 74 00 72 6F 61 64 45 6E 64  oadStart.roadEnd
000115D0   00 70 6F 69 6E 74 00 65 6E 64 00 6D 69 6E 58 00  .point.end.minX.
000115E0   6D 61 78 58 00 6D 69 6E 59 00 6D 61 78 59 00 70  maxX.minY.maxY.p
000115F0   00 71 00 74 30 00 74 31 00 73 65 67 6D 65 6E 74  .q.t0.t1.segment
00011600   00 6C 65 6E 67 74 68 00 73 74 61 72 74 43 6F 6E  .length.startCon
00011610   6E 65 63 74 69 6F 6E 73 00 65 6E 64 43 6F 6E 6E  nections.endConn
00011620   65 63 74 69 6F 6E 73 00 6E 6F 64 65 49 64 00 6F  ections.nodeId.o
00011630   77 6E 53 65 67 6D 65 6E 74 00 6E 65 61 72 65 73  wnSegment.neares
00011640   74 53 65 67 6D 65 6E 74 00 64 69 73 74 61 6E 63  tSegment.distanc
00011650   65 00 73 65 67 6D 65 6E 74 41 49 64 00 73 65 67  e.segmentAId.seg
00011660   6D 65 6E 74 42 49 64 00 73 65 67 6D 65 6E 74 41  mentBId.segmentA
00011670   00 73 65 67 6D 65 6E 74 42 00 6F 76 65 72 6C 61  .segmentB.overla
00011680   70 4C 65 6E 67 74 68 00 68 65 69 67 68 74 44 69  pLength.heightDi
00011690   66 66 65 72 65 6E 63 65 00 6D 61 78 52 6F 61 64  fference.maxRoad
000116A0   54 6F 54 65 72 72 61 69 6E 44 65 6C 74 61 00 6D  ToTerrainDelta.m
000116B0   61 78 53 69 64 65 54 6F 53 69 64 65 44 65 6C 74  axSideToSideDelt
000116C0   61 00 6D 61 78 41 64 6A 61 63 65 6E 74 54 65 72  a.maxAdjacentTer
000116D0   72 61 69 6E 44 65 6C 74 61 00 73 61 6D 70 6C 65  rainDelta.sample
000116E0   50 6F 73 69 74 69 6F 6E 00 6C 6F 63 61 6C 47 72  Position.localGr
000116F0   61 64 65 59 00 72 6F 61 64 59 00 67 72 69 64 00  adeY.roadY.grid.
00011700   61 00 62 00 7A 00 74 65 72 72 61 69 6E 00 63 65  a.b.z.terrain.ce
00011710   6E 74 65 72 00 73 69 64 65 00 73 69 64 65 53 69  nter.side.sideSi
00011720   67 6E 00 6D 69 6E 5A 00 6D 61 78 5A 00 61 53 74  gn.minZ.maxZ.aSt
00011730   61 72 74 00 61 45 6E 64 00 62 53 74 61 72 74 00  art.aEnd.bStart.
00011740   62 45 6E 64 00 63 72 6F 73 73 69 6E 67 00 6E 6F  bEnd.crossing.no
00011750   64 65 00 66 69 72 73 74 53 65 67 6D 65 6E 74 00  de.firstSegment.
00011760   69 73 52 6F 61 64 53 65 67 6D 65 6E 74 00 76 69  isRoadSegment.vi
00011770   73 69 74 65 64 00 76 69 73 69 74 65 64 4E 6F 64  sited.visitedNod
00011780   65 73 00 65 6E 74 69 74 79 54 79 70 65 00 70 72  es.entityType.pr
00011790   6F 62 6C 65 6D 73 00 62 75 69 6C 64 69 6E 67 46  oblems.buildingF
000117A0   6C 61 67 73 00 69 6E 63 6C 75 64 65 42 75 69 6C  lags.includeBuil
000117B0   64 69 6E 67 46 6C 61 67 73 00 68 61 73 42 75 69  dingFlags.hasBui
000117C0   6C 64 69 6E 67 46 6C 61 67 41 6C 65 72 74 00 65  ldingFlagAlert.e
000117D0   6E 75 6D 54 79 70 65 00 66 6C 61 67 73 00 6E 61  numType.flags.na
000117E0   6D 65 73 00 66 6C 61 67 00 6B 65 65 70 4E 6F 64  mes.flag.keepNod
000117F0   65 73 00 65 78 00 70 6F 69 6E 74 4E 61 6D 65 00  es.ex.pointName.
00011800   61 78 69 73 4E 61 6D 65 00 6D 61 78 44 69 73 74  axisName.maxDist
00011810   61 6E 63 65 00 65 78 69 73 74 69 6E 67 00 72 65  ance.existing.re
00011820   71 75 65 73 74 65 64 00 7A 6F 6E 65 00 65 78 70  quested.zone.exp
00011830   65 63 74 65 64 5A 6F 6E 65 00 68 61 73 47 72 6F  ectedZone.hasGro
00011840   77 61 62 6C 65 00 6D 69 78 65 64 55 73 65 00 53  wable.mixedUse.S
00011850   79 73 74 65 6D 2E 44 69 61 67 6E 6F 73 74 69 63  ystem.Diagnostic
00011860   73 00 44 65 62 75 67 67 61 62 6C 65 41 74 74 72  s.DebuggableAttr
00011870   69 62 75 74 65 00 44 65 62 75 67 67 69 6E 67 4D  ibute.DebuggingM
00011880   6F 64 65 73 00 43 6F 6D 70 69 6C 61 74 69 6F 6E  odes.Compilation
00011890   52 65 6C 61 78 61 74 69 6F 6E 73 41 74 74 72 69  RelaxationsAttri
000118A0   62 75 74 65 00 52 75 6E 74 69 6D 65 43 6F 6D 70  bute.RuntimeComp
000118B0   61 74 69 62 69 6C 69 74 79 41 74 74 72 69 62 75  atibilityAttribu
000118C0   74 65 00 44 65 62 75 67 00 4C 6F 67 00 2E 63 63  te.Debug.Log..cc
000118D0   74 6F 72 00 6F 70 5F 45 71 75 61 6C 69 74 79 00  tor.op_Equality.
000118E0   44 61 74 65 54 69 6D 65 00 67 65 74 5F 4E 6F 77  DateTime.get_Now
000118F0   00 54 6F 53 74 72 69 6E 67 00 52 65 6D 6F 76 65  .ToString.Remove
00011900   41 74 00 67 65 74 5F 43 6F 75 6E 74 00 6F 70 5F  At.get_Count.op_
00011910   49 6E 65 71 75 61 6C 69 74 79 00 43 6F 6D 70 6F  Inequality.Compo
00011920   6E 65 6E 74 00 47 61 6D 65 4F 62 6A 65 63 74 00  nent.GameObject.
00011930   67 65 74 5F 67 61 6D 65 4F 62 6A 65 63 74 00 55  get_gameObject.U
00011940   49 4D 6F 75 73 65 45 76 65 6E 74 50 61 72 61 6D  IMouseEventParam
00011950   65 74 65 72 00 3C 45 6E 73 75 72 65 50 61 6E 65  eter.<EnsurePane
00011960   6C 3E 62 5F 5F 31 00 65 76 65 6E 74 50 61 72 61  l>b__1.eventPara
00011970   6D 00 4D 6F 75 73 65 45 76 65 6E 74 48 61 6E 64  m.MouseEventHand
00011980   6C 65 72 00 43 53 24 3C 3E 39 5F 5F 43 61 63 68  ler.CS$<>9__Cach
00011990   65 64 41 6E 6F 6E 79 6D 6F 75 73 4D 65 74 68 6F  edAnonymousMetho
000119A0   64 44 65 6C 65 67 61 74 65 33 00 43 6F 6D 70 69  dDelegate3.Compi
000119B0   6C 65 72 47 65 6E 65 72 61 74 65 64 41 74 74 72  lerGeneratedAttr
000119C0   69 62 75 74 65 00 3C 45 6E 73 75 72 65 50 61 6E  ibute.<EnsurePan
000119D0   65 6C 3E 62 5F 5F 32 00 43 53 24 3C 3E 39 5F 5F  el>b__2.CS$<>9__
000119E0   43 61 63 68 65 64 41 6E 6F 6E 79 6D 6F 75 73 4D  CachedAnonymousM
000119F0   65 74 68 6F 64 44 65 6C 65 67 61 74 65 34 00 55  ethodDelegate4.U
00011A00   49 56 69 65 77 00 47 65 74 41 56 69 65 77 00 52  IView.GetAView.R
00011A10   75 6E 74 69 6D 65 54 79 70 65 48 61 6E 64 6C 65  untimeTypeHandle
00011A20   00 47 65 74 54 79 70 65 46 72 6F 6D 48 61 6E 64  .GetTypeFromHand
00011A30   6C 65 00 41 64 64 55 49 43 6F 6D 70 6F 6E 65 6E  le.AddUIComponen
00011A40   74 00 73 65 74 5F 6E 61 6D 65 00 73 65 74 5F 62  t.set_name.set_b
00011A50   61 63 6B 67 72 6F 75 6E 64 53 70 72 69 74 65 00  ackgroundSprite.
00011A60   43 6F 6C 6F 72 33 32 00 73 65 74 5F 63 6F 6C 6F  Color32.set_colo
00011A70   72 00 73 65 74 5F 77 69 64 74 68 00 73 65 74 5F  r.set_width.set_
00011A80   68 65 69 67 68 74 00 73 65 74 5F 72 65 6C 61 74  height.set_relat
00011A90   69 76 65 50 6F 73 69 74 69 6F 6E 00 73 65 74 5F  ivePosition.set_
00011AA0   69 73 56 69 73 69 62 6C 65 00 55 49 54 65 78 74  isVisible.UIText
00011AB0   43 6F 6D 70 6F 6E 65 6E 74 00 73 65 74 5F 74 65  Component.set_te
00011AC0   78 74 00 73 65 74 5F 74 65 78 74 53 63 61 6C 65  xt.set_textScale
00011AD0   00 73 65 74 5F 74 65 78 74 43 6F 6C 6F 72 00 73  .set_textColor.s
00011AE0   65 74 5F 61 75 74 6F 53 69 7A 65 00 61 64 64 5F  et_autoSize.add_
00011AF0   65 76 65 6E 74 43 6C 69 63 6B 00 52 65 63 74 4F  eventClick.RectO
00011B00   66 66 73 65 74 00 73 65 74 5F 70 61 64 64 69 6E  ffset.set_paddin
00011B10   67 00 73 65 74 5F 77 6F 72 64 57 72 61 70 00 55  g.set_wordWrap.U
00011B20   49 49 6E 74 65 72 61 63 74 69 76 65 43 6F 6D 70  IInteractiveComp
00011B30   6F 6E 65 6E 74 00 73 65 74 5F 6E 6F 72 6D 61 6C  onent.set_normal
00011B40   42 67 53 70 72 69 74 65 00 73 65 74 5F 68 6F 76  BgSprite.set_hov
00011B50   65 72 65 64 42 67 53 70 72 69 74 65 00 73 65 74  eredBgSprite.set
00011B60   5F 70 72 65 73 73 65 64 42 67 53 70 72 69 74 65  _pressedBgSprite
00011B70   00 73 65 74 5F 64 69 73 61 62 6C 65 64 42 67 53  .set_disabledBgS
00011B80   70 72 69 74 65 00 3C 52 65 67 69 73 74 65 72 44  prite.<RegisterD
00011B90   72 61 67 45 76 65 6E 74 73 3E 62 5F 5F 35 00 73  ragEvents>b__5.s
00011BA0   65 6E 64 65 72 00 43 53 24 3C 3E 39 5F 5F 43 61  ender.CS$<>9__Ca
00011BB0   63 68 65 64 41 6E 6F 6E 79 6D 6F 75 73 4D 65 74  chedAnonymousMet
00011BC0   68 6F 64 44 65 6C 65 67 61 74 65 37 00 3C 52 65  hodDelegate7.<Re
00011BD0   67 69 73 74 65 72 44 72 61 67 45 76 65 6E 74 73  gisterDragEvents
00011BE0   3E 62 5F 5F 36 00 43 53 24 3C 3E 39 5F 5F 43 61  >b__6.CS$<>9__Ca
00011BF0   63 68 65 64 41 6E 6F 6E 79 6D 6F 75 73 4D 65 74  chedAnonymousMet
00011C00   68 6F 64 44 65 6C 65 67 61 74 65 38 00 49 6E 70  hodDelegate8.Inp
00011C10   75 74 00 67 65 74 5F 6D 6F 75 73 65 50 6F 73 69  ut.get_mousePosi
00011C20   74 69 6F 6E 00 61 64 64 5F 65 76 65 6E 74 4D 6F  tion.add_eventMo
00011C30   75 73 65 44 6F 77 6E 00 61 64 64 5F 65 76 65 6E  useDown.add_even
00011C40   74 4D 6F 75 73 65 55 70 00 47 65 74 4D 6F 75 73  tMouseUp.GetMous
00011C50   65 42 75 74 74 6F 6E 00 6F 70 5F 53 75 62 74 72  eButton.op_Subtr
00011C60   61 63 74 69 6F 6E 00 67 65 74 5F 73 71 72 4D 61  action.get_sqrMa
00011C70   67 6E 69 74 75 64 65 00 67 65 74 5F 72 65 6C 61  gnitude.get_rela
00011C80   74 69 76 65 50 6F 73 69 74 69 6F 6E 00 79 00 6F  tivePosition.y.o
00011C90   70 5F 41 64 64 69 74 69 6F 6E 00 67 65 74 5F 66  p_Addition.get_f
00011CA0   69 78 65 64 57 69 64 74 68 00 67 65 74 5F 77 69  ixedWidth.get_wi
00011CB0   64 74 68 00 4D 61 74 68 66 00 4D 61 78 00 67 65  dth.Mathf.Max.ge
00011CC0   74 5F 66 69 78 65 64 48 65 69 67 68 74 00 67 65  t_fixedHeight.ge
00011CD0   74 5F 68 65 69 67 68 74 00 43 6C 61 6D 70 00 49  t_height.Clamp.I
00011CE0   6E 74 33 32 00 53 74 72 69 6E 67 00 43 6F 6E 63  nt32.String.Conc
00011CF0   61 74 00 67 65 74 5F 49 74 65 6D 00 67 65 74 5F  at.get_Item.get_
00011D00   4C 65 6E 67 74 68 00 53 75 62 73 74 72 69 6E 67  Length.Substring
00011D10   00 53 79 73 74 65 6D 2E 4E 65 74 00 49 50 41 64  .System.Net.IPAd
00011D20   64 72 65 73 73 00 4C 6F 6F 70 62 61 63 6B 00 54  dress.Loopback.T
00011D30   68 72 65 61 64 53 74 61 72 74 00 73 65 74 5F 49  hreadStart.set_I
00011D40   73 42 61 63 6B 67 72 6F 75 6E 64 00 73 65 74 5F  sBackground.set_
00011D50   4E 61 6D 65 00 54 63 70 43 6C 69 65 6E 74 00 41  Name.TcpClient.A
00011D60   63 63 65 70 74 54 63 70 43 6C 69 65 6E 74 00 57  cceptTcpClient.W
00011D70   61 69 74 43 61 6C 6C 62 61 63 6B 00 54 68 72 65  aitCallback.Thre
00011D80   61 64 50 6F 6F 6C 00 51 75 65 75 65 55 73 65 72  adPool.QueueUser
00011D90   57 6F 72 6B 49 74 65 6D 00 45 78 63 65 70 74 69  WorkItem.Excepti
00011DA0   6F 6E 00 67 65 74 5F 4D 65 73 73 61 67 65 00 73  on.get_Message.s
00011DB0   65 74 5F 52 65 63 65 69 76 65 54 69 6D 65 6F 75  et_ReceiveTimeou
00011DC0   74 00 73 65 74 5F 53 65 6E 64 54 69 6D 65 6F 75  t.set_SendTimeou
00011DD0   74 00 47 65 74 53 74 72 65 61 6D 00 43 6C 6F 73  t.GetStream.Clos
00011DE0   65 00 3C 3E 63 5F 5F 44 69 73 70 6C 61 79 43 6C  e.<>c__DisplayCl
00011DF0   61 73 73 31 38 00 3C 52 6F 75 74 65 3E 62 5F 5F  ass18.<Route>b__
00011E00   30 00 3C 3E 63 5F 5F 44 69 73 70 6C 61 79 43 6C  0.<>c__DisplayCl
00011E10   61 73 73 31 61 00 3C 52 6F 75 74 65 3E 62 5F 5F  ass1a.<Route>b__
00011E20   31 00 3C 3E 63 5F 5F 44 69 73 70 6C 61 79 43 6C  1.<>c__DisplayCl
00011E30   61 73 73 31 63 00 3C 52 6F 75 74 65 3E 62 5F 5F  ass1c.<Route>b__
00011E40   32 00 3C 3E 63 5F 5F 44 69 73 70 6C 61 79 43 6C  2.<>c__DisplayCl
00011E50   61 73 73 31 65 00 3C 52 6F 75 74 65 3E 62 5F 5F  ass1e.<Route>b__
00011E60   33 00 3C 3E 63 5F 5F 44 69 73 70 6C 61 79 43 6C  3.<>c__DisplayCl
00011E70   61 73 73 32 30 00 3C 52 6F 75 74 65 3E 62 5F 5F  ass20.<Route>b__
00011E80   34 00 3C 3E 63 5F 5F 44 69 73 70 6C 61 79 43 6C  4.<>c__DisplayCl
00011E90   61 73 73 32 32 00 3C 52 6F 75 74 65 3E 62 5F 5F  ass22.<Route>b__
00011EA0   35 00 3C 3E 63 5F 5F 44 69 73 70 6C 61 79 43 6C  5.<>c__DisplayCl
00011EB0   61 73 73 32 34 00 3C 52 6F 75 74 65 3E 62 5F 5F  ass24.<Route>b__
00011EC0   36 00 3C 3E 63 5F 5F 44 69 73 70 6C 61 79 43 6C  6.<>c__DisplayCl
00011ED0   61 73 73 32 36 00 3C 52 6F 75 74 65 3E 62 5F 5F  ass26.<Route>b__
00011EE0   37 00 3C 3E 63 5F 5F 44 69 73 70 6C 61 79 43 6C  7.<>c__DisplayCl
00011EF0   61 73 73 32 38 00 3C 52 6F 75 74 65 3E 62 5F 5F  ass28.<Route>b__
00011F00   38 00 3C 3E 63 5F 5F 44 69 73 70 6C 61 79 43 6C  8.<>c__DisplayCl
00011F10   61 73 73 32 61 00 3C 52 6F 75 74 65 3E 62 5F 5F  ass2a.<Route>b__
00011F20   39 00 3C 3E 63 5F 5F 44 69 73 70 6C 61 79 43 6C  9.<>c__DisplayCl
00011F30   61 73 73 32 63 00 3C 52 6F 75 74 65 3E 62 5F 5F  ass2c.<Route>b__
00011F40   61 00 3C 3E 63 5F 5F 44 69 73 70 6C 61 79 43 6C  a.<>c__DisplayCl
00011F50   61 73 73 32 65 00 3C 52 6F 75 74 65 3E 62 5F 5F  ass2e.<Route>b__
00011F60   62 00 3C 3E 63 5F 5F 44 69 73 70 6C 61 79 43 6C  b.<>c__DisplayCl
00011F70   61 73 73 33 30 00 3C 52 6F 75 74 65 3E 62 5F 5F  ass30.<Route>b__
00011F80   63 00 3C 3E 63 5F 5F 44 69 73 70 6C 61 79 43 6C  c.<>c__DisplayCl
00011F90   61 73 73 33 32 00 3C 52 6F 75 74 65 3E 62 5F 5F  ass32.<Route>b__
00011FA0   64 00 3C 3E 63 5F 5F 44 69 73 70 6C 61 79 43 6C  d.<>c__DisplayCl
00011FB0   61 73 73 33 34 00 3C 52 6F 75 74 65 3E 62 5F 5F  ass34.<Route>b__
00011FC0   65 00 3C 3E 63 5F 5F 44 69 73 70 6C 61 79 43 6C  e.<>c__DisplayCl
00011FD0   61 73 73 33 36 00 3C 52 6F 75 74 65 3E 62 5F 5F  ass36.<Route>b__
00011FE0   66 00 3C 3E 63 5F 5F 44 69 73 70 6C 61 79 43 6C  f.<>c__DisplayCl
00011FF0   61 73 73 33 38 00 3C 52 6F 75 74 65 3E 62 5F 5F  ass38.<Route>b__
00012000   31 30 00 3C 3E 63 5F 5F 44 69 73 70 6C 61 79 43  10.<>c__DisplayC
00012010   6C 61 73 73 33 61 00 3C 52 6F 75 74 65 3E 62 5F  lass3a.<Route>b_
00012020   5F 31 31 00 3C 3E 63 5F 5F 44 69 73 70 6C 61 79  _11.<>c__Display
00012030   43 6C 61 73 73 33 63 00 3C 52 6F 75 74 65 3E 62  Class3c.<Route>b
00012040   5F 5F 31 32 00 3C 3E 63 5F 5F 44 69 73 70 6C 61  __12.<>c__Displa
00012050   79 43 6C 61 73 73 33 65 00 3C 52 6F 75 74 65 3E  yClass3e.<Route>
00012060   62 5F 5F 31 33 00 3C 3E 63 5F 5F 44 69 73 70 6C  b__13.<>c__Displ
00012070   61 79 43 6C 61 73 73 34 30 00 3C 52 6F 75 74 65  ayClass40.<Route
00012080   3E 62 5F 5F 31 34 00 3C 3E 63 5F 5F 44 69 73 70  >b__14.<>c__Disp
00012090   6C 61 79 43 6C 61 73 73 34 32 00 3C 52 6F 75 74  layClass42.<Rout
000120A0   65 3E 62 5F 5F 31 35 00 3C 3E 63 5F 5F 44 69 73  e>b__15.<>c__Dis
000120B0   70 6C 61 79 43 6C 61 73 73 34 34 00 3C 52 6F 75  playClass44.<Rou
000120C0   74 65 3E 62 5F 5F 31 36 00 3C 3E 63 5F 5F 44 69  te>b__16.<>c__Di
000120D0   73 70 6C 61 79 43 6C 61 73 73 34 36 00 3C 52 6F  splayClass46.<Ro
000120E0   75 74 65 3E 62 5F 5F 31 37 00 3C 3E 63 5F 5F 44  ute>b__17.<>c__D
000120F0   69 73 70 6C 61 79 43 6C 61 73 73 34 39 00 3C 52  isplayClass49.<R
00012100   75 6E 4F 6E 47 61 6D 65 54 68 72 65 61 64 3E 62  unOnGameThread>b
00012110   5F 5F 34 38 00 43 68 61 72 00 53 70 6C 69 74 00  __48.Char.Split.
00012120   54 72 79 50 61 72 73 65 00 53 69 6E 67 6C 65 00  TryParse.Single.
00012130   52 65 70 6C 61 63 65 00 55 72 69 00 55 6E 65 73  Replace.Uri.Unes
00012140   63 61 70 65 44 61 74 61 53 74 72 69 6E 67 00 53  capeDataString.S
00012150   79 73 74 65 6D 2E 49 4F 00 4D 65 6D 6F 72 79 53  ystem.IO.MemoryS
00012160   74 72 65 61 6D 00 53 74 72 65 61 6D 00 52 65 61  tream.Stream.Rea
00012170   64 42 79 74 65 00 57 72 69 74 65 42 79 74 65 00  dByte.WriteByte.
00012180   45 6E 63 6F 64 69 6E 67 00 67 65 74 5F 55 54 46  Encoding.get_UTF
00012190   38 00 54 6F 41 72 72 61 79 00 53 74 72 69 6E 67  8.ToArray.String
000121A0   53 70 6C 69 74 4F 70 74 69 6F 6E 73 00 49 6E 64  SplitOptions.Ind
000121B0   65 78 4F 66 00 43 6F 6D 70 61 72 65 00 54 72 69  exOf.Compare.Tri
000121C0   6D 00 42 79 74 65 00 54 6F 55 70 70 65 72 49 6E  m.Byte.ToUpperIn
000121D0   76 61 72 69 61 6E 74 00 47 65 74 42 79 74 65 73  variant.GetBytes
000121E0   00 67 65 74 5F 41 53 43 49 49 00 50 61 63 6B 61  .get_ASCII.Packa
000121F0   67 65 4D 61 6E 61 67 65 72 00 49 45 6E 75 6D 65  geManager.IEnume
00012200   72 61 62 6C 65 60 31 00 67 65 74 5F 61 6C 6C 50  rable`1.get_allP
00012210   61 63 6B 61 67 65 73 00 49 45 6E 75 6D 65 72 61  ackages.IEnumera
00012220   74 6F 72 60 31 00 47 65 74 45 6E 75 6D 65 72 61  tor`1.GetEnumera
00012230   74 6F 72 00 67 65 74 5F 43 75 72 72 65 6E 74 00  tor.get_Current.
00012240   53 79 73 74 65 6D 2E 43 6F 6C 6C 65 63 74 69 6F  System.Collectio
00012250   6E 73 00 49 45 6E 75 6D 65 72 61 62 6C 65 00 49  ns.IEnumerable.I
00012260   45 6E 75 6D 65 72 61 74 6F 72 00 67 65 74 5F 69  Enumerator.get_i
00012270   73 45 6E 61 62 6C 65 64 00 73 65 74 5F 69 73 45  sEnabled.set_isE
00012280   6E 61 62 6C 65 64 00 41 70 70 65 6E 64 00 67 65  nabled.Append.ge
00012290   74 5F 70 61 63 6B 61 67 65 4E 61 6D 65 00 67 65  t_packageName.ge
000122A0   74 5F 6E 61 6D 65 00 67 65 74 5F 66 75 6C 6C 4E  t_name.get_fullN
000122B0   61 6D 65 00 67 65 74 5F 70 61 74 68 4F 6E 44 69  ame.get_pathOnDi
000122C0   73 6B 00 4D 6F 76 65 4E 65 78 74 00 49 44 69 73  sk.MoveNext.IDis
000122D0   70 6F 73 61 62 6C 65 00 44 69 73 70 6F 73 65 00  posable.Dispose.
000122E0   46 6F 72 63 65 41 73 73 65 74 53 74 61 74 65 43  ForceAssetStateC
000122F0   68 61 6E 67 65 64 00 4C 61 73 74 49 6E 64 65 78  hanged.LastIndex
00012300   4F 66 00 50 72 65 66 61 62 43 6F 6C 6C 65 63 74  Of.PrefabCollect
00012310   69 6F 6E 60 31 00 46 69 6E 64 4C 6F 61 64 65 64  ion`1.FindLoaded
00012320   00 43 6F 6C 6F 73 73 61 6C 46 72 61 6D 65 77 6F  .ColossalFramewo
00012330   72 6B 00 53 69 6E 67 6C 65 74 6F 6E 60 31 00 67  rk.Singleton`1.g
00012340   65 74 5F 69 6E 73 74 61 6E 63 65 00 53 61 6D 70  et_instance.Samp
00012350   6C 65 52 61 77 48 65 69 67 68 74 53 6D 6F 6F 74  leRawHeightSmoot
00012360   68 57 69 74 68 57 61 74 65 72 00 53 69 6D 75 6C  hWithWater.Simul
00012370   61 74 69 6F 6E 4D 61 6E 61 67 65 72 00 43 6F 6C  ationManager.Col
00012380   6F 73 73 61 6C 46 72 61 6D 65 77 6F 72 6B 2E 4D  ossalFramework.M
00012390   61 74 68 00 52 61 6E 64 6F 6D 69 7A 65 72 00 6D  ath.Randomizer.m
000123A0   5F 72 61 6E 64 6F 6D 69 7A 65 72 00 50 72 65 66  _randomizer.Pref
000123B0   61 62 49 6E 66 6F 00 47 65 74 4C 65 6E 67 74 68  abInfo.GetLength
000123C0   00 6D 5F 63 75 72 72 65 6E 74 42 75 69 6C 64 49  .m_currentBuildI
000123D0   6E 64 65 78 00 43 72 65 61 74 65 42 75 69 6C 64  ndex.CreateBuild
000123E0   69 6E 67 00 55 49 6E 74 31 36 00 6D 5F 63 6C 61  ing.UInt16.m_cla
000123F0   73 73 00 6D 5F 73 65 72 76 69 63 65 00 6D 5F 73  ss.m_service.m_s
00012400   75 62 53 65 72 76 69 63 65 00 41 72 72 61 79 31  ubService.Array1
00012410   36 60 31 00 6D 5F 62 75 69 6C 64 69 6E 67 73 00  6`1.m_buildings.
00012420   6D 5F 62 75 66 66 65 72 00 6D 5F 66 6C 61 67 73  m_buffer.m_flags
00012430   00 67 65 74 5F 49 6E 66 6F 00 6D 5F 61 6E 67 6C  .get_Info.m_angl
00012440   65 00 6D 5F 62 75 69 6C 64 69 6E 67 41 49 00 42  e.m_buildingAI.B
00012450   6F 6F 6C 65 61 6E 00 47 65 74 54 79 70 65 00 53  oolean.GetType.S
00012460   79 73 74 65 6D 2E 52 65 66 6C 65 63 74 69 6F 6E  ystem.Reflection
00012470   00 4D 65 74 68 6F 64 49 6E 66 6F 00 42 69 6E 64  .MethodInfo.Bind
00012480   69 6E 67 46 6C 61 67 73 00 47 65 74 4D 65 74 68  ingFlags.GetMeth
00012490   6F 64 00 4D 65 74 68 6F 64 42 61 73 65 00 49 6E  od.MethodBase.In
000124A0   76 6F 6B 65 00 6D 5F 73 65 67 6D 65 6E 74 73 00  voke.m_segments.
000124B0   6D 5F 6E 6F 64 65 73 00 52 65 6C 65 61 73 65 4E  m_nodes.ReleaseN
000124C0   6F 64 65 00 4D 6F 6E 69 74 6F 72 00 45 6E 74 65  ode.Monitor.Ente
000124D0   72 00 45 6E 71 75 65 75 65 00 45 78 69 74 00 44  r.Enqueue.Exit.D
000124E0   65 71 75 65 75 65 00 57 61 69 74 48 61 6E 64 6C  equeue.WaitHandl
000124F0   65 00 57 61 69 74 4F 6E 65 00 4D 65 6D 62 65 72  e.WaitOne.Member
00012500   49 6E 66 6F 00 45 76 65 6E 74 57 61 69 74 48 61  Info.EventWaitHa
00012510   6E 64 6C 65 00 53 65 74 00 47 65 74 54 61 78 52  ndle.Set.GetTaxR
00012520   61 74 65 00 46 69 65 6C 64 49 6E 66 6F 00 47 65  ate.FieldInfo.Ge
00012530   74 46 69 65 6C 64 00 47 65 74 56 61 6C 75 65 00  tField.GetValue.
00012540   49 73 4E 75 6C 6C 4F 72 45 6D 70 74 79 00 53 74  IsNullOrEmpty.St
00012550   72 69 6E 67 43 6F 6D 70 61 72 69 73 6F 6E 00 45  ringComparison.E
00012560   71 75 61 6C 73 00 45 6E 75 6D 00 50 61 72 73 65  quals.Enum.Parse
00012570   00 53 74 72 75 63 74 4C 61 79 6F 75 74 41 74 74  .StructLayoutAtt
00012580   72 69 62 75 74 65 00 4C 61 79 6F 75 74 4B 69 6E  ribute.LayoutKin
00012590   64 00 43 69 74 69 7A 65 6E 4D 61 6E 61 67 65 72  d.CitizenManager
000125A0   00 6D 5F 63 75 72 72 65 6E 74 47 61 6D 65 54 69  .m_currentGameTi
000125B0   6D 65 00 67 65 74 5F 53 69 6D 75 6C 61 74 69 6F  me.get_Simulatio
000125C0   6E 50 61 75 73 65 64 00 67 65 74 5F 53 65 6C 65  nPaused.get_Sele
000125D0   63 74 65 64 53 69 6D 75 6C 61 74 69 6F 6E 53 70  ctedSimulationSp
000125E0   65 65 64 00 67 65 74 5F 46 69 6E 61 6C 53 69 6D  eed.get_FinalSim
000125F0   75 6C 61 74 69 6F 6E 53 70 65 65 64 00 6D 5F 6E  ulationSpeed.m_n
00012600   6F 64 65 43 6F 75 6E 74 00 6D 5F 73 65 67 6D 65  odeCount.m_segme
00012610   6E 74 43 6F 75 6E 74 00 6D 5F 6C 61 6E 65 43 6F  ntCount.m_laneCo
00012620   75 6E 74 00 6D 5F 63 69 74 69 7A 65 6E 43 6F 75  unt.m_citizenCou
00012630   6E 74 00 6D 5F 72 65 73 69 64 65 6E 74 69 61 6C  nt.m_residential
00012640   44 65 6D 61 6E 64 00 6D 5F 63 6F 6D 6D 65 72 63  Demand.m_commerc
00012650   69 61 6C 44 65 6D 61 6E 64 00 6D 5F 77 6F 72 6B  ialDemand.m_work
00012660   70 6C 61 63 65 44 65 6D 61 6E 64 00 4D 65 73 73  placeDemand.Mess
00012670   61 67 65 4D 61 6E 61 67 65 72 00 47 65 74 52 65  ageManager.GetRe
00012680   63 65 6E 74 4D 65 73 73 61 67 65 73 00 6D 5F 62  centMessages.m_b
00012690   6C 6F 63 6B 73 00 47 65 74 5A 6F 6E 65 00 43 6F  locks.GetZone.Co
000126A0   6E 74 61 69 6E 73 4B 65 79 00 73 65 74 5F 49 74  ntainsKey.set_It
000126B0   65 6D 00 45 6E 75 6D 65 72 61 74 6F 72 00 4B 65  em.Enumerator.Ke
000126C0   79 56 61 6C 75 65 50 61 69 72 60 32 00 67 65 74  yValuePair`2.get
000126D0   5F 4B 65 79 00 67 65 74 5F 56 61 6C 75 65 00 67  _Key.get_Value.g
000126E0   65 74 5F 73 65 6E 64 65 72 4E 61 6D 65 00 67 65  et_senderName.ge
000126F0   74 5F 74 65 78 74 00 67 65 74 5F 73 65 6E 64 65  t_text.get_sende
00012700   72 49 44 00 43 69 74 69 7A 65 6E 4D 65 73 73 61  rID.CitizenMessa
00012710   67 65 00 6D 5F 6D 65 73 73 61 67 65 49 44 00 6D  ge.m_messageID.m
00012720   5F 6B 65 79 49 44 00 6D 5F 74 61 67 00 47 65 6E  _keyID.m_tag.Gen
00012730   65 72 69 63 4D 65 73 73 61 67 65 00 6D 5F 73 65  ericMessage.m_se
00012740   6E 64 65 72 49 44 00 6D 5F 72 61 6E 64 6F 6D 49  nderID.m_randomI
00012750   44 00 4C 6F 61 64 65 64 43 6F 75 6E 74 00 47 65  D.LoadedCount.Ge
00012760   74 4C 6F 61 64 65 64 00 47 65 74 55 6E 63 68 65  tLoaded.GetUnche
00012770   63 6B 65 64 4C 6F 63 61 6C 69 7A 65 64 54 69 74  ckedLocalizedTit
00012780   6C 65 00 6D 5F 6C 65 76 65 6C 00 47 65 74 57 69  le.m_level.GetWi
00012790   64 74 68 00 6D 5F 70 72 6F 62 6C 65 6D 73 00 67  dth.m_problems.g
000127A0   65 74 5F 49 73 4E 6F 6E 65 00 6D 5F 70 6F 73 69  et_IsNone.m_posi
000127B0   74 69 6F 6E 00 6D 5F 73 74 61 72 74 4E 6F 64 65  tion.m_startNode
000127C0   00 6D 5F 65 6E 64 4E 6F 64 65 00 6D 5F 6D 69 64  .m_endNode.m_mid
000127D0   64 6C 65 50 6F 73 69 74 69 6F 6E 00 47 65 74 53  dlePosition.GetS
000127E0   65 67 6D 65 6E 74 4E 61 6D 65 00 54 72 79 47 65  egmentName.TryGe
000127F0   74 56 61 6C 75 65 00 46 6C 6F 6F 72 54 6F 49 6E  tValue.FloorToIn
00012800   74 00 67 65 74 5F 7A 65 72 6F 00 6F 70 5F 44 69  t.get_zero.op_Di
00012810   76 69 73 69 6F 6E 00 4D 69 6E 00 43 6F 73 00 53  vision.Min.Cos.S
00012820   69 6E 00 41 62 73 00 53 79 73 74 65 6D 2E 43 6F  in.Abs.System.Co
00012830   72 65 00 48 61 73 68 53 65 74 60 31 00 43 6F 6E  re.HashSet`1.Con
00012840   74 61 69 6E 73 00 53 71 72 74 00 4C 65 72 70 00  tains.Sqrt.Lerp.
00012850   3C 50 72 69 76 61 74 65 49 6D 70 6C 65 6D 65 6E  <PrivateImplemen
00012860   74 61 74 69 6F 6E 44 65 74 61 69 6C 73 3E 7B 41  tationDetails>{A
00012870   39 44 33 33 32 45 43 2D 46 41 46 45 2D 34 42 34  9D332EC-FAFE-4B4
00012880   44 2D 38 31 44 35 2D 44 46 32 45 37 35 43 30 41  D-81D5-DF2E75C0A
00012890   45 31 32 7D 00 5F 5F 53 74 61 74 69 63 41 72 72  E12}.__StaticArr
000128A0   61 79 49 6E 69 74 54 79 70 65 53 69 7A 65 3D 32  ayInitTypeSize=2
000128B0   30 00 24 24 6D 65 74 68 6F 64 30 78 36 30 30 30  0.$$method0x6000
000128C0   30 39 37 2D 31 00 52 75 6E 74 69 6D 65 48 65 6C  097-1.RuntimeHel
000128D0   70 65 72 73 00 41 72 72 61 79 00 52 75 6E 74 69  pers.Array.Runti
000128E0   6D 65 46 69 65 6C 64 48 61 6E 64 6C 65 00 49 6E  meFieldHandle.In
000128F0   69 74 69 61 6C 69 7A 65 41 72 72 61 79 00 6F 70  itializeArray.op
00012900   5F 4D 75 6C 74 69 70 6C 79 00 4E 65 74 41 49 00  _Multiply.NetAI.
00012910   6D 5F 6E 65 74 41 49 00 6D 5F 73 65 67 6D 65 6E  m_netAI.m_segmen
00012920   74 30 00 6D 5F 73 65 67 6D 65 6E 74 31 00 6D 5F  t0.m_segment1.m_
00012930   73 65 67 6D 65 6E 74 32 00 6D 5F 73 65 67 6D 65  segment2.m_segme
00012940   6E 74 33 00 6D 5F 73 65 67 6D 65 6E 74 34 00 6D  nt3.m_segment4.m
00012950   5F 73 65 67 6D 65 6E 74 35 00 6D 5F 73 65 67 6D  _segment5.m_segm
00012960   65 6E 74 36 00 6D 5F 73 65 67 6D 65 6E 74 37 00  ent6.m_segment7.
00012970   50 72 6F 62 6C 65 6D 31 00 6D 5F 50 72 6F 62 6C  Problem1.m_Probl
00012980   65 6D 73 31 00 55 49 6E 74 36 34 00 50 72 6F 62  ems1.UInt64.Prob
00012990   6C 65 6D 32 00 6D 5F 50 72 6F 62 6C 65 6D 73 32  lem2.m_Problems2
000129A0   00 67 65 74 5F 49 73 4D 61 6A 6F 72 00 67 65 74  .get_IsMajor.get
000129B0   5F 49 73 46 61 74 61 6C 00 47 65 74 56 61 6C 75  _IsFatal.GetValu
000129C0   65 73 00 43 6F 6E 76 65 72 74 00 54 6F 55 49 6E  es.Convert.ToUIn
000129D0   74 36 34 00 42 69 6E 64 65 72 00 50 61 72 61 6D  t64.Binder.Param
000129E0   65 74 65 72 4D 6F 64 69 66 69 65 72 00 67 65 74  eterModifier.get
000129F0   5F 43 68 61 72 73 00 53 79 73 74 65 6D 2E 47 6C  _Chars.System.Gl
00012A00   6F 62 61 6C 69 7A 61 74 69 6F 6E 00 43 75 6C 74  obalization.Cult
00012A10   75 72 65 49 6E 66 6F 00 67 65 74 5F 49 6E 76 61  ureInfo.get_Inva
00012A20   72 69 61 6E 74 43 75 6C 74 75 72 65 00 49 46 6F  riantCulture.IFo
00012A30   72 6D 61 74 50 72 6F 76 69 64 65 72 00 53 79 73  rmatProvider.Sys
00012A40   74 65 6D 2E 54 65 78 74 2E 52 65 67 75 6C 61 72  tem.Text.Regular
00012A50   45 78 70 72 65 73 73 69 6F 6E 73 00 52 65 67 65  Expressions.Rege
00012A60   78 00 4D 61 74 63 68 00 47 72 6F 75 70 00 67 65  x.Match.Group.ge
00012A70   74 5F 53 75 63 63 65 73 73 00 47 72 6F 75 70 43  t_Success.GroupC
00012A80   6F 6C 6C 65 63 74 69 6F 6E 00 67 65 74 5F 47 72  ollection.get_Gr
00012A90   6F 75 70 73 00 43 61 70 74 75 72 65 00 52 65 67  oups.Capture.Reg
00012AA0   65 78 4F 70 74 69 6F 6E 73 00 4E 75 6D 62 65 72  exOptions.Number
00012AB0   53 74 79 6C 65 73 00 43 72 65 61 74 65 4E 6F 64  Styles.CreateNod
00012AC0   65 00 67 65 74 5F 6E 6F 72 6D 61 6C 69 7A 65 64  e.get_normalized
00012AD0   00 6F 70 5F 55 6E 61 72 79 4E 65 67 61 74 69 6F  .op_UnaryNegatio
00012AE0   6E 00 43 72 65 61 74 65 53 65 67 6D 65 6E 74 00  n.CreateSegment.
00012AF0   53 65 74 53 65 67 6D 65 6E 74 4E 61 6D 65 49 6D  SetSegmentNameIm
00012B00   70 6C 00 67 65 74 5F 69 73 53 61 76 69 6E 67 00  pl.get_isSaving.
00012B10   53 61 76 65 47 61 6D 65 00 46 69 6C 65 49 6E 66  SaveGame.FileInf
00012B20   6F 00 3C 4C 69 73 74 53 61 76 65 73 3E 62 5F 5F  o.<ListSaves>b__
00012B30   30 00 43 6F 6D 70 61 72 69 73 6F 6E 60 31 00 43  0.Comparison`1.C
00012B40   53 24 3C 3E 39 5F 5F 43 61 63 68 65 64 41 6E 6F  S$<>9__CachedAno
00012B50   6E 79 6D 6F 75 73 4D 65 74 68 6F 64 44 65 6C 65  nymousMethodDele
00012B60   67 61 74 65 31 00 46 69 6C 65 53 79 73 74 65 6D  gate1.FileSystem
00012B70   49 6E 66 6F 00 67 65 74 5F 4C 61 73 74 57 72 69  Info.get_LastWri
00012B80   74 65 54 69 6D 65 55 74 63 00 43 6F 6D 70 61 72  teTimeUtc.Compar
00012B90   65 54 6F 00 44 69 72 65 63 74 6F 72 79 00 45 78  eTo.Directory.Ex
00012BA0   69 73 74 73 00 44 69 72 65 63 74 6F 72 79 49 6E  ists.DirectoryIn
00012BB0   66 6F 00 47 65 74 46 69 6C 65 73 00 53 6F 72 74  fo.GetFiles.Sort
00012BC0   00 47 65 74 46 69 6C 65 4E 61 6D 65 57 69 74 68  .GetFileNameWith
00012BD0   6F 75 74 45 78 74 65 6E 73 69 6F 6E 00 67 65 74  outExtension.get
00012BE0   5F 46 75 6C 6C 4E 61 6D 65 00 49 6E 74 36 34 00  _FullName.Int64.
00012BF0   46 69 6E 64 4F 62 6A 65 63 74 4F 66 54 79 70 65  FindObjectOfType
00012C00   00 52 65 73 6F 75 72 63 65 73 00 46 69 6E 64 4F  .Resources.FindO
00012C10   62 6A 65 63 74 73 4F 66 54 79 70 65 41 6C 6C 00  bjectsOfTypeAll.
00012C20   43 6F 6D 62 69 6E 65 00 45 6E 76 69 72 6F 6E 6D  Combine.Environm
00012C30   65 6E 74 00 53 70 65 63 69 61 6C 46 6F 6C 64 65  ent.SpecialFolde
00012C40   72 00 47 65 74 46 6F 6C 64 65 72 50 61 74 68 00  r.GetFolderPath.
00012C50   54 6F 43 68 61 72 41 72 72 61 79 00 49 73 4C 65  ToCharArray.IsLe
00012C60   74 74 65 72 4F 72 44 69 67 69 74 00 73 65 74 5F  tterOrDigit.set_
00012C70   46 6F 72 63 65 64 53 69 6D 75 6C 61 74 69 6F 6E  ForcedSimulation
00012C80   50 61 75 73 65 64 00 73 65 74 5F 53 65 6C 65 63  Paused.set_Selec
00012C90   74 65 64 53 69 6D 75 6C 61 74 69 6F 6E 53 70 65  tedSimulationSpe
00012CA0   65 64 00 73 65 74 5F 53 69 6D 75 6C 61 74 69 6F  ed.set_Simulatio
00012CB0   6E 50 61 75 73 65 64 00 52 65 66 72 65 73 68 5A  nPaused.RefreshZ
00012CC0   6F 6E 69 6E 67 00 55 70 64 61 74 65 42 6C 6F 63  oning.UpdateBloc
00012CD0   6B 00 67 65 74 5F 52 6F 77 43 6F 75 6E 74 00 00  k.get_RowCount..
00012CE0   00 41 41 00 50 00 49 00 20 00 72 00 65 00 61 00  .AA.P.I. .r.e.a.
00012CF0   64 00 79 00 3A 00 20 00 53 00 6B 00 79 00 6C 00  d.y.:. .S.k.y.l.
00012D00   69 00 6E 00 65 00 73 00 20 00 41 00 67 00 65 00  i.n.e.s. .A.g.e.
00012D10   6E 00 74 00 20 00 42 00 72 00 69 00 64 00 67 00  n.t. .B.r.i.d.g.
00012D20   65 00 00 71 5B 00 53 00 6B 00 79 00 6C 00 69 00  e..q[.S.k.y.l.i.
00012D30   6E 00 65 00 73 00 41 00 67 00 65 00 6E 00 74 00  n.e.s.A.g.e.n.t.
00012D40   42 00 72 00 69 00 64 00 67 00 65 00 5D 00 20 00  B.r.i.d.g.e.]. .
00012D50   4C 00 65 00 76 00 65 00 6C 00 20 00 6C 00 6F 00  L.e.v.e.l. .l.o.
00012D60   61 00 64 00 65 00 64 00 2E 00 20 00 41 00 50 00  a.d.e.d... .A.P.
00012D70   49 00 20 00 62 00 72 00 69 00 64 00 67 00 65 00  I. .b.r.i.d.g.e.
00012D80   20 00 69 00 73 00 20 00 72 00 65 00 61 00 64 00   .i.s. .r.e.a.d.
00012D90   79 00 2E 00 00 80 89 5B 00 53 00 6B 00 79 00 6C  y....[.S.k.y.l
00012DA0   00 69 00 6E 00 65 00 73 00 41 00 67 00 65 00 6E  .i.n.e.s.A.g.e.n
00012DB0   00 74 00 42 00 72 00 69 00 64 00 67 00 65 00 5D  .t.B.r.i.d.g.e.]
00012DC0   00 20 00 4C 00 65 00 76 00 65 00 6C 00 20 00 75  . .L.e.v.e.l. .u
00012DD0   00 6E 00 6C 00 6F 00 61 00 64 00 69 00 6E 00 67  .n.l.o.a.d.i.n.g
00012DE0   00 2E 00 20 00 50 00 65 00 6E 00 64 00 69 00 6E  ... .P.e.n.d.i.n
00012DF0   00 67 00 20 00 41 00 50 00 49 00 20 00 63 00 6F  .g. .A.P.I. .c.o
00012E00   00 6D 00 6D 00 61 00 6E 00 64 00 73 00 20 00 63  .m.m.a.n.d.s. .c
00012E10   00 6C 00 65 00 61 00 72 00 65 00 64 00 2E 00 00  .l.e.a.r.e.d....
00012E20   2B 53 00 6B 00 79 00 6C 00 69 00 6E 00 65 00 73  +S.k.y.l.i.n.e.s
00012E30   00 20 00 41 00 67 00 65 00 6E 00 74 00 20 00 42  . .A.g.e.n.t. .B
00012E40   00 72 00 69 00 64 00 67 00 65 00 00 80 99 4C 00  .r.i.d.g.e..L.
00012E50   6F 00 63 00 61 00 6C 00 68 00 6F 00 73 00 74 00  o.c.a.l.h.o.s.t.
00012E60   20 00 41 00 50 00 49 00 20 00 62 00 72 00 69 00   .A.P.I. .b.r.i.
00012E70   64 00 67 00 65 00 20 00 66 00 6F 00 72 00 20 00  d.g.e. .f.o.r. .
00012E80   41 00 49 00 20 00 61 00 67 00 65 00 6E 00 74 00  A.I. .a.g.e.n.t.
00012E90   73 00 20 00 74 00 6F 00 20 00 69 00 6E 00 73 00  s. .t.o. .i.n.s.
00012EA0   70 00 65 00 63 00 74 00 20 00 61 00 6E 00 64 00  p.e.c.t. .a.n.d.
00012EB0   20 00 62 00 75 00 69 00 6C 00 64 00 20 00 69 00   .b.u.i.l.d. .i.
00012EC0   6E 00 20 00 43 00 69 00 74 00 69 00 65 00 73 00  n. .C.i.t.i.e.s.
00012ED0   3A 00 20 00 53 00 6B 00 79 00 6C 00 69 00 6E 00  :. .S.k.y.l.i.n.
00012EE0   65 00 73 00 2E 00 00 11 48 00 48 00 3A 00 6D 00  e.s.....H.H.:.m.
00012EF0   6D 00 3A 00 73 00 73 00 00 37 53 00 6B 00 79 00  m.:.s.s..7S.k.y.
00012F00   6C 00 69 00 6E 00 65 00 73 00 41 00 67 00 65 00  l.i.n.e.s.A.g.e.
00012F10   6E 00 74 00 42 00 72 00 69 00 64 00 67 00 65 00  n.t.B.r.i.d.g.e.
00012F20   4E 00 6F 00 74 00 69 00 66 00 69 00 65 00 72 00  N.o.t.i.f.i.e.r.
00012F30   00 15 4D 00 65 00 6E 00 75 00 50 00 61 00 6E 00  ..M.e.n.u.P.a.n.
00012F40   65 00 6C 00 32 00 00 41 53 00 6B 00 79 00 6C 00  e.l.2..AS.k.y.l.
00012F50   69 00 6E 00 65 00 73 00 41 00 67 00 65 00 6E 00  i.n.e.s.A.g.e.n.
00012F60   74 00 42 00 72 00 69 00 64 00 67 00 65 00 4E 00  t.B.r.i.d.g.e.N.
00012F70   6F 00 74 00 69 00 66 00 69 00 65 00 72 00 54 00  o.t.i.f.i.e.r.T.
00012F80   69 00 74 00 6C 00 65 00 00 43 53 00 6B 00 79 00  i.t.l.e..CS.k.y.
00012F90   6C 00 69 00 6E 00 65 00 73 00 20 00 41 00 67 00  l.i.n.e.s. .A.g.
00012FA0   65 00 6E 00 74 00 20 00 42 00 72 00 69 00 64 00  e.n.t. .B.r.i.d.
00012FB0   67 00 65 00 20 00 41 00 50 00 49 00 20 00 43 00  g.e. .A.P.I. .C.
00012FC0   6F 00 6E 00 73 00 6F 00 6C 00 65 00 00 47 53 00  o.n.s.o.l.e..GS.
00012FD0   6B 00 79 00 6C 00 69 00 6E 00 65 00 73 00 41 00  k.y.l.i.n.e.s.A.
00012FE0   67 00 65 00 6E 00 74 00 42 00 72 00 69 00 64 00  g.e.n.t.B.r.i.d.
00012FF0   67 00 65 00 4E 00 6F 00 74 00 69 00 66 00 69 00  g.e.N.o.t.i.f.i.
00013000   65 00 72 00 4D 00 69 00 6E 00 69 00 6D 00 69 00  e.r.M.i.n.i.m.i.
00013010   7A 00 65 00 00 03 5F 00 00 41 53 00 6B 00 79 00  z.e..._..AS.k.y.
00013020   6C 00 69 00 6E 00 65 00 73 00 41 00 67 00 65 00  l.i.n.e.s.A.g.e.
00013030   6E 00 74 00 42 00 72 00 69 00 64 00 67 00 65 00  n.t.B.r.i.d.g.e.
00013040   4E 00 6F 00 74 00 69 00 66 00 69 00 65 00 72 00  N.o.t.i.f.i.e.r.
00013050   43 00 6C 00 65 00 61 00 72 00 00 07 43 00 4C 00  C.l.e.a.r...C.L.
00013060   52 00 00 41 53 00 6B 00 79 00 6C 00 69 00 6E 00  R..AS.k.y.l.i.n.
00013070   65 00 73 00 41 00 67 00 65 00 6E 00 74 00 42 00  e.s.A.g.e.n.t.B.
00013080   72 00 69 00 64 00 67 00 65 00 4E 00 6F 00 74 00  r.i.d.g.e.N.o.t.
00013090   69 00 66 00 69 00 65 00 72 00 4C 00 61 00 62 00  i.f.i.e.r.L.a.b.
000130A0   65 00 6C 00 00 15 42 00 75 00 74 00 74 00 6F 00  e.l...B.u.t.t.o.
000130B0   6E 00 4D 00 65 00 6E 00 75 00 00 23 42 00 75 00  n.M.e.n.u..#B.u.
000130C0   74 00 74 00 6F 00 6E 00 4D 00 65 00 6E 00 75 00  t.t.o.n.M.e.n.u.
000130D0   48 00 6F 00 76 00 65 00 72 00 65 00 64 00 00 23  H.o.v.e.r.e.d..#
000130E0   42 00 75 00 74 00 74 00 6F 00 6E 00 4D 00 65 00  B.u.t.t.o.n.M.e.
000130F0   6E 00 75 00 50 00 72 00 65 00 73 00 73 00 65 00  n.u.P.r.e.s.s.e.
00013100   64 00 00 25 42 00 75 00 74 00 74 00 6F 00 6E 00  d..%B.u.t.t.o.n.
00013110   4D 00 65 00 6E 00 75 00 44 00 69 00 73 00 61 00  M.e.n.u.D.i.s.a.
00013120   62 00 6C 00 65 00 64 00 00 03 2B 00 00 47 53 00  b.l.e.d...+..GS.
00013130   6B 00 79 00 6C 00 69 00 6E 00 65 00 73 00 20 00  k.y.l.i.n.e.s. .
00013140   41 00 67 00 65 00 6E 00 74 00 20 00 42 00 72 00  A.g.e.n.t. .B.r.
00013150   69 00 64 00 67 00 65 00 20 00 41 00 50 00 49 00  i.d.g.e. .A.P.I.
00013160   20 00 43 00 6F 00 6E 00 73 00 6F 00 6C 00 65 00   .C.o.n.s.o.l.e.
00013170   20 00 28 00 00 03 29 00 00 13 2C 00 20 00 6C 00   .(...)...,. .l.
00013180   61 00 74 00 65 00 73 00 74 00 29 00 00 23 4E 00  a.t.e.s.t.)..#N.
00013190   6F 00 20 00 41 00 50 00 49 00 20 00 63 00 61 00  o. .A.P.I. .c.a.
000131A0   6C 00 6C 00 73 00 20 00 79 00 65 00 74 00 2E 00  l.l.s. .y.e.t...
000131B0   00 01 00 03 0A 00 00 03 5B 00 00 05 5D 00 20 00  ........[...]. .
000131C0   00 07 2E 00 2E 00 2E 00 00 33 53 00 6B 00 79 00  .........3S.k.y.
000131D0   6C 00 69 00 6E 00 65 00 73 00 20 00 41 00 67 00  l.i.n.e.s. .A.g.
000131E0   65 00 6E 00 74 00 20 00 42 00 72 00 69 00 64 00  e.n.t. .B.r.i.d.
000131F0   67 00 65 00 20 00 41 00 50 00 49 00 00 7F 5B 00  g.e. .A.P.I..[.
00013200   53 00 6B 00 79 00 6C 00 69 00 6E 00 65 00 73 00  S.k.y.l.i.n.e.s.
00013210   41 00 67 00 65 00 6E 00 74 00 42 00 72 00 69 00  A.g.e.n.t.B.r.i.
00013220   64 00 67 00 65 00 5D 00 20 00 41 00 50 00 49 00  d.g.e.]. .A.P.I.
00013230   20 00 73 00 65 00 72 00 76 00 65 00 72 00 20 00   .s.e.r.v.e.r. .
00013240   6C 00 69 00 73 00 74 00 65 00 6E 00 69 00 6E 00  l.i.s.t.e.n.i.n.
00013250   67 00 20 00 6F 00 6E 00 20 00 68 00 74 00 74 00  g. .o.n. .h.t.t.
00013260   70 00 3A 00 2F 00 2F 00 31 00 32 00 37 00 2E 00  p.:././.1.2.7...
00013270   30 00 2E 00 30 00 2E 00 31 00 3A 00 00 53 5B 00  0...0...1.:..S[.
00013280   53 00 6B 00 79 00 6C 00 69 00 6E 00 65 00 73 00  S.k.y.l.i.n.e.s.
00013290   41 00 67 00 65 00 6E 00 74 00 42 00 72 00 69 00  A.g.e.n.t.B.r.i.
000132A0   64 00 67 00 65 00 5D 00 20 00 41 00 50 00 49 00  d.g.e.]. .A.P.I.
000132B0   20 00 61 00 63 00 63 00 65 00 70 00 74 00 20 00   .a.c.c.e.p.t. .
000132C0   66 00 61 00 69 00 6C 00 65 00 64 00 3A 00 20 00  f.a.i.l.e.d.:. .
000132D0   00 2B 7B 00 22 00 6F 00 6B 00 22 00 3A 00 66 00  .+{.".o.k.".:.f.
000132E0   61 00 6C 00 73 00 65 00 2C 00 22 00 65 00 72 00  a.l.s.e.,.".e.r.
000132F0   72 00 6F 00 72 00 22 00 3A 00 22 00 00 05 22 00  r.o.r.".:."...".
00013300   7D 00 00 0F 4F 00 50 00 54 00 49 00 4F 00 4E 00  }...O.P.T.I.O.N.
00013310   53 00 00 17 7B 00 22 00 6F 00 6B 00 22 00 3A 00  S...{.".o.k.".:.
00013320   74 00 72 00 75 00 65 00 7D 00 00 07 47 00 45 00  t.r.u.e.}...G.E.
00013330   54 00 00 0F 2F 00 68 00 65 00 61 00 6C 00 74 00  T.../.h.e.a.l.t.
00013340   68 00 00 6F 7B 00 22 00 6F 00 6B 00 22 00 3A 00  h..o{.".o.k.".:.
00013350   74 00 72 00 75 00 65 00 2C 00 22 00 6D 00 6F 00  t.r.u.e.,.".m.o.
00013360   64 00 22 00 3A 00 22 00 53 00 6B 00 79 00 6C 00  d.".:.".S.k.y.l.
00013370   69 00 6E 00 65 00 73 00 20 00 41 00 67 00 65 00  i.n.e.s. .A.g.e.
00013380   6E 00 74 00 20 00 42 00 72 00 69 00 64 00 67 00  n.t. .B.r.i.d.g.
00013390   65 00 22 00 2C 00 22 00 6C 00 65 00 76 00 65 00  e.".,.".l.e.v.e.
000133A0   6C 00 4C 00 6F 00 61 00 64 00 65 00 64 00 22 00  l.L.o.a.d.e.d.".
000133B0   3A 00 00 11 2C 00 22 00 70 00 6F 00 72 00 74 00  :...,.".p.o.r.t.
000133C0   22 00 3A 00 00 03 7D 00 00 1D 2F 00 73 00 74 00  ".:...}.../.s.t.
000133D0   61 00 74 00 65 00 2F 00 73 00 75 00 6D 00 6D 00  a.t.e./.s.u.m.m.
000133E0   61 00 72 00 79 00 00 1F 2F 00 73 00 74 00 61 00  a.r.y.../.s.t.a.
000133F0   74 00 65 00 2F 00 70 00 72 00 6F 00 62 00 6C 00  t.e./.p.r.o.b.l.
00013400   65 00 6D 00 73 00 00 0B 6C 00 69 00 6D 00 69 00  e.m.s...l.i.m.i.
00013410   74 00 00 1B 2F 00 73 00 74 00 61 00 74 00 65 00  t.../.s.t.a.t.e.
00013420   2F 00 64 00 65 00 6D 00 61 00 6E 00 64 00 00 1B  /.d.e.m.a.n.d...
00013430   2F 00 73 00 74 00 61 00 74 00 65 00 2F 00 63 00  /.s.t.a.t.e./.c.
00013440   68 00 69 00 72 00 70 00 73 00 00 19 2F 00 73 00  h.i.r.p.s.../.s.
00013450   74 00 61 00 74 00 65 00 2F 00 7A 00 6F 00 6E 00  t.a.t.e./.z.o.n.
00013460   65 00 73 00 00 1D 2F 00 73 00 74 00 61 00 74 00  e.s.../.s.t.a.t.
00013470   65 00 2F 00 65 00 63 00 6F 00 6E 00 6F 00 6D 00  e./.e.c.o.n.o.m.
00013480   79 00 00 23 2F 00 73 00 74 00 61 00 74 00 65 00  y..#/.s.t.a.t.e.
00013490   2F 00 66 00 61 00 63 00 69 00 6C 00 69 00 74 00  /.f.a.c.i.l.i.t.
000134A0   69 00 65 00 73 00 00 0F 73 00 65 00 72 00 76 00  i.e.s...s.e.r.v.
000134B0   69 00 63 00 65 00 00 23 69 00 6E 00 63 00 6C 00  i.c.e..#i.n.c.l.
000134C0   75 00 64 00 65 00 4D 00 61 00 70 00 4F 00 62 00  u.d.e.M.a.p.O.b.
000134D0   6A 00 65 00 63 00 74 00 73 00 00 0B 66 00 61 00  j.e.c.t.s...f.a.
000134E0   6C 00 73 00 65 00 00 09 74 00 72 00 75 00 65 00  l.s.e...t.r.u.e.
000134F0   00 21 2F 00 73 00 74 00 61 00 74 00 65 00 2F 00  .!/.s.t.a.t.e./.
00013500   67 00 72 00 6F 00 77 00 61 00 62 00 6C 00 65 00  g.r.o.w.a.b.l.e.
00013510   73 00 00 1F 2F 00 73 00 74 00 61 00 74 00 65 00  s.../.s.t.a.t.e.
00013520   2F 00 6E 00 65 00 74 00 77 00 6F 00 72 00 6B 00  /.n.e.t.w.o.r.k.
00013530   73 00 00 2B 2F 00 73 00 74 00 61 00 74 00 65 00  s..+/.s.t.a.t.e.
00013540   2F 00 72 00 6F 00 61 00 64 00 2D 00 61 00 6E 00  /.r.o.a.d.-.a.n.
00013550   6F 00 6D 00 61 00 6C 00 69 00 65 00 73 00 01 21  o.m.a.l.i.e.s..!
00013560   6E 00 65 00 61 00 72 00 4D 00 69 00 73 00 73 00  n.e.a.r.M.i.s.s.
00013570   44 00 69 00 73 00 74 00 61 00 6E 00 63 00 65 00  D.i.s.t.a.n.c.e.
00013580   00 25 73 00 68 00 6F 00 72 00 74 00 53 00 65 00  .%s.h.o.r.t.S.e.
00013590   67 00 6D 00 65 00 6E 00 74 00 4C 00 65 00 6E 00  g.m.e.n.t.L.e.n.
000135A0   67 00 74 00 68 00 00 1F 69 00 6E 00 63 00 6C 00  g.t.h...i.n.c.l.
000135B0   75 00 64 00 65 00 44 00 65 00 61 00 64 00 45 00  u.d.e.D.e.a.d.E.
000135C0   6E 00 64 00 73 00 00 37 2F 00 73 00 74 00 61 00  n.d.s..7/.s.t.a.
000135D0   74 00 65 00 2F 00 65 00 78 00 74 00 65 00 72 00  t.e./.e.x.t.e.r.
000135E0   6E 00 61 00 6C 00 2D 00 63 00 6F 00 6E 00 6E 00  n.a.l.-.c.o.n.n.
000135F0   65 00 63 00 74 00 69 00 6F 00 6E 00 73 00 01 33  e.c.t.i.o.n.s..3
00013600   2F 00 73 00 74 00 61 00 74 00 65 00 2F 00 62 00  /.s.t.a.t.e./.b.
00013610   75 00 69 00 6C 00 64 00 69 00 6E 00 67 00 2D 00  u.i.l.d.i.n.g.-.
00013620   61 00 6E 00 6F 00 6D 00 61 00 6C 00 69 00 65 00  a.n.o.m.a.l.i.e.
00013630   73 00 01 2B 2F 00 73 00 74 00 61 00 74 00 65 00  s..+/.s.t.a.t.e.
00013640   2F 00 7A 00 6F 00 6E 00 65 00 2D 00 61 00 6E 00  /.z.o.n.e.-.a.n.
00013650   6F 00 6D 00 61 00 6C 00 69 00 65 00 73 00 01 21  o.m.a.l.i.e.s..!
00013660   6D 00 69 00 6E 00 4D 00 69 00 6E 00 6F 00 72 00  m.i.n.M.i.n.o.r.
00013670   69 00 74 00 79 00 43 00 65 00 6C 00 6C 00 73 00  i.t.y.C.e.l.l.s.
00013680   00 1F 6D 00 69 00 6E 00 55 00 6E 00 7A 00 6F 00  ..m.i.n.U.n.z.o.
00013690   6E 00 65 00 64 00 43 00 65 00 6C 00 6C 00 73 00  n.e.d.C.e.l.l.s.
000136A0   00 27 69 00 6E 00 63 00 6C 00 75 00 64 00 65 00  .'i.n.c.l.u.d.e.
000136B0   55 00 6E 00 7A 00 6F 00 6E 00 65 00 64 00 48 00  U.n.z.o.n.e.d.H.
000136C0   6F 00 6C 00 65 00 73 00 00 19 2F 00 73 00 74 00  o.l.e.s.../.s.t.
000136D0   61 00 74 00 65 00 2F 00 73 00 61 00 76 00 65 00  a.t.e./.s.a.v.e.
000136E0   73 00 00 1D 2F 00 70 00 72 00 65 00 66 00 61 00  s.../.p.r.e.f.a.
000136F0   62 00 73 00 2F 00 72 00 6F 00 61 00 64 00 73 00  b.s./.r.o.a.d.s.
00013700   00 23 2F 00 70 00 72 00 65 00 66 00 61 00 62 00  .#/.p.r.e.f.a.b.
00013710   73 00 2F 00 6E 00 65 00 74 00 77 00 6F 00 72 00  s./.n.e.t.w.o.r.
00013720   6B 00 73 00 00 25 2F 00 70 00 72 00 65 00 66 00  k.s..%/.p.r.e.f.
00013730   61 00 62 00 73 00 2F 00 62 00 75 00 69 00 6C 00  a.b.s./.b.u.i.l.
00013740   64 00 69 00 6E 00 67 00 73 00 00 09 50 00 4F 00  d.i.n.g.s...P.O.
00013750   53 00 54 00 00 29 2F 00 63 00 6F 00 6D 00 6D 00  S.T..)/.c.o.m.m.
00013760   61 00 6E 00 64 00 73 00 2F 00 62 00 75 00 69 00  a.n.d.s./.b.u.i.
00013770   6C 00 64 00 2D 00 72 00 6F 00 61 00 64 00 01 2F  l.d.-.r.o.a.d../
00013780   2F 00 63 00 6F 00 6D 00 6D 00 61 00 6E 00 64 00  /.c.o.m.m.a.n.d.
00013790   73 00 2F 00 62 00 75 00 69 00 6C 00 64 00 2D 00  s./.b.u.i.l.d.-.
000137A0   6E 00 65 00 74 00 77 00 6F 00 72 00 6B 00 01 25  n.e.t.w.o.r.k..%
000137B0   2F 00 63 00 6F 00 6D 00 6D 00 61 00 6E 00 64 00  /.c.o.m.m.a.n.d.
000137C0   73 00 2F 00 73 00 65 00 74 00 2D 00 7A 00 6F 00  s./.s.e.t.-.z.o.
000137D0   6E 00 65 00 01 47 2F 00 63 00 6F 00 6D 00 6D 00  n.e..G/.c.o.m.m.
000137E0   61 00 6E 00 64 00 73 00 2F 00 72 00 65 00 70 00  a.n.d.s./.r.e.p.
000137F0   61 00 69 00 72 00 2D 00 7A 00 6F 00 6E 00 65 00  a.i.r.-.z.o.n.e.
00013800   73 00 2D 00 74 00 6F 00 2D 00 67 00 72 00 6F 00  s.-.t.o.-.g.r.o.
00013810   77 00 61 00 62 00 6C 00 65 00 73 00 01 3D 2F 00  w.a.b.l.e.s..=/.
00013820   63 00 6F 00 6D 00 6D 00 61 00 6E 00 64 00 73 00  c.o.m.m.a.n.d.s.
00013830   2F 00 72 00 65 00 70 00 61 00 69 00 72 00 2D 00  /.r.e.p.a.i.r.-.
00013840   7A 00 6F 00 6E 00 65 00 2D 00 63 00 6C 00 75 00  z.o.n.e.-.c.l.u.
00013850   73 00 74 00 65 00 72 00 73 00 01 31 2F 00 63 00  s.t.e.r.s..1/.c.
00013860   6F 00 6D 00 6D 00 61 00 6E 00 64 00 73 00 2F 00  o.m.m.a.n.d.s./.
00013870   70 00 6C 00 61 00 63 00 65 00 2D 00 62 00 75 00  p.l.a.c.e.-.b.u.
00013880   69 00 6C 00 64 00 69 00 6E 00 67 00 01 2F 2F 00  i.l.d.i.n.g..//.
00013890   63 00 6F 00 6D 00 6D 00 61 00 6E 00 64 00 73 00  c.o.m.m.a.n.d.s.
000138A0   2F 00 6D 00 6F 00 76 00 65 00 2D 00 62 00 75 00  /.m.o.v.e.-.b.u.
000138B0   69 00 6C 00 64 00 69 00 6E 00 67 00 01 3B 2F 00  i.l.d.i.n.g..;/.
000138C0   63 00 6F 00 6D 00 6D 00 61 00 6E 00 64 00 73 00  c.o.m.m.a.n.d.s.
000138D0   2F 00 73 00 65 00 74 00 2D 00 62 00 75 00 69 00  /.s.e.t.-.b.u.i.
000138E0   6C 00 64 00 69 00 6E 00 67 00 2D 00 61 00 63 00  l.d.i.n.g.-.a.c.
000138F0   74 00 69 00 76 00 65 00 01 41 2F 00 63 00 6F 00  t.i.v.e..A/.c.o.
00013900   6D 00 6D 00 61 00 6E 00 64 00 73 00 2F 00 64 00  m.m.a.n.d.s./.d.
00013910   69 00 73 00 61 00 62 00 6C 00 65 00 2D 00 62 00  i.s.a.b.l.e.-.b.
00013920   6C 00 6F 00 63 00 6B 00 65 00 64 00 2D 00 61 00  l.o.c.k.e.d.-.a.
00013930   73 00 73 00 65 00 74 00 73 00 01 3D 2F 00 63 00  s.s.e.t.s..=/.c.
00013940   6F 00 6D 00 6D 00 61 00 6E 00 64 00 73 00 2F 00  o.m.m.a.n.d.s./.
00013950   73 00 65 00 74 00 2D 00 73 00 69 00 6D 00 75 00  s.e.t.-.s.i.m.u.
00013960   6C 00 61 00 74 00 69 00 6F 00 6E 00 2D 00 73 00  l.a.t.i.o.n.-.s.
00013970   70 00 65 00 65 00 64 00 01 2D 2F 00 63 00 6F 00  p.e.e.d..-/.c.o.
00013980   6D 00 6D 00 61 00 6E 00 64 00 73 00 2F 00 73 00  m.m.a.n.d.s./.s.
00013990   65 00 74 00 2D 00 74 00 61 00 78 00 2D 00 72 00  e.t.-.t.a.x.-.r.
000139A0   61 00 74 00 65 00 01 25 2F 00 63 00 6F 00 6D 00  a.t.e..%/.c.o.m.
000139B0   6D 00 61 00 6E 00 64 00 73 00 2F 00 62 00 75 00  m.a.n.d.s./.b.u.
000139C0   6C 00 6C 00 64 00 6F 00 7A 00 65 00 00 1D 2F 00  l.l.d.o.z.e.../.
000139D0   63 00 6F 00 6D 00 6D 00 61 00 6E 00 64 00 73 00  c.o.m.m.a.n.d.s.
000139E0   2F 00 73 00 61 00 76 00 65 00 00 1F 2F 00 63 00  /.s.a.v.e.../.c.
000139F0   6F 00 6D 00 6D 00 61 00 6E 00 64 00 73 00 2F 00  o.m.m.a.n.d.s./.
00013A00   62 00 61 00 74 00 63 00 68 00 00 41 7B 00 22 00  b.a.t.c.h..A{.".
00013A10   6F 00 6B 00 22 00 3A 00 66 00 61 00 6C 00 73 00  o.k.".:.f.a.l.s.
00013A20   65 00 2C 00 22 00 65 00 72 00 72 00 6F 00 72 00  e.,.".e.r.r.o.r.
00013A30   22 00 3A 00 22 00 4E 00 6F 00 74 00 20 00 66 00  ".:.".N.o.t. .f.
00013A40   6F 00 75 00 6E 00 64 00 22 00 7D 00 00 15 41 00  o.u.n.d.".}...A.
00013A50   50 00 49 00 20 00 46 00 41 00 49 00 4C 00 3A 00  P.I. .F.A.I.L.:.
00013A60   20 00 00 11 41 00 50 00 49 00 20 00 4F 00 4B 00   ...A.P.I. .O.K.
00013A70   3A 00 20 00 00 53 7B 00 22 00 6F 00 6B 00 22 00  :. ..S{.".o.k.".
00013A80   3A 00 66 00 61 00 6C 00 73 00 65 00 2C 00 22 00  :.f.a.l.s.e.,.".
00013A90   65 00 72 00 72 00 6F 00 72 00 22 00 3A 00 22 00  e.r.r.o.r.".:.".
00013AA0   4E 00 6F 00 20 00 63 00 69 00 74 00 79 00 20 00  N.o. .c.i.t.y. .
00013AB0   69 00 73 00 20 00 6C 00 6F 00 61 00 64 00 65 00  i.s. .l.o.a.d.e.
00013AC0   64 00 2E 00 22 00 7D 00 00 23 52 00 65 00 61 00  d...".}..#R.e.a.
00013AD0   64 00 20 00 63 00 69 00 74 00 79 00 20 00 73 00  d. .c.i.t.y. .s.
00013AE0   75 00 6D 00 6D 00 61 00 72 00 79 00 00 25 52 00  u.m.m.a.r.y..%R.
00013AF0   65 00 61 00 64 00 20 00 63 00 69 00 74 00 79 00  e.a.d. .c.i.t.y.
00013B00   20 00 70 00 72 00 6F 00 62 00 6C 00 65 00 6D 00   .p.r.o.b.l.e.m.
00013B10   73 00 00 21 52 00 65 00 61 00 64 00 20 00 7A 00  s..!R.e.a.d. .z.
00013B20   6F 00 6E 00 65 00 20 00 64 00 65 00 6D 00 61 00  o.n.e. .d.e.m.a.
00013B30   6E 00 64 00 00 27 52 00 65 00 61 00 64 00 20 00  n.d..'R.e.a.d. .
00013B40   63 00 69 00 74 00 69 00 7A 00 65 00 6E 00 20 00  c.i.t.i.z.e.n. .
00013B50   63 00 68 00 69 00 72 00 70 00 73 00 00 27 52 00  c.h.i.r.p.s..'R.
00013B60   65 00 61 00 64 00 20 00 7A 00 6F 00 6E 00 69 00  e.a.d. .z.o.n.i.
00013B70   6E 00 67 00 20 00 73 00 75 00 6D 00 6D 00 61 00  n.g. .s.u.m.m.a.
00013B80   72 00 79 00 00 25 52 00 65 00 61 00 64 00 20 00  r.y..%R.e.a.d. .
00013B90   65 00 63 00 6F 00 6E 00 6F 00 6D 00 79 00 20 00  e.c.o.n.o.m.y. .
00013BA0   73 00 74 00 61 00 74 00 65 00 00 1F 52 00 65 00  s.t.a.t.e...R.e.
00013BB0   61 00 64 00 20 00 66 00 61 00 63 00 69 00 6C 00  a.d. .f.a.c.i.l.
00013BC0   69 00 74 00 69 00 65 00 73 00 00 2F 52 00 65 00  i.t.i.e.s../R.e.
00013BD0   61 00 64 00 20 00 67 00 72 00 6F 00 77 00 61 00  a.d. .g.r.o.w.a.
00013BE0   62 00 6C 00 65 00 20 00 62 00 75 00 69 00 6C 00  b.l.e. .b.u.i.l.
00013BF0   64 00 69 00 6E 00 67 00 73 00 00 1B 52 00 65 00  d.i.n.g.s...R.e.
00013C00   61 00 64 00 20 00 6E 00 65 00 74 00 77 00 6F 00  a.d. .n.e.t.w.o.
00013C10   72 00 6B 00 73 00 00 2D 49 00 6E 00 73 00 70 00  r.k.s..-I.n.s.p.
00013C20   65 00 63 00 74 00 20 00 72 00 6F 00 61 00 64 00  e.c.t. .r.o.a.d.
00013C30   20 00 61 00 6E 00 6F 00 6D 00 61 00 6C 00 69 00   .a.n.o.m.a.l.i.
00013C40   65 00 73 00 00 39 49 00 6E 00 73 00 70 00 65 00  e.s..9I.n.s.p.e.
00013C50   63 00 74 00 20 00 65 00 78 00 74 00 65 00 72 00  c.t. .e.x.t.e.r.
00013C60   6E 00 61 00 6C 00 20 00 63 00 6F 00 6E 00 6E 00  n.a.l. .c.o.n.n.
00013C70   65 00 63 00 74 00 69 00 6F 00 6E 00 73 00 00 35  e.c.t.i.o.n.s..5
00013C80   49 00 6E 00 73 00 70 00 65 00 63 00 74 00 20 00  I.n.s.p.e.c.t. .
00013C90   62 00 75 00 69 00 6C 00 64 00 69 00 6E 00 67 00  b.u.i.l.d.i.n.g.
00013CA0   20 00 70 00 6C 00 61 00 63 00 65 00 6D 00 65 00   .p.l.a.c.e.m.e.
00013CB0   6E 00 74 00 00 31 49 00 6E 00 73 00 70 00 65 00  n.t..1I.n.s.p.e.
00013CC0   63 00 74 00 20 00 7A 00 6F 00 6E 00 69 00 6E 00  c.t. .z.o.n.i.n.
00013CD0   67 00 20 00 61 00 6E 00 6F 00 6D 00 61 00 6C 00  g. .a.n.o.m.a.l.
00013CE0   69 00 65 00 73 00 00 15 4C 00 69 00 73 00 74 00  i.e.s...L.i.s.t.
00013CF0   20 00 73 00 61 00 76 00 65 00 73 00 00 23 4C 00   .s.a.v.e.s..#L.
00013D00   69 00 73 00 74 00 20 00 72 00 6F 00 61 00 64 00  i.s.t. .r.o.a.d.
00013D10   20 00 70 00 72 00 65 00 66 00 61 00 62 00 73 00   .p.r.e.f.a.b.s.
00013D20   00 29 4C 00 69 00 73 00 74 00 20 00 6E 00 65 00  .)L.i.s.t. .n.e.
00013D30   74 00 77 00 6F 00 72 00 6B 00 20 00 70 00 72 00  t.w.o.r.k. .p.r.
00013D40   65 00 66 00 61 00 62 00 73 00 00 2B 4C 00 69 00  e.f.a.b.s..+L.i.
00013D50   73 00 74 00 20 00 62 00 75 00 69 00 6C 00 64 00  s.t. .b.u.i.l.d.
00013D60   69 00 6E 00 67 00 20 00 70 00 72 00 65 00 66 00  i.n.g. .p.r.e.f.
00013D70   61 00 62 00 73 00 00 09 47 00 45 00 54 00 20 00  a.b.s...G.E.T. .
00013D80   00 15 72 00 6F 00 61 00 64 00 50 00 72 00 65 00  ..r.o.a.d.P.r.e.
00013D90   66 00 61 00 62 00 00 0F 6E 00 65 00 74 00 77 00  f.a.b...n.e.t.w.
00013DA0   6F 00 72 00 6B 00 00 1D 42 00 75 00 69 00 6C 00  o.r.k...B.u.i.l.
00013DB0   64 00 20 00 6E 00 65 00 74 00 77 00 6F 00 72 00  d. .n.e.t.w.o.r.
00013DC0   6B 00 20 00 00 13 53 00 65 00 74 00 20 00 7A 00  k. ...S.e.t. .z.
00013DD0   6F 00 6E 00 65 00 20 00 00 09 7A 00 6F 00 6E 00  o.n.e. ...z.o.n.
00013DE0   65 00 00 33 52 00 65 00 70 00 61 00 69 00 72 00  e..3R.e.p.a.i.r.
00013DF0   20 00 7A 00 6F 00 6E 00 65 00 73 00 20 00 74 00   .z.o.n.e.s. .t.
00013E00   6F 00 20 00 67 00 72 00 6F 00 77 00 61 00 62 00  o. .g.r.o.w.a.b.
00013E10   6C 00 65 00 73 00 00 29 52 00 65 00 70 00 61 00  l.e.s..)R.e.p.a.
00013E20   69 00 72 00 20 00 7A 00 6F 00 6E 00 65 00 20 00  i.r. .z.o.n.e. .
00013E30   63 00 6C 00 75 00 73 00 74 00 65 00 72 00 73 00  c.l.u.s.t.e.r.s.
00013E40   00 1F 50 00 6C 00 61 00 63 00 65 00 20 00 62 00  ..P.l.a.c.e. .b.
00013E50   75 00 69 00 6C 00 64 00 69 00 6E 00 67 00 20 00  u.i.l.d.i.n.g. .
00013E60   00 1D 62 00 75 00 69 00 6C 00 64 00 69 00 6E 00  ..b.u.i.l.d.i.n.
00013E70   67 00 50 00 72 00 65 00 66 00 61 00 62 00 00 1F  g.P.r.e.f.a.b...
00013E80   4D 00 6F 00 76 00 65 00 20 00 62 00 75 00 69 00  M.o.v.e. .b.u.i.
00013E90   6C 00 64 00 69 00 6E 00 67 00 20 00 23 00 00 05  l.d.i.n.g. .#...
00013EA0   69 00 64 00 00 2B 53 00 65 00 74 00 20 00 62 00  i.d..+S.e.t. .b.
00013EB0   75 00 69 00 6C 00 64 00 69 00 6E 00 67 00 20 00  u.i.l.d.i.n.g. .
00013EC0   61 00 63 00 74 00 69 00 76 00 65 00 20 00 23 00  a.c.t.i.v.e. .#.
00013ED0   00 2D 44 00 69 00 73 00 61 00 62 00 6C 00 65 00  .-D.i.s.a.b.l.e.
00013EE0   20 00 62 00 6C 00 6F 00 63 00 6B 00 65 00 64 00   .b.l.o.c.k.e.d.
00013EF0   20 00 61 00 73 00 73 00 65 00 74 00 73 00 00 15   .a.s.s.e.t.s...
00013F00   65 00 6E 00 74 00 69 00 74 00 79 00 54 00 79 00  e.n.t.i.t.y.T.y.
00013F10   70 00 65 00 00 0D 65 00 6E 00 74 00 69 00 74 00  p.e...e.n.t.i.t.
00013F20   79 00 00 13 42 00 75 00 6C 00 6C 00 64 00 6F 00  y...B.u.l.l.d.o.
00013F30   7A 00 65 00 20 00 00 05 20 00 23 00 00 15 53 00  z.e. ... .#...S.
00013F40   61 00 76 00 65 00 20 00 63 00 69 00 74 00 79 00  a.v.e. .c.i.t.y.
00013F50   20 00 00 09 6E 00 61 00 6D 00 65 00 00 1B 41 00   ...n.a.m.e...A.
00013F60   67 00 65 00 6E 00 74 00 41 00 75 00 74 00 6F 00  g.e.n.t.A.u.t.o.
00013F70   53 00 61 00 76 00 65 00 00 0D 70 00 61 00 75 00  S.a.v.e...p.a.u.
00013F80   73 00 65 00 64 00 00 21 50 00 61 00 75 00 73 00  s.e.d..!P.a.u.s.
00013F90   65 00 20 00 73 00 69 00 6D 00 75 00 6C 00 61 00  e. .s.i.m.u.l.a.
00013FA0   74 00 69 00 6F 00 6E 00 00 2B 53 00 65 00 74 00  t.i.o.n..+S.e.t.
00013FB0   20 00 73 00 69 00 6D 00 75 00 6C 00 61 00 74 00   .s.i.m.u.l.a.t.
00013FC0   69 00 6F 00 6E 00 20 00 73 00 70 00 65 00 65 00  i.o.n. .s.p.e.e.
00013FD0   64 00 20 00 00 0B 73 00 70 00 65 00 65 00 64 00  d. ...s.p.e.e.d.
00013FE0   00 1B 53 00 65 00 74 00 20 00 74 00 61 00 78 00  ..S.e.t. .t.a.x.
00013FF0   20 00 72 00 61 00 74 00 65 00 20 00 00 09 72 00   .r.a.t.e. ...r.
00014000   61 00 74 00 65 00 00 25 52 00 75 00 6E 00 20 00  a.t.e..%R.u.n. .
00014010   62 00 61 00 74 00 63 00 68 00 20 00 63 00 6F 00  b.a.t.c.h. .c.o.
00014020   6D 00 6D 00 61 00 6E 00 64 00 73 00 00 03 20 00  m.m.a.n.d.s... .
00014030   00 3D 52 00 65 00 71 00 75 00 65 00 73 00 74 00  .=R.e.q.u.e.s.t.
00014040   20 00 68 00 65 00 61 00 64 00 65 00 72 00 73 00   .h.e.a.d.e.r.s.
00014050   20 00 61 00 72 00 65 00 20 00 74 00 6F 00 6F 00   .a.r.e. .t.o.o.
00014060   20 00 6C 00 61 00 72 00 67 00 65 00 2E 00 00 05   .l.a.r.g.e.....
00014070   0D 00 0A 00 00 1D 43 00 6F 00 6E 00 74 00 65 00  ......C.o.n.t.e.
00014080   6E 00 74 00 2D 00 4C 00 65 00 6E 00 67 00 74 00  n.t.-.L.e.n.g.t.
00014090   68 00 01 03 2F 00 00 13 48 00 54 00 54 00 50 00  h.../...H.T.T.P.
000140A0   2F 00 31 00 2E 00 31 00 20 00 00 80 83 0D 00 0A  /.1...1. .....
000140B0   00 43 00 6F 00 6E 00 74 00 65 00 6E 00 74 00 2D  .C.o.n.t.e.n.t.-
000140C0   00 54 00 79 00 70 00 65 00 3A 00 20 00 61 00 70  .T.y.p.e.:. .a.p
000140D0   00 70 00 6C 00 69 00 63 00 61 00 74 00 69 00 6F  .p.l.i.c.a.t.i.o
000140E0   00 6E 00 2F 00 6A 00 73 00 6F 00 6E 00 3B 00 20  .n./.j.s.o.n.;.
000140F0   00 63 00 68 00 61 00 72 00 73 00 65 00 74 00 3D  .c.h.a.r.s.e.t.=
00014100   00 75 00 74 00 66 00 2D 00 38 00 0D 00 0A 00 43  .u.t.f.-.8.....C
00014110   00 6F 00 6E 00 74 00 65 00 6E 00 74 00 2D 00 4C  .o.n.t.e.n.t.-.L
00014120   00 65 00 6E 00 67 00 74 00 68 00 3A 00 20 00 01  .e.n.g.t.h.:. ..
00014130   81 2B 0D 00 0A 00 41 00 63 00 63 00 65 00 73 00  +....A.c.c.e.s.
00014140   73 00 2D 00 43 00 6F 00 6E 00 74 00 72 00 6F 00  s.-.C.o.n.t.r.o.
00014150   6C 00 2D 00 41 00 6C 00 6C 00 6F 00 77 00 2D 00  l.-.A.l.l.o.w.-.
00014160   4F 00 72 00 69 00 67 00 69 00 6E 00 3A 00 20 00  O.r.i.g.i.n.:. .
00014170   2A 00 0D 00 0A 00 41 00 63 00 63 00 65 00 73 00  *.....A.c.c.e.s.
00014180   73 00 2D 00 43 00 6F 00 6E 00 74 00 72 00 6F 00  s.-.C.o.n.t.r.o.
00014190   6C 00 2D 00 41 00 6C 00 6C 00 6F 00 77 00 2D 00  l.-.A.l.l.o.w.-.
000141A0   4D 00 65 00 74 00 68 00 6F 00 64 00 73 00 3A 00  M.e.t.h.o.d.s.:.
000141B0   20 00 47 00 45 00 54 00 2C 00 20 00 50 00 4F 00   .G.E.T.,. .P.O.
000141C0   53 00 54 00 2C 00 20 00 4F 00 50 00 54 00 49 00  S.T.,. .O.P.T.I.
000141D0   4F 00 4E 00 53 00 0D 00 0A 00 41 00 63 00 63 00  O.N.S.....A.c.c.
000141E0   65 00 73 00 73 00 2D 00 43 00 6F 00 6E 00 74 00  e.s.s.-.C.o.n.t.
000141F0   72 00 6F 00 6C 00 2D 00 41 00 6C 00 6C 00 6F 00  r.o.l.-.A.l.l.o.
00014200   77 00 2D 00 48 00 65 00 61 00 64 00 65 00 72 00  w.-.H.e.a.d.e.r.
00014210   73 00 3A 00 20 00 43 00 6F 00 6E 00 74 00 65 00  s.:. .C.o.n.t.e.
00014220   6E 00 74 00 2D 00 54 00 79 00 70 00 65 00 0D 00  n.t.-.T.y.p.e...
00014230   0A 00 43 00 6F 00 6E 00 6E 00 65 00 63 00 74 00  ..C.o.n.n.e.c.t.
00014240   69 00 6F 00 6E 00 3A 00 20 00 63 00 6C 00 6F 00  i.o.n.:. .c.l.o.
00014250   73 00 65 00 0D 00 0A 00 0D 00 0A 00 01 05 4F 00  s.e...........O.
00014260   4B 00 00 13 4E 00 6F 00 74 00 20 00 46 00 6F 00  K...N.o.t. .F.o.
00014270   75 00 6E 00 64 00 00 11 43 00 6F 00 6E 00 66 00  u.n.d...C.o.n.f.
00014280   6C 00 69 00 63 00 74 00 00 2B 49 00 6E 00 74 00  l.i.c.t..+I.n.t.
00014290   65 00 72 00 6E 00 61 00 6C 00 20 00 53 00 65 00  e.r.n.a.l. .S.e.
000142A0   72 00 76 00 65 00 72 00 20 00 45 00 72 00 72 00  r.v.e.r. .E.r.r.
000142B0   6F 00 72 00 00 03 2C 00 00 19 7B 00 22 00 70 00  o.r...,...{.".p.
000142C0   61 00 63 00 6B 00 61 00 67 00 65 00 22 00 3A 00  a.c.k.a.g.e.".:.
000142D0   22 00 00 03 22 00 00 13 2C 00 22 00 6E 00 61 00  "..."...,.".n.a.
000142E0   6D 00 65 00 22 00 3A 00 22 00 00 1B 2C 00 22 00  m.e.".:."...,.".
000142F0   66 00 75 00 6C 00 6C 00 4E 00 61 00 6D 00 65 00  f.u.l.l.N.a.m.e.
00014300   22 00 3A 00 22 00 00 13 2C 00 22 00 70 00 61 00  ".:."...,.".p.a.
00014310   74 00 68 00 22 00 3A 00 22 00 00 1D 2C 00 22 00  t.h.".:."...,.".
00014320   77 00 61 00 73 00 45 00 6E 00 61 00 62 00 6C 00  w.a.s.E.n.a.b.l.
00014330   65 00 64 00 22 00 3A 00 00 1B 2C 00 22 00 69 00  e.d.".:...,.".i.
00014340   73 00 45 00 6E 00 61 00 62 00 6C 00 65 00 64 00  s.E.n.a.b.l.e.d.
00014350   22 00 3A 00 00 27 7B 00 22 00 6F 00 6B 00 22 00  ".:..'{.".o.k.".
00014360   3A 00 74 00 72 00 75 00 65 00 2C 00 22 00 74 00  :.t.r.u.e.,.".t.
00014370   6F 00 74 00 61 00 6C 00 22 00 3A 00 00 19 2C 00  o.t.a.l.".:...,.
00014380   22 00 64 00 69 00 73 00 61 00 62 00 6C 00 65 00  ".d.i.s.a.b.l.e.
00014390   64 00 22 00 3A 00 00 17 2C 00 22 00 61 00 73 00  d.".:...,.".a.s.
000143A0   73 00 65 00 74 00 73 00 22 00 3A 00 5B 00 00 05  s.e.t.s.".:.[...
000143B0   5D 00 7D 00 00 21 42 00 6C 00 6F 00 63 00 6B 00  ].}..!B.l.o.c.k.
000143C0   20 00 53 00 65 00 72 00 76 00 69 00 63 00 65 00   .S.e.r.v.i.c.e.
000143D0   73 00 20 00 2D 00 01 57 42 00 6C 00 6F 00 63 00  s. .-..WB.l.o.c.
000143E0   6B 00 65 00 64 00 20 00 62 00 72 00 6F 00 6B 00  k.e.d. .b.r.o.k.
000143F0   65 00 6E 00 20 00 61 00 73 00 73 00 65 00 74 00  e.n. .a.s.s.e.t.
00014400   20 00 66 00 61 00 6D 00 69 00 6C 00 79 00 3A 00   .f.a.m.i.l.y.:.
00014410   20 00 42 00 6C 00 6F 00 63 00 6B 00 20 00 53 00   .B.l.o.c.k. .S.
00014420   65 00 72 00 76 00 69 00 63 00 65 00 73 00 00 11  e.r.v.i.c.e.s...
00014430   63 00 6F 00 6D 00 6D 00 61 00 6E 00 64 00 73 00  c.o.m.m.a.n.d.s.
00014440   00 17 73 00 74 00 6F 00 70 00 4F 00 6E 00 45 00  ..s.t.o.p.O.n.E.
00014450   72 00 72 00 6F 00 72 00 00 0D 64 00 72 00 79 00  r.r.o.r...d.r.y.
00014460   52 00 75 00 6E 00 00 59 42 00 61 00 74 00 63 00  R.u.n..YB.a.t.c.
00014470   68 00 20 00 72 00 65 00 71 00 75 00 65 00 73 00  h. .r.e.q.u.e.s.
00014480   74 00 20 00 6D 00 75 00 73 00 74 00 20 00 69 00  t. .m.u.s.t. .i.
00014490   6E 00 63 00 6C 00 75 00 64 00 65 00 20 00 61 00  n.c.l.u.d.e. .a.
000144A0   20 00 63 00 6F 00 6D 00 6D 00 61 00 6E 00 64 00   .c.o.m.m.a.n.d.
000144B0   73 00 20 00 61 00 72 00 72 00 61 00 79 00 2E 00  s. .a.r.r.a.y...
000144C0   00 35 42 00 61 00 74 00 63 00 68 00 20 00 63 00  .5B.a.t.c.h. .c.
000144D0   6F 00 6D 00 6D 00 61 00 6E 00 64 00 20 00 6C 00  o.m.m.a.n.d. .l.
000144E0   69 00 6D 00 69 00 74 00 20 00 69 00 73 00 20 00  i.m.i.t. .i.s. .
000144F0   33 00 32 00 2E 00 00 09 74 00 79 00 70 00 65 00  3.2.....t.y.p.e.
00014500   00 15 62 00 75 00 69 00 6C 00 64 00 2D 00 72 00  ..b.u.i.l.d.-.r.
00014510   6F 00 61 00 64 00 01 11 73 00 65 00 74 00 2D 00  o.a.d...s.e.t.-.
00014520   7A 00 6F 00 6E 00 65 00 01 35 55 00 6E 00 73 00  z.o.n.e..5U.n.s.
00014530   75 00 70 00 70 00 6F 00 72 00 74 00 65 00 64 00  u.p.p.o.r.t.e.d.
00014540   20 00 63 00 6F 00 6D 00 6D 00 61 00 6E 00 64 00   .c.o.m.m.a.n.d.
00014550   20 00 74 00 79 00 70 00 65 00 3A 00 20 00 00 13   .t.y.p.e.:. ...
00014560   7B 00 22 00 69 00 6E 00 64 00 65 00 78 00 22 00  {.".i.n.d.e.x.".
00014570   3A 00 00 13 2C 00 22 00 74 00 79 00 70 00 65 00  :...,.".t.y.p.e.
00014580   22 00 3A 00 22 00 00 15 2C 00 22 00 72 00 65 00  ".:."...,.".r.e.
00014590   73 00 75 00 6C 00 74 00 22 00 3A 00 00 0D 7B 00  s.u.l.t.".:...{.
000145A0   22 00 6F 00 6B 00 22 00 3A 00 00 19 2C 00 22 00  ".o.k.".:...,.".
000145B0   72 00 65 00 73 00 75 00 6C 00 74 00 73 00 22 00  r.e.s.u.l.t.s.".
000145C0   3A 00 5B 00 00 1B 5D 00 2C 00 22 00 65 00 78 00  :.[...].,.".e.x.
000145D0   65 00 63 00 75 00 74 00 65 00 64 00 22 00 3A 00  e.c.u.t.e.d.".:.
000145E0   00 13 2C 00 22 00 61 00 6C 00 6C 00 4F 00 6B 00  ..,.".a.l.l.O.k.
000145F0   22 00 3A 00 00 11 22 00 64 00 72 00 79 00 52 00  ".:...".d.r.y.R.
00014600   75 00 6E 00 22 00 00 13 22 00 64 00 72 00 79 00  u.n."...".d.r.y.
00014610   52 00 75 00 6E 00 22 00 3A 00 00 15 2C 00 7B 00  R.u.n.".:...,.{.
00014620   22 00 69 00 6E 00 64 00 65 00 78 00 22 00 3A 00  ".i.n.d.e.x.".:.
00014630   00 21 2C 00 22 00 73 00 6B 00 69 00 70 00 70 00  .!,.".s.k.i.p.p.
00014640   65 00 64 00 22 00 3A 00 74 00 72 00 75 00 65 00  e.d.".:.t.r.u.e.
00014650   7D 00 00 19 61 00 6E 00 67 00 6C 00 65 00 44 00  }...a.n.g.l.e.D.
00014660   65 00 67 00 72 00 65 00 65 00 73 00 00 11 70 00  e.g.r.e.e.s...p.
00014670   6F 00 73 00 69 00 74 00 69 00 6F 00 6E 00 00 37  o.s.i.t.i.o.n..7
00014680   62 00 75 00 69 00 6C 00 64 00 69 00 6E 00 67 00  b.u.i.l.d.i.n.g.
00014690   50 00 72 00 65 00 66 00 61 00 62 00 20 00 69 00  P.r.e.f.a.b. .i.
000146A0   73 00 20 00 72 00 65 00 71 00 75 00 69 00 72 00  s. .r.e.q.u.i.r.
000146B0   65 00 64 00 2E 00 00 3F 42 00 75 00 69 00 6C 00  e.d....?B.u.i.l.
000146C0   64 00 69 00 6E 00 67 00 20 00 70 00 72 00 65 00  d.i.n.g. .p.r.e.
000146D0   66 00 61 00 62 00 20 00 77 00 61 00 73 00 20 00  f.a.b. .w.a.s. .
000146E0   6E 00 6F 00 74 00 20 00 66 00 6F 00 75 00 6E 00  n.o.t. .f.o.u.n.
000146F0   64 00 3A 00 20 00 00 63 42 00 75 00 69 00 6C 00  d.:. ..cB.u.i.l.
00014700   64 00 69 00 6E 00 67 00 20 00 70 00 72 00 65 00  d.i.n.g. .p.r.e.
00014710   66 00 61 00 62 00 20 00 69 00 73 00 20 00 62 00  f.a.b. .i.s. .b.
00014720   6C 00 6F 00 63 00 6B 00 65 00 64 00 20 00 61 00  l.o.c.k.e.d. .a.
00014730   6E 00 64 00 20 00 6D 00 75 00 73 00 74 00 20 00  n.d. .m.u.s.t. .
00014740   6E 00 6F 00 74 00 20 00 62 00 65 00 20 00 75 00  n.o.t. .b.e. .u.
00014750   73 00 65 00 64 00 3A 00 20 00 00 05 20 00 28 00  s.e.d.:. ... .(.
00014760   00 80 B3 7B 00 22 00 6F 00 6B 00 22 00 3A 00 74  .³{.".o.k.".:.t
00014770   00 72 00 75 00 65 00 2C 00 22 00 64 00 72 00 79  .r.u.e.,.".d.r.y
00014780   00 52 00 75 00 6E 00 22 00 3A 00 74 00 72 00 75  .R.u.n.".:.t.r.u
00014790   00 65 00 2C 00 22 00 6D 00 65 00 73 00 73 00 61  .e.,.".m.e.s.s.a
000147A0   00 67 00 65 00 22 00 3A 00 22 00 50 00 6C 00 61  .g.e.".:.".P.l.a
000147B0   00 63 00 65 00 2D 00 62 00 75 00 69 00 6C 00 64  .c.e.-.b.u.i.l.d
000147C0   00 69 00 6E 00 67 00 20 00 76 00 61 00 6C 00 69  .i.n.g. .v.a.l.i
000147D0   00 64 00 61 00 74 00 69 00 6F 00 6E 00 20 00 70  .d.a.t.i.o.n. .p
000147E0   00 61 00 73 00 73 00 65 00 64 00 2E 00 22 00 2C  .a.s.s.e.d...".,
000147F0   00 22 00 62 00 75 00 69 00 6C 00 64 00 69 00 6E  .".b.u.i.l.d.i.n
00014800   00 67 00 50 00 72 00 65 00 66 00 61 00 62 00 22  .g.P.r.e.f.a.b."
00014810   00 3A 00 22 00 01 35 46 00 61 00 69 00 6C 00 65  .:."..5F.a.i.l.e
00014820   00 64 00 20 00 74 00 6F 00 20 00 63 00 72 00 65  .d. .t.o. .c.r.e
00014830   00 61 00 74 00 65 00 20 00 62 00 75 00 69 00 6C  .a.t.e. .b.u.i.l
00014840   00 64 00 69 00 6E 00 67 00 2E 00 00 4F 7B 00 22  .d.i.n.g....O{."
00014850   00 6F 00 6B 00 22 00 3A 00 74 00 72 00 75 00 65  .o.k.".:.t.r.u.e
00014860   00 2C 00 22 00 64 00 72 00 79 00 52 00 75 00 6E  .,.".d.r.y.R.u.n
00014870   00 22 00 3A 00 66 00 61 00 6C 00 73 00 65 00 2C  .".:.f.a.l.s.e.,
00014880   00 22 00 62 00 75 00 69 00 6C 00 64 00 69 00 6E  .".b.u.i.l.d.i.n
00014890   00 67 00 49 00 64 00 22 00 3A 00 00 27 2C 00 22  .g.I.d.".:..',."
000148A0   00 62 00 75 00 69 00 6C 00 64 00 69 00 6E 00 67  .b.u.i.l.d.i.n.g
000148B0   00 50 00 72 00 65 00 66 00 61 00 62 00 22 00 3A  .P.r.e.f.a.b.".:
000148C0   00 22 00 00 1B 22 00 2C 00 22 00 73 00 65 00 72  ."...".,.".s.e.r
000148D0   00 76 00 69 00 63 00 65 00 22 00 3A 00 22 00 00  .v.i.c.e.".:."..
000148E0   21 22 00 2C 00 22 00 73 00 75 00 62 00 53 00 65  !".,.".s.u.b.S.e
000148F0   00 72 00 76 00 69 00 63 00 65 00 22 00 3A 00 22  .r.v.i.c.e.".:."
00014900   00 00 4D 5B 00 53 00 6B 00 79 00 6C 00 69 00 6E  ..M[.S.k.y.l.i.n
00014910   00 65 00 73 00 41 00 67 00 65 00 6E 00 74 00 42  .e.s.A.g.e.n.t.B
00014920   00 72 00 69 00 64 00 67 00 65 00 5D 00 20 00 50  .r.i.d.g.e.]. .P
00014930   00 6C 00 61 00 63 00 65 00 64 00 20 00 62 00 75  .l.a.c.e.d. .b.u
00014940   00 69 00 6C 00 64 00 69 00 6E 00 67 00 20 00 00  .i.l.d.i.n.g. ..
00014950   1B 20 00 77 00 69 00 74 00 68 00 20 00 70 00 72  . .w.i.t.h. .p.r
00014960   00 65 00 66 00 61 00 62 00 20 00 00 1F 69 00 64  .e.f.a.b. ...i.d
00014970   00 20 00 69 00 73 00 20 00 72 00 65 00 71 00 75  . .i.s. .r.e.q.u
00014980   00 69 00 72 00 65 00 64 00 2E 00 00 31 42 00 75  .i.r.e.d....1B.u
00014990   00 69 00 6C 00 64 00 69 00 6E 00 67 00 20 00 77  .i.l.d.i.n.g. .w
000149A0   00 61 00 73 00 20 00 6E 00 6F 00 74 00 20 00 66  .a.s. .n.o.t. .f
000149B0   00 6F 00 75 00 6E 00 64 00 3A 00 20 00 00 63 42  .o.u.n.d.:. ..cB
000149C0   00 75 00 69 00 6C 00 64 00 69 00 6E 00 67 00 20  .u.i.l.d.i.n.g.
000149D0   00 70 00 72 00 65 00 66 00 61 00 62 00 20 00 69  .p.r.e.f.a.b. .i
000149E0   00 6E 00 66 00 6F 00 20 00 77 00 61 00 73 00 20  .n.f.o. .w.a.s.
000149F0   00 6E 00 6F 00 74 00 20 00 66 00 6F 00 75 00 6E  .n.o.t. .f.o.u.n
00014A00   00 64 00 20 00 66 00 6F 00 72 00 20 00 62 00 75  .d. .f.o.r. .b.u
00014A10   00 69 00 6C 00 64 00 69 00 6E 00 67 00 3A 00 20  .i.l.d.i.n.g.:.
00014A20   00 00 80 87 42 00 75 00 69 00 6C 00 64 00 69 00  ..B.u.i.l.d.i.
00014A30   6E 00 67 00 20 00 70 00 72 00 65 00 66 00 61 00  n.g. .p.r.e.f.a.
00014A40   62 00 20 00 69 00 73 00 20 00 62 00 6C 00 6F 00  b. .i.s. .b.l.o.
00014A50   63 00 6B 00 65 00 64 00 20 00 61 00 6E 00 64 00  c.k.e.d. .a.n.d.
00014A60   20 00 6D 00 75 00 73 00 74 00 20 00 6E 00 6F 00   .m.u.s.t. .n.o.
00014A70   74 00 20 00 62 00 65 00 20 00 75 00 73 00 65 00  t. .b.e. .u.s.e.
00014A80   64 00 20 00 66 00 6F 00 72 00 20 00 6D 00 6F 00  d. .f.o.r. .m.o.
00014A90   76 00 65 00 2F 00 72 00 65 00 63 00 72 00 65 00  v.e./.r.e.c.r.e.
00014AA0   61 00 74 00 65 00 3A 00 20 00 00 80 97 7B 00 22  a.t.e.:. ..{."
00014AB0   00 6F 00 6B 00 22 00 3A 00 74 00 72 00 75 00 65  .o.k.".:.t.r.u.e
00014AC0   00 2C 00 22 00 64 00 72 00 79 00 52 00 75 00 6E  .,.".d.r.y.R.u.n
00014AD0   00 22 00 3A 00 74 00 72 00 75 00 65 00 2C 00 22  .".:.t.r.u.e.,."
00014AE0   00 6D 00 65 00 73 00 73 00 61 00 67 00 65 00 22  .m.e.s.s.a.g.e."
00014AF0   00 3A 00 22 00 4D 00 6F 00 76 00 65 00 2D 00 62  .:.".M.o.v.e.-.b
00014B00   00 75 00 69 00 6C 00 64 00 69 00 6E 00 67 00 20  .u.i.l.d.i.n.g.
00014B10   00 76 00 61 00 6C 00 69 00 64 00 61 00 74 00 69  .v.a.l.i.d.a.t.i
00014B20   00 6F 00 6E 00 20 00 70 00 61 00 73 00 73 00 65  .o.n. .p.a.s.s.e
00014B30   00 64 00 2E 00 22 00 2C 00 22 00 69 00 64 00 22  .d...".,.".i.d."
00014B40   00 3A 00 01 41 46 00 61 00 69 00 6C 00 65 00 64  .:..AF.a.i.l.e.d
00014B50   00 20 00 74 00 6F 00 20 00 63 00 72 00 65 00 61  . .t.o. .c.r.e.a
00014B60   00 74 00 65 00 20 00 6D 00 6F 00 76 00 65 00 64  .t.e. .m.o.v.e.d
00014B70   00 20 00 62 00 75 00 69 00 6C 00 64 00 69 00 6E  . .b.u.i.l.d.i.n
00014B80   00 67 00 2E 00 00 55 7B 00 22 00 6F 00 6B 00 22  .g....U{.".o.k."
00014B90   00 3A 00 74 00 72 00 75 00 65 00 2C 00 22 00 64  .:.t.r.u.e.,.".d
00014BA0   00 72 00 79 00 52 00 75 00 6E 00 22 00 3A 00 66  .r.y.R.u.n.".:.f
00014BB0   00 61 00 6C 00 73 00 65 00 2C 00 22 00 6F 00 6C  .a.l.s.e.,.".o.l
00014BC0   00 64 00 42 00 75 00 69 00 6C 00 64 00 69 00 6E  .d.B.u.i.l.d.i.n
00014BD0   00 67 00 49 00 64 00 22 00 3A 00 00 23 2C 00 22  .g.I.d.".:..#,."
00014BE0   00 6E 00 65 00 77 00 42 00 75 00 69 00 6C 00 64  .n.e.w.B.u.i.l.d
00014BF0   00 69 00 6E 00 67 00 49 00 64 00 22 00 3A 00 00  .i.n.g.I.d.".:..
00014C00   25 22 00 2C 00 22 00 70 00 6F 00 73 00 69 00 74  %".,.".p.o.s.i.t
00014C10   00 69 00 6F 00 6E 00 22 00 3A 00 7B 00 22 00 78  .i.o.n.".:.{.".x
00014C20   00 22 00 3A 00 00 0B 2C 00 22 00 79 00 22 00 3A  .".:...,.".y.".:
00014C30   00 00 0B 2C 00 22 00 7A 00 22 00 3A 00 00 05 7D  ...,.".z.".:...}
00014C40   00 7D 00 00 4B 5B 00 53 00 6B 00 79 00 6C 00 69  .}..K[.S.k.y.l.i
00014C50   00 6E 00 65 00 73 00 41 00 67 00 65 00 6E 00 74  .n.e.s.A.g.e.n.t
00014C60   00 42 00 72 00 69 00 64 00 67 00 65 00 5D 00 20  .B.r.i.d.g.e.].
00014C70   00 4D 00 6F 00 76 00 65 00 64 00 20 00 62 00 75  .M.o.v.e.d. .b.u
00014C80   00 69 00 6C 00 64 00 69 00 6E 00 67 00 20 00 00  .i.l.d.i.n.g. ..
00014C90   09 20 00 74 00 6F 00 20 00 00 0D 61 00 63 00 74  . .t.o. ...a.c.t
00014CA0   00 69 00 76 00 65 00 00 21 7B 00 22 00 6F 00 6B  .i.v.e..!{.".o.k
00014CB0   00 22 00 3A 00 74 00 72 00 75 00 65 00 2C 00 22  .".:.t.r.u.e.,."
00014CC0   00 69 00 64 00 22 00 3A 00 00 15 2C 00 22 00 61  .i.d.".:...,.".a
00014CD0   00 63 00 74 00 69 00 76 00 65 00 22 00 3A 00 00  .c.t.i.v.e.".:..
00014CE0   17 2C 00 22 00 70 00 72 00 65 00 66 00 61 00 62  .,.".p.r.e.f.a.b
00014CF0   00 22 00 3A 00 22 00 00 23 22 00 2C 00 22 00 62  .".:."..#".,.".b
00014D00   00 65 00 66 00 6F 00 72 00 65 00 46 00 6C 00 61  .e.f.o.r.e.F.l.a
00014D10   00 67 00 73 00 22 00 3A 00 22 00 00 21 22 00 2C  .g.s.".:."..!".,
00014D20   00 22 00 61 00 66 00 74 00 65 00 72 00 46 00 6C  .".a.f.t.e.r.F.l
00014D30   00 61 00 67 00 73 00 22 00 3A 00 22 00 00 47 5B  .a.g.s.".:."..G[
00014D40   00 53 00 6B 00 79 00 6C 00 69 00 6E 00 65 00 73  .S.k.y.l.i.n.e.s
00014D50   00 41 00 67 00 65 00 6E 00 74 00 42 00 72 00 69  .A.g.e.n.t.B.r.i
00014D60   00 64 00 67 00 65 00 5D 00 20 00 53 00 65 00 74  .d.g.e.]. .S.e.t
00014D70   00 20 00 62 00 75 00 69 00 6C 00 64 00 69 00 6E  . .b.u.i.l.d.i.n
00014D80   00 67 00 20 00 00 11 20 00 61 00 63 00 74 00 69  .g. ... .a.c.t.i
00014D90   00 76 00 65 00 3D 00 00 25 4D 00 61 00 6E 00 75  .v.e.=..%M.a.n.u
00014DA0   00 61 00 6C 00 44 00 65 00 61 00 63 00 74 00 69  .a.l.D.e.a.c.t.i
00014DB0   00 76 00 61 00 74 00 69 00 6F 00 6E 00 00 21 4D  .v.a.t.i.o.n..!M
00014DC0   00 61 00 6E 00 75 00 61 00 6C 00 41 00 63 00 74  .a.n.u.a.l.A.c.t
00014DD0   00 69 00 76 00 61 00 74 00 69 00 6F 00 6E 00 00  .i.v.a.t.i.o.n..
00014DE0   03 78 00 00 03 7A 00 00 03 79 00 00 13 6B 00 65  .x...z...y...k.e
00014DF0   00 65 00 70 00 4E 00 6F 00 64 00 65 00 73 00 00  .e.p.N.o.d.e.s..
00014E00   11 62 00 75 00 69 00 6C 00 64 00 69 00 6E 00 67  .b.u.i.l.d.i.n.g
00014E10   00 00 29 7B 00 22 00 6F 00 6B 00 22 00 3A 00 74  ..){.".o.k.".:.t
00014E20   00 72 00 75 00 65 00 2C 00 22 00 64 00 72 00 79  .r.u.e.,.".d.r.y
00014E30   00 52 00 75 00 6E 00 22 00 3A 00 00 3D 2C 00 22  .R.u.n.".:..=,."
00014E40   00 65 00 6E 00 74 00 69 00 74 00 79 00 54 00 79  .e.n.t.i.t.y.T.y
00014E50   00 70 00 65 00 22 00 3A 00 22 00 62 00 75 00 69  .p.e.".:.".b.u.i
00014E60   00 6C 00 64 00 69 00 6E 00 67 00 22 00 2C 00 22  .l.d.i.n.g.".,."
00014E70   00 69 00 64 00 22 00 3A 00 00 15 6E 00 65 00 74  .i.d.".:...n.e.t
00014E80   00 53 00 65 00 67 00 6D 00 65 00 6E 00 74 00 00  .S.e.g.m.e.n.t..
00014E90   37 4E 00 65 00 74 00 20 00 73 00 65 00 67 00 6D  7N.e.t. .s.e.g.m
00014EA0   00 65 00 6E 00 74 00 20 00 77 00 61 00 73 00 20  .e.n.t. .w.a.s.
00014EB0   00 6E 00 6F 00 74 00 20 00 66 00 6F 00 75 00 6E  .n.o.t. .f.o.u.n
00014EC0   00 64 00 3A 00 20 00 00 41 2C 00 22 00 65 00 6E  .d.:. ..A,.".e.n
00014ED0   00 74 00 69 00 74 00 79 00 54 00 79 00 70 00 65  .t.i.t.y.T.y.p.e
00014EE0   00 22 00 3A 00 22 00 6E 00 65 00 74 00 53 00 65  .".:.".n.e.t.S.e
00014EF0   00 67 00 6D 00 65 00 6E 00 74 00 22 00 2C 00 22  .g.m.e.n.t.".,."
00014F00   00 69 00 64 00 22 00 3A 00 00 1B 2C 00 22 00 6B  .i.d.".:...,.".k
00014F10   00 65 00 65 00 70 00 4E 00 6F 00 64 00 65 00 73  .e.e.p.N.o.d.e.s
00014F20   00 22 00 3A 00 00 0F 6E 00 65 00 74 00 4E 00 6F  .".:...n.e.t.N.o
00014F30   00 64 00 65 00 00 31 4E 00 65 00 74 00 20 00 6E  .d.e..1N.e.t. .n
00014F40   00 6F 00 64 00 65 00 20 00 77 00 61 00 73 00 20  .o.d.e. .w.a.s.
00014F50   00 6E 00 6F 00 74 00 20 00 66 00 6F 00 75 00 6E  .n.o.t. .f.o.u.n
00014F60   00 64 00 3A 00 20 00 00 3B 2C 00 22 00 65 00 6E  .d.:. ..;,.".e.n
00014F70   00 74 00 69 00 74 00 79 00 54 00 79 00 70 00 65  .t.i.t.y.T.y.p.e
00014F80   00 22 00 3A 00 22 00 6E 00 65 00 74 00 4E 00 6F  .".:.".n.e.t.N.o
00014F90   00 64 00 65 00 22 00 2C 00 22 00 69 00 64 00 22  .d.e.".,.".i.d."
00014FA0   00 3A 00 00 7B 55 00 6E 00 73 00 75 00 70 00 70  .:..{U.n.s.u.p.p
00014FB0   00 6F 00 72 00 74 00 65 00 64 00 20 00 65 00 6E  .o.r.t.e.d. .e.n
00014FC0   00 74 00 69 00 74 00 79 00 54 00 79 00 70 00 65  .t.i.t.y.T.y.p.e
00014FD0   00 2E 00 20 00 55 00 73 00 65 00 20 00 62 00 75  ... .U.s.e. .b.u
00014FE0   00 69 00 6C 00 64 00 69 00 6E 00 67 00 2C 00 20  .i.l.d.i.n.g.,.
00014FF0   00 6E 00 65 00 74 00 53 00 65 00 67 00 6D 00 65  .n.e.t.S.e.g.m.e
00015000   00 6E 00 74 00 2C 00 20 00 6F 00 72 00 20 00 6E  .n.t.,. .o.r. .n
00015010   00 65 00 74 00 4E 00 6F 00 64 00 65 00 2E 00 00  .e.t.N.o.d.e....
00015020   4D 54 00 69 00 6D 00 65 00 64 00 20 00 6F 00 75  MT.i.m.e.d. .o.u
00015030   00 74 00 20 00 77 00 61 00 69 00 74 00 69 00 6E  .t. .w.a.i.t.i.n
00015040   00 67 00 20 00 66 00 6F 00 72 00 20 00 74 00 68  .g. .f.o.r. .t.h
00015050   00 65 00 20 00 67 00 61 00 6D 00 65 00 20 00 74  .e. .g.a.m.e. .t
00015060   00 68 00 72 00 65 00 61 00 64 00 2E 00 00 27 4C  .h.r.e.a.d....'L
00015070   00 65 00 76 00 65 00 6C 00 20 00 69 00 73 00 20  .e.v.e.l. .i.s.
00015080   00 75 00 6E 00 6C 00 6F 00 61 00 64 00 69 00 6E  .u.n.l.o.a.d.i.n
00015090   00 67 00 2E 00 00 05 3A 00 20 00 00 19 7B 00 22  .g.....:. ...{."
000150A0   00 73 00 65 00 72 00 76 00 69 00 63 00 65 00 22  .s.e.r.v.i.c.e."
000150B0   00 3A 00 22 00 00 21 2C 00 22 00 73 00 65 00 72  .:."..!,.".s.e.r
000150C0   00 76 00 69 00 63 00 65 00 56 00 61 00 6C 00 75  .v.i.c.e.V.a.l.u
000150D0   00 65 00 22 00 3A 00 00 1F 2C 00 22 00 73 00 75  .e.".:...,.".s.u
000150E0   00 62 00 53 00 65 00 72 00 76 00 69 00 63 00 65  .b.S.e.r.v.i.c.e
000150F0   00 22 00 3A 00 22 00 00 27 2C 00 22 00 73 00 75  .".:."..',.".s.u
00015100   00 62 00 53 00 65 00 72 00 76 00 69 00 63 00 65  .b.S.e.r.v.i.c.e
00015110   00 56 00 61 00 6C 00 75 00 65 00 22 00 3A 00 00  .V.a.l.u.e.".:..
00015120   15 2C 00 22 00 6C 00 65 00 76 00 65 00 6C 00 22  .,.".l.e.v.e.l."
00015130   00 3A 00 22 00 00 1D 2C 00 22 00 6C 00 65 00 76  .:."...,.".l.e.v
00015140   00 65 00 6C 00 56 00 61 00 6C 00 75 00 65 00 22  .e.l.V.a.l.u.e."
00015150   00 3A 00 00 2F 2C 00 22 00 73 00 6F 00 75 00 72  .:../,.".s.o.u.r
00015160   00 63 00 65 00 22 00 3A 00 22 00 75 00 69 00 54  .c.e.".:.".u.i.T
00015170   00 61 00 78 00 53 00 6C 00 69 00 64 00 65 00 72  .a.x.S.l.i.d.e.r
00015180   00 22 00 00 11 2C 00 22 00 72 00 61 00 74 00 65  ."...,.".r.a.t.e
00015190   00 22 00 3A 00 00 41 7B 00 22 00 6F 00 6B 00 22  .".:..A{.".o.k."
000151A0   00 3A 00 74 00 72 00 75 00 65 00 2C 00 22 00 61  .:.t.r.u.e.,.".a
000151B0   00 67 00 67 00 72 00 65 00 67 00 61 00 74 00 65  .g.g.r.e.g.a.t.e
000151C0   00 54 00 61 00 78 00 52 00 61 00 74 00 65 00 73  .T.a.x.R.a.t.e.s
000151D0   00 22 00 3A 00 5B 00 00 1D 5D 00 2C 00 22 00 74  .".:.[...].,.".t
000151E0   00 61 00 78 00 52 00 61 00 74 00 65 00 73 00 22  .a.x.R.a.t.e.s."
000151F0   00 3A 00 5B 00 00 15 73 00 75 00 62 00 53 00 65  .:.[...s.u.b.S.e
00015200   00 72 00 76 00 69 00 63 00 65 00 00 0B 6C 00 65  .r.v.i.c.e...l.e
00015210   00 76 00 65 00 6C 00 00 3D 72 00 61 00 74 00 65  .v.e.l..=r.a.t.e
00015220   00 20 00 6D 00 75 00 73 00 74 00 20 00 62 00 65  . .m.u.s.t. .b.e
00015230   00 20 00 62 00 65 00 74 00 77 00 65 00 65 00 6E  . .b.e.t.w.e.e.n
00015240   00 20 00 30 00 20 00 61 00 6E 00 64 00 20 00 32  . .0. .a.n.d. .2
00015250   00 39 00 2E 00 00 31 55 00 6E 00 6B 00 6E 00 6F  .9....1U.n.k.n.o
00015260   00 77 00 6E 00 20 00 73 00 65 00 72 00 76 00 69  .w.n. .s.e.r.v.i
00015270   00 63 00 65 00 20 00 66 00 69 00 6C 00 74 00 65  .c.e. .f.i.l.t.e
00015280   00 72 00 3A 00 20 00 00 37 55 00 6E 00 6B 00 6E  .r.:. ..7U.n.k.n
00015290   00 6F 00 77 00 6E 00 20 00 73 00 75 00 62 00 53  .o.w.n. .s.u.b.S
000152A0   00 65 00 72 00 76 00 69 00 63 00 65 00 20 00 66  .e.r.v.i.c.e. .f
000152B0   00 69 00 6C 00 74 00 65 00 72 00 3A 00 20 00 00  .i.l.t.e.r.:. ..
000152C0   2D 55 00 6E 00 6B 00 6E 00 6F 00 77 00 6E 00 20  -U.n.k.n.o.w.n.
000152D0   00 6C 00 65 00 76 00 65 00 6C 00 20 00 66 00 69  .l.e.v.e.l. .f.i
000152E0   00 6C 00 74 00 65 00 72 00 3A 00 20 00 00 17 75  .l.t.e.r.:. ...u
000152F0   00 69 00 54 00 61 00 78 00 53 00 6C 00 69 00 64  .i.T.a.x.S.l.i.d
00015300   00 65 00 72 00 00 13 61 00 67 00 67 00 72 00 65  .e.r...a.g.g.r.e
00015310   00 67 00 61 00 74 00 65 00 00 79 4E 00 6F 00 20  .g.a.t.e..yN.o.
00015320   00 6D 00 61 00 74 00 63 00 68 00 69 00 6E 00 67  .m.a.t.c.h.i.n.g
00015330   00 20 00 74 00 61 00 78 00 61 00 62 00 6C 00 65  . .t.a.x.a.b.l.e
00015340   00 20 00 73 00 65 00 72 00 76 00 69 00 63 00 65  . .s.e.r.v.i.c.e
00015350   00 2C 00 20 00 73 00 75 00 62 00 53 00 65 00 72  .,. .s.u.b.S.e.r
00015360   00 76 00 69 00 63 00 65 00 2C 00 20 00 6F 00 72  .v.i.c.e.,. .o.r
00015370   00 20 00 6C 00 65 00 76 00 65 00 6C 00 20 00 77  . .l.e.v.e.l. .w
00015380   00 61 00 73 00 20 00 66 00 6F 00 75 00 6E 00 64  .a.s. .f.o.u.n.d
00015390   00 2E 00 00 17 2C 00 22 00 63 00 68 00 61 00 6E  .....,.".c.h.a.n
000153A0   00 67 00 65 00 64 00 22 00 3A 00 00 1B 2C 00 22  .g.e.d.".:...,."
000153B0   00 74 00 61 00 78 00 52 00 61 00 74 00 65 00 73  .t.a.x.R.a.t.e.s
000153C0   00 22 00 3A 00 5B 00 00 15 2C 00 22 00 73 00 63  .".:.[...,.".s.c
000153D0   00 6F 00 70 00 65 00 22 00 3A 00 22 00 00 15 2C  .o.p.e.".:."...,
000153E0   00 22 00 62 00 65 00 66 00 6F 00 72 00 65 00 22  .".b.e.f.o.r.e."
000153F0   00 3A 00 00 13 2C 00 22 00 61 00 66 00 74 00 65  .:...,.".a.f.t.e
00015400   00 72 00 22 00 3A 00 00 15 6D 00 5F 00 74 00 61  .r.".:...m._.t.a
00015410   00 78 00 52 00 61 00 74 00 65 00 73 00 00 07 41  .x.R.a.t.e.s...A
00015420   00 6C 00 6C 00 00 0B 5A 00 6F 00 6E 00 65 00 64  .l.l...Z.o.n.e.d
00015430   00 00 15 7B 00 22 00 6F 00 6B 00 22 00 3A 00 74  ...{.".o.k.".:.t
00015440   00 72 00 75 00 65 00 00 1B 2C 00 22 00 67 00 61  .r.u.e...,.".g.a
00015450   00 6D 00 65 00 54 00 69 00 6D 00 65 00 22 00 3A  .m.e.T.i.m.e.".:
00015460   00 22 00 00 03 73 00 00 1D 2C 00 22 00 62 00 75  ."...s...,.".b.u
00015470   00 69 00 6C 00 64 00 49 00 6E 00 64 00 65 00 78  .i.l.d.I.n.d.e.x
00015480   00 22 00 3A 00 00 31 2C 00 22 00 73 00 69 00 6D  .".:..1,.".s.i.m
00015490   00 75 00 6C 00 61 00 74 00 69 00 6F 00 6E 00 22  .u.l.a.t.i.o.n."
000154A0   00 3A 00 7B 00 22 00 70 00 61 00 75 00 73 00 65  .:.{.".p.a.u.s.e
000154B0   00 64 00 22 00 3A 00 00 23 2C 00 22 00 73 00 65  .d.".:..#,.".s.e
000154C0   00 6C 00 65 00 63 00 74 00 65 00 64 00 53 00 70  .l.e.c.t.e.d.S.p
000154D0   00 65 00 65 00 64 00 22 00 3A 00 00 1D 2C 00 22  .e.e.d.".:...,."
000154E0   00 66 00 69 00 6E 00 61 00 6C 00 53 00 70 00 65  .f.i.n.a.l.S.p.e
000154F0   00 65 00 64 00 22 00 3A 00 00 29 2C 00 22 00 6E  .e.d.".:..),.".n
00015500   00 65 00 74 00 77 00 6F 00 72 00 6B 00 22 00 3A  .e.t.w.o.r.k.".:
00015510   00 7B 00 22 00 6E 00 6F 00 64 00 65 00 73 00 22  .{.".n.o.d.e.s."
00015520   00 3A 00 00 19 2C 00 22 00 73 00 65 00 67 00 6D  .:...,.".s.e.g.m
00015530   00 65 00 6E 00 74 00 73 00 22 00 3A 00 00 13 2C  .e.n.t.s.".:...,
00015540   00 22 00 6C 00 61 00 6E 00 65 00 73 00 22 00 3A  .".l.a.n.e.s.".:
00015550   00 00 2B 2C 00 22 00 63 00 69 00 74 00 69 00 7A  ..+,.".c.i.t.i.z
00015560   00 65 00 6E 00 73 00 22 00 3A 00 7B 00 22 00 63  .e.n.s.".:.{.".c
00015570   00 6F 00 75 00 6E 00 74 00 22 00 3A 00 00 33 2C  .o.u.n.t.".:..3,
00015580   00 22 00 64 00 65 00 6D 00 61 00 6E 00 64 00 22  .".d.e.m.a.n.d."
00015590   00 3A 00 7B 00 22 00 72 00 65 00 73 00 69 00 64  .:.{.".r.e.s.i.d
000155A0   00 65 00 6E 00 74 00 69 00 61 00 6C 00 22 00 3A  .e.n.t.i.a.l.".:
000155B0   00 00 1D 2C 00 22 00 63 00 6F 00 6D 00 6D 00 65  ...,.".c.o.m.m.e
000155C0   00 72 00 63 00 69 00 61 00 6C 00 22 00 3A 00 00  .r.c.i.a.l.".:..
000155D0   1B 2C 00 22 00 77 00 6F 00 72 00 6B 00 70 00 6C  .,.".w.o.r.k.p.l
000155E0   00 61 00 63 00 65 00 22 00 3A 00 00 1F 2C 00 22  .a.c.e.".:...,."
000155F0   00 72 00 65 00 73 00 69 00 64 00 65 00 6E 00 74  .r.e.s.i.d.e.n.t
00015600   00 69 00 61 00 6C 00 22 00 3A 00 00 13 2C 00 22  .i.a.l.".:...,."
00015610   00 62 00 61 00 72 00 73 00 22 00 3A 00 5B 00 00  .b.a.r.s.".:.[..
00015620   17 52 00 65 00 73 00 69 00 64 00 65 00 6E 00 74  .R.e.s.i.d.e.n.t
00015630   00 69 00 61 00 6C 00 00 17 72 00 65 00 73 00 69  .i.a.l...r.e.s.i
00015640   00 64 00 65 00 6E 00 74 00 69 00 61 00 6C 00 00  .d.e.n.t.i.a.l..
00015650   0F 23 00 37 00 66 00 66 00 66 00 30 00 30 00 00  .#.7.f.f.f.0.0..
00015660   15 43 00 6F 00 6D 00 6D 00 65 00 72 00 63 00 69  .C.o.m.m.e.r.c.i
00015670   00 61 00 6C 00 00 15 63 00 6F 00 6D 00 6D 00 65  .a.l...c.o.m.m.e
00015680   00 72 00 63 00 69 00 61 00 6C 00 00 0F 23 00 33  .r.c.i.a.l...#.3
00015690   00 30 00 63 00 38 00 66 00 66 00 00 13 57 00 6F  .0.c.8.f.f...W.o
000156A0   00 72 00 6B 00 70 00 6C 00 61 00 63 00 65 00 00  .r.k.p.l.a.c.e..
000156B0   13 77 00 6F 00 72 00 6B 00 70 00 6C 00 61 00 63  .w.o.r.k.p.l.a.c
000156C0   00 65 00 00 0F 23 00 66 00 66 00 64 00 32 00 31  .e...#.f.f.d.2.1
000156D0   00 61 00 00 19 2C 00 22 00 72 00 65 00 74 00 75  .a...,.".r.e.t.u
000156E0   00 72 00 6E 00 65 00 64 00 22 00 3A 00 00 13 2C  .r.n.e.d.".:...,
000156F0   00 22 00 6C 00 69 00 6D 00 69 00 74 00 22 00 3A  .".l.i.m.i.t.".:
00015700   00 00 17 2C 00 22 00 63 00 68 00 69 00 72 00 70  ...,.".c.h.i.r.p
00015710   00 73 00 22 00 3A 00 5B 00 00 25 2C 00 22 00 7A  .s.".:.[..%,.".z
00015720   00 6F 00 6E 00 65 00 42 00 6C 00 6F 00 63 00 6B  .o.n.e.B.l.o.c.k
00015730   00 43 00 6F 00 75 00 6E 00 74 00 22 00 3A 00 00  .C.o.u.n.t.".:..
00015740   27 2C 00 22 00 63 00 65 00 6C 00 6C 00 53 00 69  ',.".c.e.l.l.S.i
00015750   00 7A 00 65 00 4D 00 65 00 74 00 65 00 72 00 73  .z.e.M.e.t.e.r.s
00015760   00 22 00 3A 00 38 00 00 35 2C 00 22 00 63 00 65  .".:.8..5,.".c.e
00015770   00 6C 00 6C 00 41 00 72 00 65 00 61 00 53 00 71  .l.l.A.r.e.a.S.q
00015780   00 75 00 61 00 72 00 65 00 4D 00 65 00 74 00 65  .u.a.r.e.M.e.t.e
00015790   00 72 00 73 00 22 00 3A 00 36 00 34 00 00 1D 2C  .r.s.".:.6.4...,
000157A0   00 22 00 74 00 6F 00 74 00 61 00 6C 00 43 00 65  .".t.o.t.a.l.C.e
000157B0   00 6C 00 6C 00 73 00 22 00 3A 00 00 1D 2C 00 22  .l.l.s.".:...,."
000157C0   00 7A 00 6F 00 6E 00 65 00 64 00 43 00 65 00 6C  .z.o.n.e.d.C.e.l
000157D0   00 6C 00 73 00 22 00 3A 00 00 33 2C 00 22 00 7A  .l.s.".:..3,.".z
000157E0   00 6F 00 6E 00 65 00 64 00 41 00 72 00 65 00 61  .o.n.e.d.A.r.e.a
000157F0   00 53 00 71 00 75 00 61 00 72 00 65 00 4D 00 65  .S.q.u.a.r.e.M.e
00015800   00 74 00 65 00 72 00 73 00 22 00 3A 00 00 15 2C  .t.e.r.s.".:...,
00015810   00 22 00 7A 00 6F 00 6E 00 65 00 73 00 22 00 3A  .".z.o.n.e.s.".:
00015820   00 5B 00 00 13 7B 00 22 00 74 00 79 00 70 00 65  .[...{.".t.y.p.e
00015830   00 22 00 3A 00 22 00 00 11 2C 00 22 00 6B 00 65  .".:."...,.".k.e
00015840   00 79 00 22 00 3A 00 22 00 00 13 2C 00 22 00 76  .y.".:."...,.".v
00015850   00 61 00 6C 00 75 00 65 00 22 00 3A 00 00 15 2C  .a.l.u.e.".:...,
00015860   00 22 00 6D 00 61 00 78 00 22 00 3A 00 31 00 30  .".m.a.x.".:.1.0
00015870   00 30 00 00 15 2C 00 22 00 63 00 6F 00 6C 00 6F  .0...,.".c.o.l.o
00015880   00 72 00 22 00 3A 00 22 00 00 1F 2C 00 22 00 73  .r.".:."...,.".s
00015890   00 65 00 6E 00 64 00 65 00 72 00 4E 00 61 00 6D  .e.n.d.e.r.N.a.m
000158A0   00 65 00 22 00 3A 00 22 00 00 19 2C 00 22 00 73  .e.".:."...,.".s
000158B0   00 65 00 6E 00 64 00 65 00 72 00 49 00 64 00 22  .e.n.d.e.r.I.d."
000158C0   00 3A 00 00 13 2C 00 22 00 74 00 65 00 78 00 74  .:...,.".t.e.x.t
000158D0   00 22 00 3A 00 22 00 00 1D 2C 00 22 00 6D 00 65  .".:."...,.".m.e
000158E0   00 73 00 73 00 61 00 67 00 65 00 49 00 64 00 22  .s.s.a.g.e.I.d."
000158F0   00 3A 00 22 00 00 15 2C 00 22 00 6B 00 65 00 79  .:."...,.".k.e.y
00015900   00 49 00 64 00 22 00 3A 00 22 00 00 11 2C 00 22  .I.d.".:."...,."
00015910   00 74 00 61 00 67 00 22 00 3A 00 22 00 00 1D 2C  .t.a.g.".:."...,
00015920   00 22 00 73 00 65 00 6E 00 64 00 65 00 72 00 4B  .".s.e.n.d.e.r.K
00015930   00 65 00 79 00 22 00 3A 00 22 00 00 19 2C 00 22  .e.y.".:."...,."
00015940   00 72 00 61 00 6E 00 64 00 6F 00 6D 00 49 00 64  .r.a.n.d.o.m.I.d
00015950   00 22 00 3A 00 00 13 7B 00 22 00 7A 00 6F 00 6E  .".:...{.".z.o.n
00015960   00 65 00 22 00 3A 00 22 00 00 13 2C 00 22 00 63  .e.".:."...,.".c
00015970   00 65 00 6C 00 6C 00 73 00 22 00 3A 00 00 29 2C  .e.l.l.s.".:..),
00015980   00 22 00 61 00 72 00 65 00 61 00 53 00 71 00 75  .".a.r.e.a.S.q.u
00015990   00 61 00 72 00 65 00 4D 00 65 00 74 00 65 00 72  .a.r.e.M.e.t.e.r
000159A0   00 73 00 22 00 3A 00 00 21 2C 00 22 00 61 00 72  .s.".:..!,.".a.r
000159B0   00 65 00 61 00 48 00 65 00 63 00 74 00 61 00 72  .e.a.H.e.c.t.a.r
000159C0   00 65 00 73 00 22 00 3A 00 00 29 7B 00 22 00 6F  .e.s.".:..){.".o
000159D0   00 6B 00 22 00 3A 00 74 00 72 00 75 00 65 00 2C  .k.".:.t.r.u.e.,
000159E0   00 22 00 72 00 6F 00 61 00 64 00 73 00 22 00 3A  .".r.o.a.d.s.".:
000159F0   00 5B 00 00 13 7B 00 22 00 6E 00 61 00 6D 00 65  .[...{.".n.a.m.e
00015A00   00 22 00 3A 00 22 00 00 21 2C 00 22 00 64 00 69  .".:."..!,.".d.i
00015A10   00 73 00 70 00 6C 00 61 00 79 00 4E 00 61 00 6D  .s.p.l.a.y.N.a.m
00015A20   00 65 00 22 00 3A 00 22 00 00 2F 7B 00 22 00 6F  .e.".:."../{.".o
00015A30   00 6B 00 22 00 3A 00 74 00 72 00 75 00 65 00 2C  .k.".:.t.r.u.e.,
00015A40   00 22 00 6E 00 65 00 74 00 77 00 6F 00 72 00 6B  .".n.e.t.w.o.r.k
00015A50   00 73 00 22 00 3A 00 5B 00 00 19 2C 00 22 00 73  .s.".:.[...,.".s
00015A60   00 65 00 72 00 76 00 69 00 63 00 65 00 22 00 3A  .e.r.v.i.c.e.".:
00015A70   00 22 00 00 31 7B 00 22 00 6F 00 6B 00 22 00 3A  ."..1{.".o.k.".:
00015A80   00 74 00 72 00 75 00 65 00 2C 00 22 00 62 00 75  .t.r.u.e.,.".b.u
00015A90   00 69 00 6C 00 64 00 69 00 6E 00 67 00 73 00 22  .i.l.d.i.n.g.s."
00015AA0   00 3A 00 5B 00 00 13 2C 00 22 00 77 00 69 00 64  .:.[...,.".w.i.d
00015AB0   00 74 00 68 00 22 00 3A 00 00 15 2C 00 22 00 6C  .t.h.".:...,.".l
00015AC0   00 65 00 6E 00 67 00 74 00 68 00 22 00 3A 00 00  .e.n.g.t.h.".:..
00015AD0   0D 7B 00 22 00 69 00 64 00 22 00 3A 00 00 21 2C  .{.".i.d.".:..!,
00015AE0   00 22 00 62 00 6C 00 6F 00 63 00 6B 00 65 00 64  .".b.l.o.c.k.e.d
00015AF0   00 41 00 73 00 73 00 65 00 74 00 22 00 3A 00 00  .A.s.s.e.t.".:..
00015B00   15 2C 00 22 00 66 00 6C 00 61 00 67 00 73 00 22  .,.".f.l.a.g.s."
00015B10   00 3A 00 22 00 00 21 2C 00 22 00 61 00 6E 00 67  .:."..!,.".a.n.g
00015B20   00 6C 00 65 00 44 00 65 00 67 00 72 00 65 00 65  .l.e.D.e.g.r.e.e
00015B30   00 73 00 22 00 3A 00 00 1B 2C 00 22 00 70 00 72  .s.".:...,.".p.r
00015B40   00 6F 00 62 00 6C 00 65 00 6D 00 73 00 22 00 3A  .o.b.l.e.m.s.".:
00015B50   00 22 00 00 23 2C 00 22 00 70 00 6F 00 73 00 69  ."..#,.".p.o.s.i
00015B60   00 74 00 69 00 6F 00 6E 00 22 00 3A 00 7B 00 22  .t.i.o.n.".:.{."
00015B70   00 78 00 22 00 3A 00 00 05 22 00 3A 00 00 25 2C  .x.".:...".:..%,
00015B80   00 22 00 73 00 65 00 72 00 76 00 69 00 63 00 65  .".s.e.r.v.i.c.e
00015B90   00 46 00 69 00 6C 00 74 00 65 00 72 00 22 00 3A  .F.i.l.t.e.r.".:
00015BA0   00 22 00 00 2D 22 00 2C 00 22 00 69 00 6E 00 63  ."..-".,.".i.n.c
00015BB0   00 6C 00 75 00 64 00 65 00 4D 00 61 00 70 00 4F  .l.u.d.e.M.a.p.O
00015BC0   00 62 00 6A 00 65 00 63 00 74 00 73 00 22 00 3A  .b.j.e.c.t.s.".:
00015BD0   00 00 29 2C 00 22 00 63 00 6F 00 75 00 6E 00 74  ..),.".c.o.u.n.t
00015BE0   00 73 00 42 00 79 00 53 00 65 00 72 00 76 00 69  .s.B.y.S.e.r.v.i
00015BF0   00 63 00 65 00 22 00 3A 00 7B 00 00 31 7D 00 2C  .c.e.".:.{..1}.,
00015C00   00 22 00 63 00 6F 00 75 00 6E 00 74 00 73 00 42  .".c.o.u.n.t.s.B
00015C10   00 79 00 53 00 75 00 62 00 53 00 65 00 72 00 76  .y.S.u.b.S.e.r.v
00015C20   00 69 00 63 00 65 00 22 00 3A 00 7B 00 00 21 7D  .i.c.e.".:.{..!}
00015C30   00 2C 00 22 00 66 00 61 00 63 00 69 00 6C 00 69  .,.".f.a.c.i.l.i
00015C40   00 74 00 69 00 65 00 73 00 22 00 3A 00 5B 00 00  .t.i.e.s.".:.[..
00015C50   1B 2C 00 22 00 61 00 62 00 61 00 6E 00 64 00 6F  .,.".a.b.a.n.d.o
00015C60   00 6E 00 65 00 64 00 22 00 3A 00 00 2B 22 00 2C  .n.e.d.".:..+".,
00015C70   00 22 00 63 00 6F 00 75 00 6E 00 74 00 73 00 42  .".c.o.u.n.t.s.B
00015C80   00 79 00 53 00 65 00 72 00 76 00 69 00 63 00 65  .y.S.e.r.v.i.c.e
00015C90   00 22 00 3A 00 7B 00 00 1F 7D 00 2C 00 22 00 67  .".:.{...}.,.".g
00015CA0   00 72 00 6F 00 77 00 61 00 62 00 6C 00 65 00 73  .r.o.w.a.b.l.e.s
00015CB0   00 22 00 3A 00 5B 00 00 1F 2C 00 22 00 73 00 74  .".:.[...,.".s.t
00015CC0   00 61 00 72 00 74 00 4E 00 6F 00 64 00 65 00 49  .a.r.t.N.o.d.e.I
00015CD0   00 64 00 22 00 3A 00 00 1B 2C 00 22 00 65 00 6E  .d.".:...,.".e.n
00015CE0   00 64 00 4E 00 6F 00 64 00 65 00 49 00 64 00 22  .d.N.o.d.e.I.d."
00015CF0   00 3A 00 00 1D 2C 00 22 00 73 00 74 00 61 00 72  .:...,.".s.t.a.r
00015D00   00 74 00 22 00 3A 00 7B 00 22 00 78 00 22 00 3A  .t.".:.{.".x.".:
00015D10   00 00 19 2C 00 22 00 65 00 6E 00 64 00 22 00 3A  ...,.".e.n.d.".:
00015D20   00 7B 00 22 00 78 00 22 00 3A 00 00 1F 2C 00 22  .{.".x.".:...,."
00015D30   00 6D 00 69 00 64 00 64 00 6C 00 65 00 22 00 3A  .m.i.d.d.l.e.".:
00015D40   00 7B 00 22 00 78 00 22 00 3A 00 00 1D 7D 00 2C  .{.".x.".:...}.,
00015D50   00 22 00 73 00 65 00 67 00 6D 00 65 00 6E 00 74  .".s.e.g.m.e.n.t
00015D60   00 73 00 22 00 3A 00 5B 00 00 0B 57 00 61 00 74  .s.".:.[...W.a.t
00015D70   00 65 00 72 00 00 17 45 00 6C 00 65 00 63 00 74  .e.r...E.l.e.c.t
00015D80   00 72 00 69 00 63 00 69 00 74 00 79 00 00 0F 47  .r.i.c.i.t.y...G
00015D90   00 61 00 72 00 62 00 61 00 67 00 65 00 00 15 48  .a.r.b.a.g.e...H
00015DA0   00 65 00 61 00 6C 00 74 00 68 00 43 00 61 00 72  .e.a.l.t.h.C.a.r
00015DB0   00 65 00 00 21 50 00 6F 00 6C 00 69 00 63 00 65  .e..!P.o.l.i.c.e
00015DC0   00 44 00 65 00 70 00 61 00 72 00 74 00 6D 00 65  .D.e.p.a.r.t.m.e
00015DD0   00 6E 00 74 00 00 1D 46 00 69 00 72 00 65 00 44  .n.t...F.i.r.e.D
00015DE0   00 65 00 70 00 61 00 72 00 74 00 6D 00 65 00 6E  .e.p.a.r.t.m.e.n
00015DF0   00 74 00 00 13 45 00 64 00 75 00 63 00 61 00 74  .t...E.d.u.c.a.t
00015E00   00 69 00 6F 00 6E 00 00 11 44 00 69 00 73 00 61  .i.o.n...D.i.s.a
00015E10   00 73 00 74 00 65 00 72 00 00 15 49 00 6E 00 64  .s.t.e.r...I.n.d
00015E20   00 75 00 73 00 74 00 72 00 69 00 61 00 6C 00 00  .u.s.t.r.i.a.l..
00015E30   0D 4F 00 66 00 66 00 69 00 63 00 65 00 00 27 57  .O.f.f.i.c.e..'W
00015E40   00 61 00 74 00 65 00 72 00 20 00 50 00 69 00 70  .a.t.e.r. .P.i.p
00015E50   00 65 00 20 00 4A 00 75 00 6E 00 63 00 74 00 69  .e. .J.u.n.c.t.i
00015E60   00 6F 00 6E 00 00 2B 48 00 65 00 61 00 74 00 69  .o.n..+H.e.a.t.i
00015E70   00 6E 00 67 00 20 00 50 00 69 00 70 00 65 00 20  .n.g. .P.i.p.e.
00015E80   00 4A 00 75 00 6E 00 63 00 74 00 69 00 6F 00 6E  .J.u.n.c.t.i.o.n
00015E90   00 00 29 2C 00 22 00 6D 00 69 00 6E 00 4D 00 69  ..),.".m.i.n.M.i
00015EA0   00 6E 00 6F 00 72 00 69 00 74 00 79 00 43 00 65  .n.o.r.i.t.y.C.e
00015EB0   00 6C 00 6C 00 73 00 22 00 3A 00 00 27 2C 00 22  .l.l.s.".:..',."
00015EC0   00 6D 00 69 00 6E 00 55 00 6E 00 7A 00 6F 00 6E  .m.i.n.U.n.z.o.n
00015ED0   00 65 00 64 00 43 00 65 00 6C 00 6C 00 73 00 22  .e.d.C.e.l.l.s."
00015EE0   00 3A 00 00 2F 2C 00 22 00 69 00 6E 00 63 00 6C  .:../,.".i.n.c.l
00015EF0   00 75 00 64 00 65 00 55 00 6E 00 7A 00 6F 00 6E  .u.d.e.U.n.z.o.n
00015F00   00 65 00 64 00 48 00 6F 00 6C 00 65 00 73 00 22  .e.d.H.o.l.e.s."
00015F10   00 3A 00 00 17 2C 00 22 00 63 00 6F 00 75 00 6E  .:...,.".c.o.u.n
00015F20   00 74 00 73 00 22 00 3A 00 7B 00 00 1F 7D 00 2C  .t.s.".:.{...}.,
00015F30   00 22 00 61 00 6E 00 6F 00 6D 00 61 00 6C 00 69  .".a.n.o.m.a.l.i
00015F40   00 65 00 73 00 22 00 3A 00 5B 00 00 0F 55 00 6E  .e.s.".:.[...U.n
00015F50   00 7A 00 6F 00 6E 00 65 00 64 00 00 1D 6D 00 69  .z.o.n.e.d...m.i
00015F60   00 78 00 65 00 64 00 5A 00 6F 00 6E 00 65 00 42  .x.e.d.Z.o.n.e.B
00015F70   00 6C 00 6F 00 63 00 6B 00 00 25 70 00 61 00 74  .l.o.c.k..%p.a.t
00015F80   00 63 00 68 00 79 00 55 00 6E 00 7A 00 6F 00 6E  .c.h.y.U.n.z.o.n
00015F90   00 65 00 64 00 48 00 6F 00 6C 00 65 00 73 00 00  .e.d.H.o.l.e.s..
00015FA0   17 2C 00 22 00 62 00 6C 00 6F 00 63 00 6B 00 49  .,.".b.l.o.c.k.I
00015FB0   00 64 00 22 00 3A 00 00 19 2C 00 22 00 72 00 6F  .d.".:...,.".r.o
00015FC0   00 77 00 43 00 6F 00 75 00 6E 00 74 00 22 00 3A  .w.C.o.u.n.t.".:
00015FD0   00 00 1B 2C 00 22 00 63 00 65 00 6C 00 6C 00 43  ...,.".c.e.l.l.C
00015FE0   00 6F 00 75 00 6E 00 74 00 22 00 3A 00 00 21 2C  .o.u.n.t.".:..!,
00015FF0   00 22 00 75 00 6E 00 7A 00 6F 00 6E 00 65 00 64  .".u.n.z.o.n.e.d
00016000   00 43 00 65 00 6C 00 6C 00 73 00 22 00 3A 00 00  .C.e.l.l.s.".:..
00016010   23 2C 00 22 00 64 00 6F 00 6D 00 69 00 6E 00 61  #,.".d.o.m.i.n.a
00016020   00 6E 00 74 00 5A 00 6F 00 6E 00 65 00 22 00 3A  .n.t.Z.o.n.e.".:
00016030   00 22 00 00 27 2C 00 22 00 73 00 75 00 73 00 70  ."..',.".s.u.s.p
00016040   00 69 00 63 00 69 00 6F 00 75 00 73 00 43 00 65  .i.c.i.o.u.s.C.e
00016050   00 6C 00 6C 00 73 00 22 00 3A 00 00 1F 2C 00 22  .l.l.s.".:...,."
00016060   00 7A 00 6F 00 6E 00 65 00 43 00 6F 00 75 00 6E  .z.o.n.e.C.o.u.n
00016070   00 74 00 73 00 22 00 3A 00 7B 00 00 21 6D 00 69  .t.s.".:.{..!m.i
00016080   00 78 00 65 00 64 00 5A 00 6F 00 6E 00 65 00 43  .x.e.d.Z.o.n.e.C
00016090   00 6C 00 75 00 73 00 74 00 65 00 72 00 00 23 70  .l.u.s.t.e.r..#p
000160A0   00 61 00 74 00 63 00 68 00 79 00 5A 00 6F 00 6E  .a.t.c.h.y.Z.o.n
000160B0   00 65 00 43 00 6C 00 75 00 73 00 74 00 65 00 72  .e.C.l.u.s.t.e.r
000160C0   00 00 1F 2C 00 22 00 63 00 6C 00 75 00 73 00 74  ...,.".c.l.u.s.t
000160D0   00 65 00 72 00 4B 00 65 00 79 00 22 00 3A 00 22  .e.r.K.e.y.".:."
000160E0   00 00 1D 2C 00 22 00 62 00 6C 00 6F 00 63 00 6B  ...,.".b.l.o.c.k
000160F0   00 43 00 6F 00 75 00 6E 00 74 00 22 00 3A 00 00  .C.o.u.n.t.".:..
00016100   23 2C 00 22 00 64 00 6F 00 6D 00 69 00 6E 00 61  #,.".d.o.m.i.n.a
00016110   00 6E 00 74 00 43 00 65 00 6C 00 6C 00 73 00 22  .n.t.C.e.l.l.s."
00016120   00 3A 00 00 23 2C 00 22 00 6D 00 69 00 6E 00 6F  .:..#,.".m.i.n.o
00016130   00 72 00 69 00 74 00 79 00 43 00 65 00 6C 00 6C  .r.i.t.y.C.e.l.l
00016140   00 73 00 22 00 3A 00 00 23 2C 00 22 00 64 00 69  .s.".:..#,.".d.i
00016150   00 73 00 74 00 69 00 6E 00 63 00 74 00 5A 00 6F  .s.t.i.n.c.t.Z.o
00016160   00 6E 00 65 00 64 00 22 00 3A 00 00 25 2C 00 22  .n.e.d.".:..%,."
00016170   00 62 00 6F 00 75 00 6E 00 64 00 73 00 22 00 3A  .b.o.u.n.d.s.".:
00016180   00 7B 00 22 00 6D 00 69 00 6E 00 58 00 22 00 3A  .{.".m.i.n.X.".:
00016190   00 00 11 2C 00 22 00 6D 00 61 00 78 00 58 00 22  ...,.".m.a.x.X."
000161A0   00 3A 00 00 11 2C 00 22 00 6D 00 69 00 6E 00 5A  .:...,.".m.i.n.Z
000161B0   00 22 00 3A 00 00 11 2C 00 22 00 6D 00 61 00 78  .".:...,.".m.a.x
000161C0   00 5A 00 22 00 3A 00 00 03 3A 00 00 43 2C 00 22  .Z.".:...:..C,."
000161D0   00 63 00 6F 00 75 00 6E 00 74 00 73 00 22 00 3A  .c.o.u.n.t.s.".:
000161E0   00 7B 00 22 00 62 00 75 00 69 00 6C 00 64 00 69  .{.".b.u.i.l.d.i
000161F0   00 6E 00 67 00 52 00 6F 00 61 00 64 00 4F 00 76  .n.g.R.o.a.d.O.v
00016200   00 65 00 72 00 6C 00 61 00 70 00 22 00 3A 00 00  .e.r.l.a.p.".:..
00016210   3B 7B 00 22 00 74 00 79 00 70 00 65 00 22 00 3A  ;{.".t.y.p.e.".:
00016220   00 22 00 62 00 75 00 69 00 6C 00 64 00 69 00 6E  .".b.u.i.l.d.i.n
00016230   00 67 00 52 00 6F 00 61 00 64 00 4F 00 76 00 65  .g.R.o.a.d.O.v.e
00016240   00 72 00 6C 00 61 00 70 00 22 00 00 1D 2C 00 22  .r.l.a.p."...,."
00016250   00 62 00 75 00 69 00 6C 00 64 00 69 00 6E 00 67  .b.u.i.l.d.i.n.g
00016260   00 49 00 64 00 22 00 3A 00 00 1B 2C 00 22 00 73  .I.d.".:...,.".s
00016270   00 65 00 67 00 6D 00 65 00 6E 00 74 00 49 00 64  .e.g.m.e.n.t.I.d
00016280   00 22 00 3A 00 00 29 2C 00 22 00 6E 00 65 00 61  .".:..),.".n.e.a
00016290   00 72 00 4D 00 69 00 73 00 73 00 44 00 69 00 73  .r.M.i.s.s.D.i.s
000162A0   00 74 00 61 00 6E 00 63 00 65 00 22 00 3A 00 00  .t.a.n.c.e.".:..
000162B0   2D 2C 00 22 00 73 00 68 00 6F 00 72 00 74 00 53  -,.".s.h.o.r.t.S
000162C0   00 65 00 67 00 6D 00 65 00 6E 00 74 00 4C 00 65  .e.g.m.e.n.t.L.e
000162D0   00 6E 00 67 00 74 00 68 00 22 00 3A 00 00 27 2C  .n.g.t.h.".:..',
000162E0   00 22 00 69 00 6E 00 63 00 6C 00 75 00 64 00 65  .".i.n.c.l.u.d.e
000162F0   00 44 00 65 00 61 00 64 00 45 00 6E 00 64 00 73  .D.e.a.d.E.n.d.s
00016300   00 22 00 3A 00 00 1B 73 00 68 00 6F 00 72 00 74  .".:...s.h.o.r.t
00016310   00 52 00 6F 00 61 00 64 00 53 00 74 00 75 00 62  .R.o.a.d.S.t.u.b
00016320   00 00 29 2C 00 22 00 73 00 74 00 61 00 72 00 74  ..),.".s.t.a.r.t
00016330   00 43 00 6F 00 6E 00 6E 00 65 00 63 00 74 00 69  .C.o.n.n.e.c.t.i
00016340   00 6F 00 6E 00 73 00 22 00 3A 00 00 25 2C 00 22  .o.n.s.".:..%,."
00016350   00 65 00 6E 00 64 00 43 00 6F 00 6E 00 6E 00 65  .e.n.d.C.o.n.n.e
00016360   00 63 00 74 00 69 00 6F 00 6E 00 73 00 22 00 3A  .c.t.i.o.n.s.".:
00016370   00 00 0B 73 00 74 00 61 00 72 00 74 00 00 07 65  ...s.t.a.r.t...e
00016380   00 6E 00 64 00 00 1F 64 00 65 00 61 00 64 00 45  .n.d...d.e.a.d.E
00016390   00 6E 00 64 00 4E 00 65 00 61 00 72 00 52 00 6F  .n.d.N.e.a.r.R.o
000163A0   00 61 00 64 00 00 15 2C 00 22 00 6E 00 6F 00 64  .a.d...,.".n.o.d
000163B0   00 65 00 49 00 64 00 22 00 3A 00 00 21 2C 00 22  .e.I.d.".:..!,."
000163C0   00 6F 00 77 00 6E 00 53 00 65 00 67 00 6D 00 65  .o.w.n.S.e.g.m.e
000163D0   00 6E 00 74 00 49 00 64 00 22 00 3A 00 00 29 2C  .n.t.I.d.".:..),
000163E0   00 22 00 6E 00 65 00 61 00 72 00 65 00 73 00 74  .".n.e.a.r.e.s.t
000163F0   00 53 00 65 00 67 00 6D 00 65 00 6E 00 74 00 49  .S.e.g.m.e.n.t.I
00016400   00 64 00 22 00 3A 00 00 19 2C 00 22 00 64 00 69  .d.".:...,.".d.i
00016410   00 73 00 74 00 61 00 6E 00 63 00 65 00 22 00 3A  .s.t.a.n.c.e.".:
00016420   00 00 17 64 00 65 00 61 00 64 00 45 00 6E 00 64  ...d.e.a.d.E.n.d
00016430   00 52 00 6F 00 61 00 64 00 00 2F 6F 00 76 00 65  .R.o.a.d../o.v.e
00016440   00 72 00 6C 00 61 00 70 00 70 00 69 00 6E 00 67  .r.l.a.p.p.i.n.g
00016450   00 52 00 6F 00 61 00 64 00 53 00 65 00 67 00 6D  .R.o.a.d.S.e.g.m
00016460   00 65 00 6E 00 74 00 73 00 00 1D 2C 00 22 00 73  .e.n.t.s...,.".s
00016470   00 65 00 67 00 6D 00 65 00 6E 00 74 00 41 00 49  .e.g.m.e.n.t.A.I
00016480   00 64 00 22 00 3A 00 00 1D 2C 00 22 00 73 00 65  .d.".:...,.".s.e
00016490   00 67 00 6D 00 65 00 6E 00 74 00 42 00 49 00 64  .g.m.e.n.t.B.I.d
000164A0   00 22 00 3A 00 00 19 2C 00 22 00 70 00 72 00 65  .".:...,.".p.r.e
000164B0   00 66 00 61 00 62 00 41 00 22 00 3A 00 22 00 00  .f.a.b.A.".:."..
000164C0   19 2C 00 22 00 70 00 72 00 65 00 66 00 61 00 62  .,.".p.r.e.f.a.b
000164D0   00 42 00 22 00 3A 00 22 00 00 23 2C 00 22 00 6F  .B.".:."..#,.".o
000164E0   00 76 00 65 00 72 00 6C 00 61 00 70 00 4C 00 65  .v.e.r.l.a.p.L.e
000164F0   00 6E 00 67 00 74 00 68 00 22 00 3A 00 00 11 73  .n.g.t.h.".:...s
00016500   00 65 00 67 00 6D 00 65 00 6E 00 74 00 41 00 00  .e.g.m.e.n.t.A..
00016510   11 73 00 65 00 67 00 6D 00 65 00 6E 00 74 00 42  .s.e.g.m.e.n.t.B
00016520   00 00 2F 72 00 6F 00 61 00 64 00 43 00 72 00 6F  ../r.o.a.d.C.r.o
00016530   00 73 00 73 00 69 00 6E 00 67 00 57 00 69 00 74  .s.s.i.n.g.W.i.t
00016540   00 68 00 6F 00 75 00 74 00 4E 00 6F 00 64 00 65  .h.o.u.t.N.o.d.e
00016550   00 00 29 2C 00 22 00 68 00 65 00 69 00 67 00 68  ..),.".h.e.i.g.h
00016560   00 74 00 44 00 69 00 66 00 66 00 65 00 72 00 65  .t.D.i.f.f.e.r.e
00016570   00 6E 00 63 00 65 00 22 00 3A 00 00 2B 64 00 75  .n.c.e.".:..+d.u
00016580   00 70 00 6C 00 69 00 63 00 61 00 74 00 65 00 52  .p.l.i.c.a.t.e.R
00016590   00 6F 00 61 00 64 00 53 00 65 00 67 00 6D 00 65  .o.a.d.S.e.g.m.e
000165A0   00 6E 00 74 00 73 00 00 21 72 00 6F 00 61 00 64  .n.t.s..!r.o.a.d
000165B0   00 54 00 65 00 72 00 72 00 61 00 69 00 6E 00 43  .T.e.r.r.a.i.n.C
000165C0   00 6C 00 69 00 66 00 66 00 00 33 2C 00 22 00 6D  .l.i.f.f..3,.".m
000165D0   00 61 00 78 00 52 00 6F 00 61 00 64 00 54 00 6F  .a.x.R.o.a.d.T.o
000165E0   00 54 00 65 00 72 00 72 00 61 00 69 00 6E 00 44  .T.e.r.r.a.i.n.D
000165F0   00 65 00 6C 00 74 00 61 00 22 00 3A 00 00 2D 2C  .e.l.t.a.".:..-,
00016600   00 22 00 6D 00 61 00 78 00 53 00 69 00 64 00 65  .".m.a.x.S.i.d.e
00016610   00 54 00 6F 00 53 00 69 00 64 00 65 00 44 00 65  .T.o.S.i.d.e.D.e
00016620   00 6C 00 74 00 61 00 22 00 3A 00 00 37 2C 00 22  .l.t.a.".:..7,."
00016630   00 6D 00 61 00 78 00 41 00 64 00 6A 00 61 00 63  .m.a.x.A.d.j.a.c
00016640   00 65 00 6E 00 74 00 54 00 65 00 72 00 72 00 61  .e.n.t.T.e.r.r.a
00016650   00 69 00 6E 00 44 00 65 00 6C 00 74 00 61 00 22  .i.n.D.e.l.t.a."
00016660   00 3A 00 00 1D 73 00 61 00 6D 00 70 00 6C 00 65  .:...s.a.m.p.l.e
00016670   00 50 00 6F 00 73 00 69 00 74 00 69 00 6F 00 6E  .P.o.s.i.t.i.o.n
00016680   00 00 0F 73 00 65 00 67 00 6D 00 65 00 6E 00 74  ...s.e.g.m.e.n.t
00016690   00 00 27 72 00 6F 00 61 00 64 00 42 00 65 00 6C  ..'r.o.a.d.B.e.l
000166A0   00 6F 00 77 00 4C 00 6F 00 63 00 61 00 6C 00 47  .o.w.L.o.c.a.l.G
000166B0   00 72 00 61 00 64 00 65 00 00 1F 2C 00 22 00 6C  .r.a.d.e...,.".l
000166C0   00 6F 00 63 00 61 00 6C 00 47 00 72 00 61 00 64  .o.c.a.l.G.r.a.d
000166D0   00 65 00 59 00 22 00 3A 00 00 13 2C 00 22 00 72  .e.Y.".:...,.".r
000166E0   00 6F 00 61 00 64 00 59 00 22 00 3A 00 00 17 2C  .o.a.d.Y.".:...,
000166F0   00 22 00 62 00 65 00 6C 00 6F 00 77 00 42 00 79  .".b.e.l.o.w.B.y
00016700   00 22 00 3A 00 00 05 2C 00 22 00 00 0F 22 00 3A  .".:...,."...".:
00016710   00 7B 00 22 00 78 00 22 00 3A 00 00 07 22 00 3A  .{.".x.".:...".:
00016720   00 7B 00 00 1D 22 00 73 00 74 00 61 00 72 00 74  .{...".s.t.a.r.t
00016730   00 4E 00 6F 00 64 00 65 00 49 00 64 00 22 00 3A  .N.o.d.e.I.d.".:
00016740   00 00 0F 4F 00 75 00 74 00 73 00 69 00 64 00 65  ...O.u.t.s.i.d.e
00016750   00 00 23 48 00 69 00 67 00 68 00 77 00 61 00 79  ..#H.i.g.h.w.a.y
00016760   00 20 00 43 00 6F 00 6E 00 6E 00 65 00 63 00 74  . .C.o.n.n.e.c.t
00016770   00 6F 00 72 00 00 0F 48 00 69 00 67 00 68 00 77  .o.r...H.i.g.h.w
00016780   00 61 00 79 00 00 0B 41 00 67 00 65 00 6E 00 74  .a.y...A.g.e.n.t
00016790   00 00 11 45 00 6C 00 65 00 76 00 61 00 74 00 65  ...E.l.e.v.a.t.e
000167A0   00 64 00 00 0D 42 00 72 00 69 00 64 00 67 00 65  .d...B.r.i.d.g.e
000167B0   00 00 0D 54 00 75 00 6E 00 6E 00 65 00 6C 00 00  ...T.u.n.n.e.l..
000167C0   0B 53 00 6C 00 6F 00 70 00 65 00 00 39 7B 00 22  .S.l.o.p.e..9{."
000167D0   00 6F 00 6B 00 22 00 3A 00 74 00 72 00 75 00 65  .o.k.".:.t.r.u.e
000167E0   00 2C 00 22 00 72 00 6F 00 61 00 64 00 43 00 6F  .,.".r.o.a.d.C.o
000167F0   00 6D 00 70 00 6F 00 6E 00 65 00 6E 00 74 00 73  .m.p.o.n.e.n.t.s
00016800   00 22 00 3A 00 00 29 2C 00 22 00 6F 00 75 00 74  .".:..),.".o.u.t
00016810   00 73 00 69 00 64 00 65 00 52 00 6F 00 61 00 64  .s.i.d.e.R.o.a.d
00016820   00 4E 00 6F 00 64 00 65 00 73 00 22 00 3A 00 00  .N.o.d.e.s.".:..
00016830   2F 2C 00 22 00 6F 00 75 00 74 00 73 00 69 00 64  /,.".o.u.t.s.i.d
00016840   00 65 00 52 00 6F 00 61 00 64 00 53 00 65 00 67  .e.R.o.a.d.S.e.g
00016850   00 6D 00 65 00 6E 00 74 00 73 00 22 00 3A 00 00  .m.e.n.t.s.".:..
00016860   2F 2C 00 22 00 6C 00 6F 00 63 00 61 00 6C 00 52  /,.".l.o.c.a.l.R
00016870   00 6F 00 61 00 64 00 43 00 6F 00 6D 00 70 00 6F  .o.a.d.C.o.m.p.o
00016880   00 6E 00 65 00 6E 00 74 00 73 00 22 00 3A 00 00  .n.e.n.t.s.".:..
00016890   47 2C 00 22 00 64 00 69 00 73 00 63 00 6F 00 6E  G,.".d.i.s.c.o.n
000168A0   00 6E 00 65 00 63 00 74 00 65 00 64 00 4C 00 6F  .n.e.c.t.e.d.L.o
000168B0   00 63 00 61 00 6C 00 52 00 6F 00 61 00 64 00 43  .c.a.l.R.o.a.d.C
000168C0   00 6F 00 6D 00 70 00 6F 00 6E 00 65 00 6E 00 74  .o.m.p.o.n.e.n.t
000168D0   00 73 00 22 00 3A 00 00 27 2C 00 22 00 63 00 69  .s.".:..',.".c.i
000168E0   00 74 00 79 00 43 00 6F 00 6D 00 70 00 6F 00 6E  .t.y.C.o.m.p.o.n
000168F0   00 65 00 6E 00 74 00 49 00 64 00 22 00 3A 00 00  .e.n.t.I.d.".:..
00016900   35 2C 00 22 00 63 00 69 00 74 00 79 00 43 00 6F  5,.".c.i.t.y.C.o
00016910   00 6E 00 6E 00 65 00 63 00 74 00 65 00 64 00 54  .n.n.e.c.t.e.d.T
00016920   00 6F 00 4F 00 75 00 74 00 73 00 69 00 64 00 65  .o.O.u.t.s.i.d.e
00016930   00 22 00 3A 00 00 1F 2C 00 22 00 63 00 6F 00 6D  .".:...,.".c.o.m
00016940   00 70 00 6F 00 6E 00 65 00 6E 00 74 00 73 00 22  .p.o.n.e.n.t.s."
00016950   00 3A 00 5B 00 00 1F 7B 00 22 00 63 00 6F 00 6D  .:.[...{.".c.o.m
00016960   00 70 00 6F 00 6E 00 65 00 6E 00 74 00 49 00 64  .p.o.n.e.n.t.I.d
00016970   00 22 00 3A 00 00 21 2C 00 22 00 73 00 65 00 67  .".:..!,.".s.e.g
00016980   00 6D 00 65 00 6E 00 74 00 43 00 6F 00 75 00 6E  .m.e.n.t.C.o.u.n
00016990   00 74 00 22 00 3A 00 00 2D 2C 00 22 00 61 00 67  .t.".:..-,.".a.g
000169A0   00 65 00 6E 00 74 00 4E 00 61 00 6D 00 65 00 64  .e.n.t.N.a.m.e.d
000169B0   00 53 00 65 00 67 00 6D 00 65 00 6E 00 74 00 73  .S.e.g.m.e.n.t.s
000169C0   00 22 00 3A 00 00 2D 2C 00 22 00 6E 00 6F 00 6E  .".:..-,.".n.o.n
000169D0   00 48 00 69 00 67 00 68 00 77 00 61 00 79 00 53  .H.i.g.h.w.a.y.S
000169E0   00 65 00 67 00 6D 00 65 00 6E 00 74 00 73 00 22  .e.g.m.e.n.t.s."
000169F0   00 3A 00 00 21 2C 00 22 00 6F 00 75 00 74 00 73  .:..!,.".o.u.t.s
00016A00   00 69 00 64 00 65 00 4E 00 6F 00 64 00 65 00 73  .i.d.e.N.o.d.e.s
00016A10   00 22 00 3A 00 00 29 2C 00 22 00 6F 00 75 00 74  .".:..),.".o.u.t
00016A20   00 73 00 69 00 64 00 65 00 43 00 6F 00 6E 00 6E  .s.i.d.e.C.o.n.n
00016A30   00 65 00 63 00 74 00 65 00 64 00 22 00 3A 00 00  .e.c.t.e.d.".:..
00016A40   31 2C 00 22 00 69 00 73 00 4C 00 6F 00 63 00 61  1,.".i.s.L.o.c.a
00016A50   00 6C 00 52 00 6F 00 61 00 64 00 43 00 6F 00 6D  .l.R.o.a.d.C.o.m
00016A60   00 70 00 6F 00 6E 00 65 00 6E 00 74 00 22 00 3A  .p.o.n.e.n.t.".:
00016A70   00 00 27 2C 00 22 00 73 00 61 00 6D 00 70 00 6C  ..',.".s.a.m.p.l
00016A80   00 65 00 53 00 65 00 67 00 6D 00 65 00 6E 00 74  .e.S.e.g.m.e.n.t
00016A90   00 49 00 64 00 22 00 3A 00 00 1F 2C 00 22 00 73  .I.d.".:...,.".s
00016AA0   00 61 00 6D 00 70 00 6C 00 65 00 4E 00 61 00 6D  .a.m.p.l.e.N.a.m
00016AB0   00 65 00 22 00 3A 00 22 00 00 1F 2C 00 22 00 63  .e.".:."...,.".c
00016AC0   00 65 00 6E 00 74 00 65 00 72 00 22 00 3A 00 7B  .e.n.t.e.r.".:.{
00016AD0   00 22 00 78 00 22 00 3A 00 00 2B 7D 00 2C 00 22  .".x.".:..+}.,."
00016AE0   00 63 00 6F 00 75 00 6E 00 74 00 73 00 42 00 79  .c.o.u.n.t.s.B.y
00016AF0   00 50 00 72 00 6F 00 62 00 6C 00 65 00 6D 00 22  .P.r.o.b.l.e.m."
00016B00   00 3A 00 7B 00 00 1D 7D 00 2C 00 22 00 70 00 72  .:.{...}.,.".p.r
00016B10   00 6F 00 62 00 6C 00 65 00 6D 00 73 00 22 00 3A  .o.b.l.e.m.s.".:
00016B20   00 5B 00 00 1F 7B 00 22 00 65 00 6E 00 74 00 69  .[...{.".e.n.t.i
00016B30   00 74 00 79 00 54 00 79 00 70 00 65 00 22 00 3A  .t.y.T.y.p.e.".:
00016B40   00 22 00 00 0D 2C 00 22 00 69 00 64 00 22 00 3A  ."...,.".i.d.".:
00016B50   00 00 21 2C 00 22 00 70 00 72 00 6F 00 62 00 6C  ..!,.".p.r.o.b.l
00016B60   00 65 00 6D 00 4E 00 61 00 6D 00 65 00 73 00 22  .e.m.N.a.m.e.s."
00016B70   00 3A 00 00 1F 2C 00 22 00 70 00 72 00 6F 00 62  .:...,.".p.r.o.b
00016B80   00 6C 00 65 00 6D 00 31 00 52 00 61 00 77 00 22  .l.e.m.1.R.a.w."
00016B90   00 3A 00 00 1F 2C 00 22 00 70 00 72 00 6F 00 62  .:...,.".p.r.o.b
00016BA0   00 6C 00 65 00 6D 00 32 00 52 00 61 00 77 00 22  .l.e.m.2.R.a.w."
00016BB0   00 3A 00 00 25 2C 00 22 00 62 00 75 00 69 00 6C  .:..%,.".b.u.i.l
00016BC0   00 64 00 69 00 6E 00 67 00 46 00 6C 00 61 00 67  .d.i.n.g.F.l.a.g
00016BD0   00 73 00 22 00 3A 00 22 00 00 29 2C 00 22 00 62  .s.".:."..),.".b
00016BE0   00 75 00 69 00 6C 00 64 00 69 00 6E 00 67 00 46  .u.i.l.d.i.n.g.F
00016BF0   00 6C 00 61 00 67 00 73 00 52 00 61 00 77 00 22  .l.a.g.s.R.a.w."
00016C00   00 3A 00 00 17 2C 00 22 00 69 00 73 00 4D 00 61  .:...,.".i.s.M.a
00016C10   00 6A 00 6F 00 72 00 22 00 3A 00 00 17 2C 00 22  .j.o.r.".:...,."
00016C20   00 69 00 73 00 46 00 61 00 74 00 61 00 6C 00 22  .i.s.F.a.t.a.l."
00016C30   00 3A 00 00 05 2C 00 20 00 00 09 4E 00 6F 00 6E  .:...,. ...N.o.n
00016C40   00 65 00 00 03 5D 00 00 13 41 00 62 00 61 00 6E  .e...]...A.b.a.n
00016C50   00 64 00 6F 00 6E 00 65 00 64 00 00 15 42 00 75  .d.o.n.e.d...B.u
00016C60   00 72 00 6E 00 65 00 64 00 44 00 6F 00 77 00 6E  .r.n.e.d.D.o.w.n
00016C70   00 00 13 43 00 6F 00 6C 00 6C 00 61 00 70 00 73  ...C.o.l.l.a.p.s
00016C80   00 65 00 64 00 00 0F 46 00 6C 00 6F 00 6F 00 64  .e.d...F.l.o.o.d
00016C90   00 65 00 64 00 00 21 52 00 6F 00 61 00 64 00 41  .e.d..!R.o.a.d.A
00016CA0   00 63 00 63 00 65 00 73 00 73 00 46 00 61 00 69  .c.c.e.s.s.F.a.i
00016CB0   00 6C 00 65 00 64 00 00 3B 52 00 65 00 6C 00 65  .l.e.d..;R.e.l.e
00016CC0   00 61 00 73 00 65 00 42 00 75 00 69 00 6C 00 64  .a.s.e.B.u.i.l.d
00016CD0   00 69 00 6E 00 67 00 49 00 6D 00 70 00 6C 00 65  .i.n.g.I.m.p.l.e
00016CE0   00 6D 00 65 00 6E 00 74 00 61 00 74 00 69 00 6F  .m.e.n.t.a.t.i.o
00016CF0   00 6E 00 00 39 52 00 65 00 6C 00 65 00 61 00 73  .n..9R.e.l.e.a.s
00016D00   00 65 00 53 00 65 00 67 00 6D 00 65 00 6E 00 74  .e.S.e.g.m.e.n.t
00016D10   00 49 00 6D 00 70 00 6C 00 65 00 6D 00 65 00 6E  .I.m.p.l.e.m.e.n
00016D20   00 74 00 61 00 74 00 69 00 6F 00 6E 00 00 35 41  .t.a.t.i.o.n..5A
00016D30   00 6C 00 72 00 65 00 61 00 64 00 79 00 20 00 69  .l.r.e.a.d.y. .i
00016D40   00 6E 00 20 00 74 00 68 00 65 00 20 00 73 00 61  .n. .t.h.e. .s.a
00016D50   00 6D 00 65 00 20 00 74 00 68 00 72 00 65 00 61  .m.e. .t.h.r.e.a
00016D60   00 64 00 00 05 5C 00 5C 00 00 05 5C 00 22 00 00  .d...\.\...\."..
00016D70   05 5C 00 6E 00 00 05 5C 00 72 00 00 05 5C 00 74  .\.n...\.r...\.t
00016D80   00 00 0B 30 00 2E 00 23 00 23 00 23 00 00 07 22  ...0...#.#.#..."
00016D90   00 3A 00 22 00 00 23 22 00 5C 00 73 00 2A 00 3A  .:."..#".\.s.*.:
00016DA0   00 5C 00 73 00 2A 00 22 00 28 00 5B 00 5E 00 22  .\.s.*.".(.[.^."
00016DB0   00 5D 00 2A 00 29 00 22 00 00 03 5C 00 00 29 22  .].*.)."...\..)"
00016DC0   00 5C 00 73 00 2A 00 3A 00 5C 00 73 00 2A 00 28  .\.s.*.:.\.s.*.(
00016DD0   00 74 00 72 00 75 00 65 00 7C 00 66 00 61 00 6C  .t.r.u.e.|.f.a.l
00016DE0   00 73 00 65 00 29 00 00 27 22 00 5C 00 73 00 2A  .s.e.)..'".\.s.*
00016DF0   00 3A 00 5C 00 73 00 2A 00 5C 00 7B 00 28 00 5B  .:.\.s.*.\.{.(.[
00016E00   00 5E 00 7D 00 5D 00 2A 00 29 00 5C 00 7D 00 00  .^.}.].*.).\.}..
00016E10   3F 22 00 5C 00 73 00 2A 00 3A 00 5C 00 73 00 2A  ?".\.s.*.:.\.s.*
00016E20   00 28 00 2D 00 3F 00 5B 00 30 00 2D 00 39 00 5D  .(.-.?.[.0.-.9.]
00016E30   00 2B 00 28 00 3F 00 3A 00 5C 00 2E 00 5B 00 30  .+.(.?.:.\...[.0
00016E40   00 2D 00 39 00 5D 00 2B 00 29 00 3F 00 29 00 01  .-.9.].+.).?.)..
00016E50   15 42 00 61 00 73 00 69 00 63 00 20 00 52 00 6F  .B.a.s.i.c. .R.o
00016E60   00 61 00 64 00 00 37 52 00 6F 00 61 00 64 00 20  .a.d..7R.o.a.d.
00016E70   00 70 00 72 00 65 00 66 00 61 00 62 00 20 00 77  .p.r.e.f.a.b. .w
00016E80   00 61 00 73 00 20 00 6E 00 6F 00 74 00 20 00 66  .a.s. .n.o.t. .f
00016E90   00 6F 00 75 00 6E 00 64 00 3A 00 20 00 00 25 52  .o.u.n.d.:. ..%R
00016EA0   00 6F 00 61 00 64 00 20 00 69 00 73 00 20 00 74  .o.a.d. .i.s. .t
00016EB0   00 6F 00 6F 00 20 00 73 00 68 00 6F 00 72 00 74  .o.o. .s.h.o.r.t
00016EC0   00 2E 00 00 80 A3 7B 00 22 00 6F 00 6B 00 22 00  ....£{.".o.k.".
00016ED0   3A 00 74 00 72 00 75 00 65 00 2C 00 22 00 64 00  :.t.r.u.e.,.".d.
00016EE0   72 00 79 00 52 00 75 00 6E 00 22 00 3A 00 74 00  r.y.R.u.n.".:.t.
00016EF0   72 00 75 00 65 00 2C 00 22 00 6D 00 65 00 73 00  r.u.e.,.".m.e.s.
00016F00   73 00 61 00 67 00 65 00 22 00 3A 00 22 00 42 00  s.a.g.e.".:.".B.
00016F10   75 00 69 00 6C 00 64 00 2D 00 72 00 6F 00 61 00  u.i.l.d.-.r.o.a.
00016F20   64 00 20 00 76 00 61 00 6C 00 69 00 64 00 61 00  d. .v.a.l.i.d.a.
00016F30   74 00 69 00 6F 00 6E 00 20 00 70 00 61 00 73 00  t.i.o.n. .p.a.s.
00016F40   73 00 65 00 64 00 2E 00 22 00 2C 00 22 00 72 00  s.e.d...".,.".r.
00016F50   6F 00 61 00 64 00 50 00 72 00 65 00 66 00 61 00  o.a.d.P.r.e.f.a.
00016F60   62 00 22 00 3A 00 22 00 01 39 46 00 61 00 69 00  b.".:."..9F.a.i.
00016F70   6C 00 65 00 64 00 20 00 74 00 6F 00 20 00 63 00  l.e.d. .t.o. .c.
00016F80   72 00 65 00 61 00 74 00 65 00 20 00 73 00 74 00  r.e.a.t.e. .s.t.
00016F90   61 00 72 00 74 00 20 00 6E 00 6F 00 64 00 65 00  a.r.t. .n.o.d.e.
00016FA0   2E 00 00 35 46 00 61 00 69 00 6C 00 65 00 64 00  ...5F.a.i.l.e.d.
00016FB0   20 00 74 00 6F 00 20 00 63 00 72 00 65 00 61 00   .t.o. .c.r.e.a.
00016FC0   74 00 65 00 20 00 65 00 6E 00 64 00 20 00 6E 00  t.e. .e.n.d. .n.
00016FD0   6F 00 64 00 65 00 2E 00 00 3D 46 00 61 00 69 00  o.d.e....=F.a.i.
00016FE0   6C 00 65 00 64 00 20 00 74 00 6F 00 20 00 63 00  l.e.d. .t.o. .c.
00016FF0   72 00 65 00 61 00 74 00 65 00 20 00 72 00 6F 00  r.e.a.t.e. .r.o.
00017000   61 00 64 00 20 00 73 00 65 00 67 00 6D 00 65 00  a.d. .s.e.g.m.e.
00017010   6E 00 74 00 2E 00 00 4D 7B 00 22 00 6F 00 6B 00  n.t....M{.".o.k.
00017020   22 00 3A 00 74 00 72 00 75 00 65 00 2C 00 22 00  ".:.t.r.u.e.,.".
00017030   64 00 72 00 79 00 52 00 75 00 6E 00 22 00 3A 00  d.r.y.R.u.n.".:.
00017040   66 00 61 00 6C 00 73 00 65 00 2C 00 22 00 73 00  f.a.l.s.e.,.".s.
00017050   65 00 67 00 6D 00 65 00 6E 00 74 00 49 00 64 00  e.g.m.e.n.t.I.d.
00017060   22 00 3A 00 00 1F 2C 00 22 00 72 00 6F 00 61 00  ".:...,.".r.o.a.
00017070   64 00 50 00 72 00 65 00 66 00 61 00 62 00 22 00  d.P.r.e.f.a.b.".
00017080   3A 00 22 00 00 53 5B 00 53 00 6B 00 79 00 6C 00  :."..S[.S.k.y.l.
00017090   69 00 6E 00 65 00 73 00 41 00 67 00 65 00 6E 00  i.n.e.s.A.g.e.n.
000170A0   74 00 42 00 72 00 69 00 64 00 67 00 65 00 5D 00  t.B.r.i.d.g.e.].
000170B0   20 00 42 00 75 00 69 00 6C 00 74 00 20 00 72 00   .B.u.i.l.t. .r.
000170C0   6F 00 61 00 64 00 20 00 73 00 65 00 67 00 6D 00  o.a.d. .s.e.g.m.
000170D0   65 00 6E 00 74 00 20 00 00 3D 41 00 20 00 73 00  e.n.t. ..=A. .s.
000170E0   61 00 76 00 65 00 20 00 69 00 73 00 20 00 61 00  a.v.e. .i.s. .a.
000170F0   6C 00 72 00 65 00 61 00 64 00 79 00 20 00 69 00  l.r.e.a.d.y. .i.
00017100   6E 00 20 00 70 00 72 00 6F 00 67 00 72 00 65 00  n. .p.r.o.g.r.e.
00017110   73 00 73 00 2E 00 00 7D 53 00 61 00 76 00 65 00  s.s....}S.a.v.e.
00017120   50 00 61 00 6E 00 65 00 6C 00 20 00 77 00 61 00  P.a.n.e.l. .w.a.
00017130   73 00 20 00 6E 00 6F 00 74 00 20 00 66 00 6F 00  s. .n.o.t. .f.o.
00017140   75 00 6E 00 64 00 2E 00 20 00 54 00 68 00 65 00  u.n.d... .T.h.e.
00017150   20 00 69 00 6E 00 2D 00 67 00 61 00 6D 00 65 00   .i.n.-.g.a.m.e.
00017160   20 00 55 00 49 00 20 00 6D 00 61 00 79 00 20 00   .U.I. .m.a.y. .
00017170   6E 00 6F 00 74 00 20 00 62 00 65 00 20 00 6C 00  n.o.t. .b.e. .l.
00017180   6F 00 61 00 64 00 65 00 64 00 20 00 79 00 65 00  o.a.d.e.d. .y.e.
00017190   74 00 2E 00 01 49 53 00 61 00 76 00 65 00 50 00  t....IS.a.v.e.P.
000171A0   61 00 6E 00 65 00 6C 00 20 00 72 00 65 00 6A 00  a.n.e.l. .r.e.j.
000171B0   65 00 63 00 74 00 65 00 64 00 20 00 74 00 68 00  e.c.t.e.d. .t.h.
000171C0   65 00 20 00 73 00 61 00 76 00 65 00 20 00 72 00  e. .s.a.v.e. .r.
000171D0   65 00 71 00 75 00 65 00 73 00 74 00 2E 00 00 5D  e.q.u.e.s.t....]
000171E0   5B 00 53 00 6B 00 79 00 6C 00 69 00 6E 00 65 00  [.S.k.y.l.i.n.e.
000171F0   73 00 41 00 67 00 65 00 6E 00 74 00 42 00 72 00  s.A.g.e.n.t.B.r.
00017200   69 00 64 00 67 00 65 00 5D 00 20 00 52 00 65 00  i.d.g.e.]. .R.e.
00017210   71 00 75 00 65 00 73 00 74 00 65 00 64 00 20 00  q.u.e.s.t.e.d. .
00017220   70 00 61 00 63 00 6B 00 61 00 67 00 65 00 20 00  p.a.c.k.a.g.e. .
00017230   73 00 61 00 76 00 65 00 3A 00 20 00 00 09 20 00  s.a.v.e.:. ... .
00017240   2D 00 3E 00 20 00 01 2F 7B 00 22 00 6F 00 6B 00  -.>. ../{.".o.k.
00017250   22 00 3A 00 74 00 72 00 75 00 65 00 2C 00 22 00  ".:.t.r.u.e.,.".
00017260   73 00 61 00 76 00 65 00 4E 00 61 00 6D 00 65 00  s.a.v.e.N.a.m.e.
00017270   22 00 3A 00 22 00 00 15 22 00 2C 00 22 00 70 00  ".:."...".,.".p.
00017280   61 00 74 00 68 00 22 00 3A 00 22 00 00 1B 22 00  a.t.h.".:."...".
00017290   2C 00 22 00 69 00 73 00 53 00 61 00 76 00 69 00  ,.".i.s.S.a.v.i.
000172A0   6E 00 67 00 22 00 3A 00 00 80 B1 2C 00 22 00 6D  n.g.".:..±,.".m
000172B0   00 65 00 73 00 73 00 61 00 67 00 65 00 22 00 3A  .e.s.s.a.g.e.".:
000172C0   00 22 00 53 00 61 00 76 00 65 00 20 00 72 00 65  .".S.a.v.e. .r.e
000172D0   00 71 00 75 00 65 00 73 00 74 00 65 00 64 00 20  .q.u.e.s.t.e.d.
000172E0   00 74 00 68 00 72 00 6F 00 75 00 67 00 68 00 20  .t.h.r.o.u.g.h.
000172F0   00 53 00 61 00 76 00 65 00 50 00 61 00 6E 00 65  .S.a.v.e.P.a.n.e
00017300   00 6C 00 2E 00 20 00 50 00 6F 00 6C 00 6C 00 20  .l... .P.o.l.l.
00017310   00 2F 00 73 00 74 00 61 00 74 00 65 00 2F 00 73  ./.s.t.a.t.e./.s
00017320   00 61 00 76 00 65 00 73 00 20 00 75 00 6E 00 74  .a.v.e.s. .u.n.t
00017330   00 69 00 6C 00 20 00 74 00 68 00 65 00 20 00 66  .i.l. .t.h.e. .f
00017340   00 69 00 6C 00 65 00 20 00 65 00 78 00 69 00 73  .i.l.e. .e.x.i.s
00017350   00 74 00 73 00 2E 00 22 00 7D 00 00 31 7B 00 22  .t.s...".}..1{."
00017360   00 6F 00 6B 00 22 00 3A 00 74 00 72 00 75 00 65  .o.k.".:.t.r.u.e
00017370   00 2C 00 22 00 64 00 69 00 72 00 65 00 63 00 74  .,.".d.i.r.e.c.t
00017380   00 6F 00 72 00 79 00 22 00 3A 00 22 00 00 17 22  .o.r.y.".:."..."
00017390   00 2C 00 22 00 73 00 61 00 76 00 65 00 73 00 22  .,.".s.a.v.e.s."
000173A0   00 3A 00 5B 00 00 0B 2A 00 2E 00 63 00 72 00 70  .:.[...*...c.r.p
000173B0   00 00 2D 22 00 2C 00 22 00 6C 00 61 00 73 00 74  ..-".,.".l.a.s.t
000173C0   00 57 00 72 00 69 00 74 00 65 00 54 00 69 00 6D  .W.r.i.t.e.T.i.m
000173D0   00 65 00 55 00 74 00 63 00 22 00 3A 00 22 00 00  .e.U.t.c.".:."..
000173E0   17 22 00 2C 00 22 00 6C 00 65 00 6E 00 67 00 74  .".,.".l.e.n.g.t
000173F0   00 68 00 22 00 3A 00 00 09 2E 00 63 00 72 00 70  .h.".:.....c.r.p
00017400   00 00 49 43 00 6F 00 6C 00 6F 00 73 00 73 00 61  ..IC.o.l.o.s.s.a
00017410   00 6C 00 20 00 4F 00 72 00 64 00 65 00 72 00 5C  .l. .O.r.d.e.r.\
00017420   00 43 00 69 00 74 00 69 00 65 00 73 00 5F 00 53  .C.i.t.i.e.s._.S
00017430   00 6B 00 79 00 6C 00 69 00 6E 00 65 00 73 00 5C  .k.y.l.i.n.e.s.\
00017440   00 53 00 61 00 76 00 65 00 73 00 00 29 7B 00 22  .S.a.v.e.s..){."
00017450   00 6F 00 6B 00 22 00 3A 00 74 00 72 00 75 00 65  .o.k.".:.t.r.u.e
00017460   00 2C 00 22 00 70 00 61 00 75 00 73 00 65 00 64  .,.".p.a.u.s.e.d
00017470   00 22 00 3A 00 00 21 70 00 72 00 65 00 73 00 65  .".:..!p.r.e.s.e
00017480   00 72 00 76 00 65 00 4F 00 63 00 63 00 75 00 70  .r.v.e.O.c.c.u.p
00017490   00 69 00 65 00 64 00 00 1D 52 00 65 00 73 00 69  .i.e.d...R.e.s.i
000174A0   00 64 00 65 00 6E 00 74 00 69 00 61 00 6C 00 4C  .d.e.n.t.i.a.l.L
000174B0   00 6F 00 77 00 00 0D 72 00 61 00 64 00 69 00 75  .o.w...r.a.d.i.u
000174C0   00 73 00 00 0D 63 00 65 00 6E 00 74 00 65 00 72  .s...c.e.n.t.e.r
000174D0   00 00 43 52 00 61 00 64 00 69 00 75 00 73 00 20  ..CR.a.d.i.u.s.
000174E0   00 6D 00 75 00 73 00 74 00 20 00 62 00 65 00 20  .m.u.s.t. .b.e.
000174F0   00 62 00 65 00 74 00 77 00 65 00 65 00 6E 00 20  .b.e.t.w.e.e.n.
00017500   00 30 00 20 00 61 00 6E 00 64 00 20 00 32 00 35  .0. .a.n.d. .2.5
00017510   00 36 00 2E 00 00 25 55 00 6E 00 73 00 75 00 70  .6....%U.n.s.u.p
00017520   00 70 00 6F 00 72 00 74 00 65 00 64 00 20 00 7A  .p.o.r.t.e.d. .z
00017530   00 6F 00 6E 00 65 00 3A 00 20 00 00 51 5B 00 53  .o.n.e.:. ..Q[.S
00017540   00 6B 00 79 00 6C 00 69 00 6E 00 65 00 73 00 41  .k.y.l.i.n.e.s.A
00017550   00 67 00 65 00 6E 00 74 00 42 00 72 00 69 00 64  .g.e.n.t.B.r.i.d
00017560   00 67 00 65 00 5D 00 20 00 53 00 6B 00 69 00 70  .g.e.]. .S.k.i.p
00017570   00 70 00 65 00 64 00 20 00 7A 00 6F 00 6E 00 65  .p.e.d. .z.o.n.e
00017580   00 20 00 63 00 65 00 6C 00 6C 00 20 00 00 67 5B  . .c.e.l.l. ..g[
00017590   00 53 00 6B 00 79 00 6C 00 69 00 6E 00 65 00 73  .S.k.y.l.i.n.e.s
000175A0   00 41 00 67 00 65 00 6E 00 74 00 42 00 72 00 69  .A.g.e.n.t.B.r.i
000175B0   00 64 00 67 00 65 00 5D 00 20 00 46 00 61 00 69  .d.g.e.]. .F.a.i
000175C0   00 6C 00 65 00 64 00 20 00 74 00 6F 00 20 00 72  .l.e.d. .t.o. .r
000175D0   00 65 00 66 00 72 00 65 00 73 00 68 00 20 00 7A  .e.f.r.e.s.h. .z
000175E0   00 6F 00 6E 00 65 00 20 00 62 00 6C 00 6F 00 63  .o.n.e. .b.l.o.c
000175F0   00 6B 00 20 00 00 43 7B 00 22 00 6F 00 6B 00 22  .k. ..C{.".o.k."
00017600   00 3A 00 74 00 72 00 75 00 65 00 2C 00 22 00 64  .:.t.r.u.e.,.".d
00017610   00 72 00 79 00 52 00 75 00 6E 00 22 00 3A 00 74  .r.y.R.u.n.".:.t
00017620   00 72 00 75 00 65 00 2C 00 22 00 7A 00 6F 00 6E  .r.u.e.,.".z.o.n
00017630   00 65 00 22 00 3A 00 22 00 00 2B 22 00 2C 00 22  .e.".:."..+".,."
00017640   00 70 00 72 00 65 00 73 00 65 00 72 00 76 00 65  .p.r.e.s.e.r.v.e
00017650   00 4F 00 63 00 63 00 75 00 70 00 69 00 65 00 64  .O.c.c.u.p.i.e.d
00017660   00 22 00 3A 00 00 25 2C 00 22 00 6D 00 61 00 74  .".:..%,.".m.a.t
00017670   00 63 00 68 00 69 00 6E 00 67 00 42 00 6C 00 6F  .c.h.i.n.g.B.l.o
00017680   00 63 00 6B 00 73 00 22 00 3A 00 00 33 2C 00 22  .c.k.s.".:..3,."
00017690   00 73 00 6B 00 69 00 70 00 70 00 65 00 64 00 4F  .s.k.i.p.p.e.d.O
000176A0   00 63 00 63 00 75 00 70 00 69 00 65 00 64 00 42  .c.c.u.p.i.e.d.B
000176B0   00 6C 00 6F 00 63 00 6B 00 73 00 22 00 3A 00 00  .l.o.c.k.s.".:..
000176C0   45 7B 00 22 00 6F 00 6B 00 22 00 3A 00 74 00 72  E{.".o.k.".:.t.r
000176D0   00 75 00 65 00 2C 00 22 00 64 00 72 00 79 00 52  .u.e.,.".d.r.y.R
000176E0   00 75 00 6E 00 22 00 3A 00 66 00 61 00 6C 00 73  .u.n.".:.f.a.l.s
000176F0   00 65 00 2C 00 22 00 7A 00 6F 00 6E 00 65 00 22  .e.,.".z.o.n.e."
00017700   00 3A 00 22 00 00 23 2C 00 22 00 74 00 6F 00 75  .:."..#,.".t.o.u
00017710   00 63 00 68 00 65 00 64 00 42 00 6C 00 6F 00 63  .c.h.e.d.B.l.o.c
00017720   00 6B 00 73 00 22 00 3A 00 00 21 2C 00 22 00 63  .k.s.".:..!,.".c
00017730   00 68 00 61 00 6E 00 67 00 65 00 64 00 43 00 65  .h.a.n.g.e.d.C.e
00017740   00 6C 00 6C 00 73 00 22 00 3A 00 00 71 5B 00 53  .l.l.s.".:..q[.S
00017750   00 6B 00 79 00 6C 00 69 00 6E 00 65 00 73 00 41  .k.y.l.i.n.e.s.A
00017760   00 67 00 65 00 6E 00 74 00 42 00 72 00 69 00 64  .g.e.n.t.B.r.i.d
00017770   00 67 00 65 00 5D 00 20 00 53 00 6B 00 69 00 70  .g.e.]. .S.k.i.p
00017780   00 70 00 65 00 64 00 20 00 67 00 72 00 6F 00 77  .p.e.d. .g.r.o.w
00017790   00 61 00 62 00 6C 00 65 00 20 00 7A 00 6F 00 6E  .a.b.l.e. .z.o.n
000177A0   00 65 00 20 00 72 00 65 00 70 00 61 00 69 00 72  .e. .r.e.p.a.i.r
000177B0   00 20 00 63 00 65 00 6C 00 6C 00 20 00 00 79 5B  . .c.e.l.l. ..y[
000177C0   00 53 00 6B 00 79 00 6C 00 69 00 6E 00 65 00 73  .S.k.y.l.i.n.e.s
000177D0   00 41 00 67 00 65 00 6E 00 74 00 42 00 72 00 69  .A.g.e.n.t.B.r.i
000177E0   00 64 00 67 00 65 00 5D 00 20 00 46 00 61 00 69  .d.g.e.]. .F.a.i
000177F0   00 6C 00 65 00 64 00 20 00 74 00 6F 00 20 00 72  .l.e.d. .t.o. .r
00017800   00 65 00 66 00 72 00 65 00 73 00 68 00 20 00 72  .e.f.r.e.s.h. .r
00017810   00 65 00 70 00 61 00 69 00 72 00 65 00 64 00 20  .e.p.a.i.r.e.d.
00017820   00 7A 00 6F 00 6E 00 65 00 20 00 62 00 6C 00 6F  .z.o.n.e. .b.l.o
00017830   00 63 00 6B 00 20 00 00 27 2C 00 22 00 69 00 6E  .c.k. ..',.".i.n
00017840   00 73 00 70 00 65 00 63 00 74 00 65 00 64 00 42  .s.p.e.c.t.e.d.B
00017850   00 6C 00 6F 00 63 00 6B 00 73 00 22 00 3A 00 00  .l.o.c.k.s.".:..
00017860   29 2C 00 22 00 72 00 65 00 70 00 61 00 69 00 72  ),.".r.e.p.a.i.r
00017870   00 61 00 62 00 6C 00 65 00 42 00 6C 00 6F 00 63  .a.b.l.e.B.l.o.c
00017880   00 6B 00 73 00 22 00 3A 00 00 33 2C 00 22 00 73  .k.s.".:..3,.".s
00017890   00 6B 00 69 00 70 00 70 00 65 00 64 00 4D 00 69  .k.i.p.p.e.d.M.i
000178A0   00 78 00 65 00 64 00 55 00 73 00 65 00 42 00 6C  .x.e.d.U.s.e.B.l
000178B0   00 6F 00 63 00 6B 00 73 00 22 00 3A 00 00 1B 69  .o.c.k.s.".:...i
000178C0   00 6E 00 63 00 6C 00 75 00 64 00 65 00 50 00 61  .n.c.l.u.d.e.P.a
000178D0   00 74 00 63 00 68 00 79 00 00 17 66 00 69 00 6C  .t.c.h.y...f.i.l
000178E0   00 6C 00 55 00 6E 00 7A 00 6F 00 6E 00 65 00 64  .l.U.n.z.o.n.e.d
000178F0   00 00 25 70 00 72 00 65 00 66 00 65 00 72 00 47  ..%p.r.e.f.e.r.G
00017900   00 72 00 6F 00 77 00 61 00 62 00 6C 00 65 00 5A  .r.o.w.a.b.l.e.Z
00017910   00 6F 00 6E 00 65 00 00 11 67 00 72 00 69 00 64  .o.n.e...g.r.i.d
00017920   00 53 00 69 00 7A 00 65 00 00 6F 5B 00 53 00 6B  .S.i.z.e..o[.S.k
00017930   00 79 00 6C 00 69 00 6E 00 65 00 73 00 41 00 67  .y.l.i.n.e.s.A.g
00017940   00 65 00 6E 00 74 00 42 00 72 00 69 00 64 00 67  .e.n.t.B.r.i.d.g
00017950   00 65 00 5D 00 20 00 53 00 6B 00 69 00 70 00 70  .e.]. .S.k.i.p.p
00017960   00 65 00 64 00 20 00 7A 00 6F 00 6E 00 65 00 20  .e.d. .z.o.n.e.
00017970   00 63 00 6C 00 75 00 73 00 74 00 65 00 72 00 20  .c.l.u.s.t.e.r.
00017980   00 72 00 65 00 70 00 61 00 69 00 72 00 20 00 63  .r.e.p.a.i.r. .c
00017990   00 65 00 6C 00 6C 00 20 00 00 80 89 5B 00 53 00  .e.l.l. ..[.S.
000179A0   6B 00 79 00 6C 00 69 00 6E 00 65 00 73 00 41 00  k.y.l.i.n.e.s.A.
000179B0   67 00 65 00 6E 00 74 00 42 00 72 00 69 00 64 00  g.e.n.t.B.r.i.d.
000179C0   67 00 65 00 5D 00 20 00 46 00 61 00 69 00 6C 00  g.e.]. .F.a.i.l.
000179D0   65 00 64 00 20 00 74 00 6F 00 20 00 72 00 65 00  e.d. .t.o. .r.e.
000179E0   66 00 72 00 65 00 73 00 68 00 20 00 63 00 6C 00  f.r.e.s.h. .c.l.
000179F0   75 00 73 00 74 00 65 00 72 00 2D 00 72 00 65 00  u.s.t.e.r.-.r.e.
00017A00   70 00 61 00 69 00 72 00 65 00 64 00 20 00 7A 00  p.a.i.r.e.d. .z.
00017A10   6F 00 6E 00 65 00 20 00 62 00 6C 00 6F 00 63 00  o.n.e. .b.l.o.c.
00017A20   6B 00 20 00 01 19 2C 00 22 00 67 00 72 00 69 00  k. ...,.".g.r.i.
00017A30   64 00 53 00 69 00 7A 00 65 00 22 00 3A 00 00 23  d.S.i.z.e.".:..#
00017A40   2C 00 22 00 69 00 6E 00 63 00 6C 00 75 00 64 00  ,.".i.n.c.l.u.d.
00017A50   65 00 50 00 61 00 74 00 63 00 68 00 79 00 22 00  e.P.a.t.c.h.y.".
00017A60   3A 00 00 1F 2C 00 22 00 66 00 69 00 6C 00 6C 00  :...,.".f.i.l.l.
00017A70   55 00 6E 00 7A 00 6F 00 6E 00 65 00 64 00 22 00  U.n.z.o.n.e.d.".
00017A80   3A 00 00 2D 2C 00 22 00 70 00 72 00 65 00 66 00  :..-,.".p.r.e.f.
00017A90   65 00 72 00 47 00 72 00 6F 00 77 00 61 00 62 00  e.r.G.r.o.w.a.b.
00017AA0   6C 00 65 00 5A 00 6F 00 6E 00 65 00 22 00 3A 00  l.e.Z.o.n.e.".:.
00017AB0   00 21 2C 00 22 00 63 00 6C 00 75 00 73 00 74 00  .!,.".c.l.u.s.t.
00017AC0   65 00 72 00 43 00 6F 00 75 00 6E 00 74 00 22 00  e.r.C.o.u.n.t.".
00017AD0   3A 00 00 2D 2C 00 22 00 72 00 65 00 70 00 61 00  :..-,.".r.e.p.a.
00017AE0   69 00 72 00 61 00 62 00 6C 00 65 00 43 00 6C 00  i.r.a.b.l.e.C.l.
00017AF0   75 00 73 00 74 00 65 00 72 00 73 00 22 00 3A 00  u.s.t.e.r.s.".:.
00017B00   00 25 2C 00 22 00 72 00 65 00 70 00 61 00 69 00  .%,.".r.e.p.a.i.
00017B10   72 00 65 00 64 00 42 00 6C 00 6F 00 63 00 6B 00  r.e.d.B.l.o.c.k.
00017B20   73 00 22 00 3A 00 00 1F 52 00 65 00 73 00 69 00  s.".:...R.e.s.i.
00017B30   64 00 65 00 6E 00 74 00 69 00 61 00 6C 00 48 00  d.e.n.t.i.a.l.H.
00017B40   69 00 67 00 68 00 00 1B 43 00 6F 00 6D 00 6D 00  i.g.h...C.o.m.m.
00017B50   65 00 72 00 63 00 69 00 61 00 6C 00 4C 00 6F 00  e.r.c.i.a.l.L.o.
00017B60   77 00 00 1D 43 00 6F 00 6D 00 6D 00 65 00 72 00  w...C.o.m.m.e.r.
00017B70   63 00 69 00 61 00 6C 00 48 00 69 00 67 00 68 00  c.i.a.l.H.i.g.h.
00017B80   00 1D 42 00 65 00 61 00 75 00 74 00 69 00 66 00  ..B.e.a.u.t.i.f.
00017B90   69 00 63 00 61 00 74 00 69 00 6F 00 6E 00 00 11  i.c.a.t.i.o.n...
00017BA0   4D 00 6F 00 6E 00 75 00 6D 00 65 00 6E 00 74 00  M.o.n.u.m.e.n.t.
00017BB0   00 00 00 00 EC 32 D3 A9 FE FA 4D 4B 81 D5 DF 2E  ....ì2Ó©þúMKÕß.
00017BC0   75 C0 AE 12 00 08 B7 7A 5C 56 19 34 E0 89 03 06  uÀ®...·z\V.4à..
00017BD0   12 08 03 06 12 40 03 06 12 20 02 06 02 04 00 00  .....@... ......
00017BE0   12 08 03 20 00 02 04 20 00 12 40 03 20 00 01 04  ... ... ..@. ...
00017BF0   20 01 01 0C 04 08 00 12 08 03 28 00 02 04 28 00   .........(...(.
00017C00   12 40 05 20 01 01 11 19 03 20 00 0E 03 28 00 0E  .@. ..... ...(..
00017C10   02 06 08 04 78 00 00 00 04 09 00 00 00 04 4E 00  ....x.........N.
00017C20   00 00 07 06 15 12 1D 01 12 18 03 06 12 21 03 06  .............!..
00017C30   12 25 03 06 12 29 03 06 11 2D 04 00 01 01 0E 04  .%...)...-......
00017C40   00 01 01 0C 03 00 00 01 07 00 03 12 29 0E 0E 0C  ............)...
00017C50   05 00 01 01 12 31 06 00 01 11 2D 11 2D 04 00 01  .....1....-.-...
00017C60   0E 0E 02 06 0E 05 20 02 01 0C 0C 03 06 12 35 03  ...... .......5.
00017C70   06 12 39 04 06 1F 3D 02 06 20 02 01 12 08 08 04  ..9...=.. ......
00017C80   20 01 01 1C 06 20 01 12 28 12 24 0C 20 02 12 28   .... ..(.$. ..(
00017C90   12 24 15 12 41 01 12 48 05 00 01 0E 12 24 05 20  .$..A..H.....$.
00017CA0   02 08 0E 08 05 20 02 0C 0E 0C 05 20 02 0E 0E 0E  ..... ..... ....
00017CB0   06 00 01 12 24 12 45 05 20 02 01 08 0E 06 00 02  ....$.E. .......
00017CC0   12 28 08 0E 05 20 01 01 12 45 04 00 01 0E 08 04  .(... ...E......
00017CD0   00 00 12 48 05 00 01 02 12 49 04 00 01 02 0E 05  ...H.....I......
00017CE0   00 01 02 12 51 05 00 01 12 48 0E 05 00 02 0E 0E  ....Q....H......
00017CF0   02 0B 00 03 01 12 55 15 12 1D 01 0E 08 0A 00 04  ......U.........
00017D00   01 12 59 07 10 11 5D 02 06 00 02 11 2D 0E 0E 02  ..Y...].....-...
00017D10   06 1C 07 06 15 12 61 01 12 44 0B 20 02 12 48 15  ......a..D. ..H.
00017D20   12 41 01 12 48 08 04 20 01 01 08 07 06 15 12 41  .A..H.. .......A
00017D30   01 12 48 03 06 12 65 03 06 12 48 09 20 01 01 15  ..H...e...H. ...
00017D40   12 41 01 12 48 04 20 00 12 48 04 20 01 02 08 04  .A..H. ..H. ....
00017D50   20 01 01 0E 04 28 00 12 48 04 06 1D 11 6D 04 06   ....(..H....m..
00017D60   1D 11 50 04 06 1D 11 54 07 00 02 02 0E 10 11 71  ..P....T.......q
00017D70   0E 00 07 01 12 55 10 02 11 50 11 6D 0E 08 08 06  .....U...P.m....
00017D80   00 01 1D 08 12 75 09 00 03 08 1D 08 11 54 12 75  .....u.......T.u
00017D90   07 00 02 02 0E 10 11 79 07 00 02 02 0E 10 11 6D  .......y.......m
00017DA0   05 00 02 02 0E 02 08 10 01 02 02 0E 10 1E 00 03  ................
00017DB0   06 11 71 03 06 11 79 07 20 02 01 11 71 11 79 08  ..q...y. ...q.y.
00017DC0   20 03 01 11 71 11 79 08 05 00 01 12 48 08 0A 00   ...q.y.....H...
00017DD0   06 01 12 55 0E 0E 08 0E 02 08 00 03 01 12 55 08  ...U..........U.
00017DE0   12 7D 07 00 03 01 12 55 0E 08 07 00 03 12 48 08  .}.....U......H.
00017DF0   0E 02 06 00 02 12 48 08 0E 08 00 04 12 48 08 0C  ......H......H..
00017E00   0C 02 08 00 04 12 48 08 08 08 02 0B 00 02 01 15  ......H.........
00017E10   12 80 81 02 0E 08 0E 0C 00 02 01 12 55 15 12 80  ..........U..
00017E20   81 02 0E 08 03 06 12 55 08 06 15 12 80 81 02 0E  ......U......
00017E30   08 07 20 04 01 08 08 08 02 07 20 02 01 07 11 80  .. ....... ....
00017E40   85 15 20 0A 01 07 11 80 85 0E 08 08 08 08 0E 08  . ...........
00017E50   15 12 80 81 02 0E 08 06 20 01 01 12 80 89 07 20  ...... ....
00017E60   03 01 12 60 0E 08 06 00 02 0E 11 2D 0C 02 06 0C  ...`.......-....
00017E70   04 20 00 11 2D 04 28 00 11 2D 09 20 04 01 07 11  . ..-.(..-. ....
00017E80   5D 12 49 07 0B 00 04 02 11 5D 12 49 11 2D 11 2D  ].I......].I.-.-
00017E90   09 00 02 11 80 8D 11 5D 11 2D 0D 00 06 02 11 80  .....].-.....
00017EA0   8D 11 80 8D 0C 0C 0C 0C 09 00 04 02 0C 0C 10 0C  .............
00017EB0   10 0C 06 00 01 02 11 80 91 04 00 00 40 40 04 00  ..........@@..
00017EC0   00 A0 40 04 00 00 90 41 04 00 00 B0 41 04 00 00  . @...A...°A...
00017ED0   E0 41 04 00 00 60 41 04 00 00 2F 44 04 00 00 C0  àA...`A.../D...À
00017EE0   41 04 00 00 C0 42 07 20 04 01 08 0C 0C 02 0E 20  A...ÀB. .......
00017EF0   07 01 07 11 80 91 11 2D 11 2D 0C 08 08 09 20 05  .....-.-.... .
00017F00   01 07 07 07 11 2D 0C 07 20 03 01 07 07 11 2D 0D  .....-.. .....-.
00017F10   20 06 01 07 07 11 80 91 11 80 91 0C 0C 0E 20 06   ......... .
00017F20   01 07 07 11 80 91 11 80 91 11 2D 0C 0B 20 04 01  ......-.. ..
00017F30   07 07 11 80 91 11 80 91 0C 20 06 01 07 11 80 91  ..... ....
00017F40   0C 0C 0C 11 2D 09 20 04 01 07 11 80 91 0C 0C 04  ....-. .......
00017F50   20 01 02 0E 06 20 02 01 0E 11 2D 07 20 02 01 0E   .... ....-. ...
00017F60   11 80 91 06 20 01 01 12 80 95 07 20 02 01 11 6C  .. .... ...l
00017F70   11 6C 11 00 03 01 15 12 80 81 02 0A 15 12 1D 01  .l............
00017F80   08 11 6C 08 07 00 02 02 11 6C 11 6C 04 00 01 08  ..l......l.l....
00017F90   0C 05 00 02 0A 08 08 05 00 02 0A 07 07 06 00 01  ................
00017FA0   0C 12 80 95 10 00 07 0C 12 80 99 11 2D 11 2D 0C  ........-.-.
00017FB0   0C 10 0C 10 0C 0E 00 05 02 12 80 95 10 0C 10 0C  ..............
00017FC0   10 0C 10 0C 0D 00 05 01 11 2D 10 0C 10 0C 10 0C  .........-......
00017FD0   10 0C 0B 00 06 02 11 2D 11 2D 0C 0C 0C 0C 07 00  .......-.-......
00017FE0   02 02 07 11 80 91 04 00 01 02 07 08 00 03 02 07  ..............
00017FF0   11 80 91 0C 0E 00 06 01 12 80 95 07 11 2D 07 10  .........-..
00018000   07 10 0C 09 00 03 0C 11 2D 11 2D 11 2D 10 00 06  ........-.-.-...
00018010   02 11 2D 11 2D 11 2D 11 2D 10 11 2D 10 0C 0F 00  ..-.-.-.-..-....
00018020   06 02 11 2D 11 2D 11 2D 11 2D 10 0C 10 0C 07 00  ...-.-.-.-......
00018030   02 0C 11 2D 11 2D 07 00 02 08 12 80 95 07 07 00  ...-.-........
00018040   02 07 12 80 95 07 09 00 02 02 11 80 91 11 80 91  ..........
00018050   06 00 01 02 12 80 9D 07 00 02 07 11 80 A1 08 02  ..........¡..
00018060   06 07 04 06 11 80 91 0A 20 03 01 07 11 80 91 12  ...... .....
00018070   80 95 0C 20 04 12 74 12 80 95 07 1D 02 1D 02 14  . ..t.......
00018080   20 07 01 12 80 95 07 1D 02 1D 02 1D 02 15 12 61   ............a
00018090   01 07 12 74 05 20 01 01 12 74 07 00 02 02 12 80  ...t. ...t.....
000180A0   95 07 0E 20 06 01 0E 07 11 2D 11 80 A9 11 80 AD  .. .....-.©.­
000180B0   02 0A 20 03 0E 11 80 A9 11 80 AD 02 06 20 01 01  .. ...©.­.. ..
000180C0   11 80 A9 07 20 02 01 12 80 B1 0B 0B 20 04 01 12  .©. ...±.. ...
000180D0   55 12 80 B1 0B 10 02 06 20 01 02 11 80 AD 07 20  U.±.... ...­.
000180E0   02 01 11 80 AD 02 0A 20 03 01 11 80 AD 11 80 AD  ...­.. ...­.­
000180F0   0E 0A 20 03 01 12 55 11 80 AD 10 02 0E 20 05 01  .. ...U.­... ..
00018100   12 55 11 80 AD 11 80 AD 0E 10 02 06 20 01 0E 11  .U.­.­.... ...
00018110   80 AD 07 00 02 01 12 80 B5 07 08 00 03 01 12 80  ­.....µ......
00018120   95 07 02 06 00 01 02 12 80 B9 04 00 01 0E 02 04  .......¹......
00018130   00 01 0E 0C 05 00 02 0E 0E 0E 06 00 03 0E 0E 0E  ................
00018140   0E 06 00 03 02 0E 0E 02 07 00 04 0C 0E 0E 0E 0C  ................
00018150   06 00 03 0C 0E 0E 0C 09 00 02 15 12 1D 01 0E 0E  ................
00018160   0E 09 00 03 07 11 2D 0C 12 80 9D 09 00 02 02 12  ......-.......
00018170   80 9D 12 80 9D 05 00 00 12 80 BD 03 00 00 0E 05  .....½.....
00018180   00 02 02 0E 0E 08 00 02 02 0E 10 11 80 C1 06 00  ............Á..
00018190   01 02 11 80 85 0E 00 04 01 11 80 85 10 11 80 C1  ..........Á
000181A0   10 02 10 02 09 00 02 02 12 49 10 11 80 C1 0F 00  .........I..Á..
000181B0   02 15 12 80 81 02 0E 12 80 98 12 80 89 0C 06 06  ..........
000181C0   15 12 1D 01 07 06 00 01 08 11 80 85 06 20 01 01  ........... ..
000181D0   11 80 CD 04 00 01 01 1C 09 00 02 02 12 80 DD 12  .Í..........Ý.
000181E0   80 DD 05 00 00 11 80 E1 04 20 01 0E 0E 06 15 12  Ý....á. ......
000181F0   1D 01 12 18 05 20 01 01 13 00 03 20 00 08 07 07  ..... ..... ....
00018200   02 12 18 11 80 E1 05 20 00 12 80 E9 06 00 01 01  ....á. ..é....
00018210   12 80 DD 08 00 02 01 12 31 12 80 ED 04 06 12 80  .Ý.....1.í...
00018220   F1 04 01 00 00 00 05 00 00 12 80 F9 08 00 01 12  ñ.........ù....
00018230   80 B1 11 80 FD 07 20 01 12 31 12 81 01 07 20 04  ±.ý. ..1... .
00018240   01 05 05 05 05 06 20 01 01 11 81 05 05 20 01 01  ...... ..... ..
00018250   11 2D 04 20 01 01 02 05 20 02 01 1C 18 06 20 01  .-. .... ..... .
00018260   01 12 80 F1 07 20 04 01 08 08 08 08 06 20 01 01  ..ñ. ....... ..
00018270   12 81 0D 05 07 01 12 80 F9 04 07 01 12 29 04 00  ......ù....)..
00018280   00 11 2D 04 00 01 02 08 08 00 02 11 2D 11 2D 11  ..-.........-.-.
00018290   2D 03 20 00 0C 06 20 03 01 0C 0C 0C 06 07 02 11  -. ... .........
000182A0   2D 11 2D 05 00 02 0C 0C 0C 06 00 03 0C 0C 0C 0C  -.-.............
000182B0   07 07 03 12 80 F9 0C 0C 06 00 03 0E 1C 1C 1C 05  ....ù..........
000182C0   20 01 13 00 08 07 00 04 0E 0E 0E 0E 0E 05 07 03   ...............
000182D0   0E 08 08 05 20 02 0E 08 08 04 06 12 81 25 07 20  .... .......%.
000182E0   02 01 12 81 25 08 06 20 01 01 12 81 29 05 00 02  ...%.. ...)...
000182F0   0E 1C 1C 05 20 00 12 81 2D 07 00 02 02 12 81 31  .... ..-.....1
00018300   1C 08 07 02 12 81 2D 12 81 39 04 20 00 12 45 0E  .....-.9. ..E.
00018310   07 05 12 81 2D 12 45 12 24 12 28 12 81 39 05 00  ...-.E.$.(.9..
00018320   01 0E 1D 1C 06 15 12 41 01 12 48 4C 07 19 12 80  .......A..HL...
00018330   A0 12 80 A4 12 80 A8 12 80 AC 12 80 B0 12 80 B4   .¤.¨.¬.°.´
00018340   12 80 B8 12 80 BC 12 80 C0 12 80 C4 12 80 C8 12  .¸.¼.À.Ä.È.
00018350   80 CC 12 80 D0 12 80 D4 12 80 D8 12 80 DC 12 80  Ì.Ð.Ô.Ø.Ü.
00018360   E0 12 80 E4 12 80 E8 12 80 EC 12 80 F0 12 80 F4  à.ä.è.ì.ð.ô
00018370   12 80 F8 12 80 FC 1D 1C 03 06 12 24 05 07 01 12  .ø.ü.....$....
00018380   81 00 0A 07 08 0E 0E 0E 08 08 08 08 08 06 20 01  ............. .
00018390   1D 0E 1D 03 06 00 02 02 0E 10 08 0C 07 06 1D 0E  ................
000183A0   08 1D 0E 08 1D 03 1D 03 06 00 02 02 0E 10 0C 0C  ................
000183B0   07 06 1D 0E 08 1D 0E 0C 1D 03 1D 03 0B 07 05 1D  ................
000183C0   0E 08 1D 0E 1D 03 1D 03 04 20 01 01 05 03 20 00  ......... .... .
000183D0   0A 05 00 00 12 81 51 04 20 00 1D 05 05 20 01 0E  .....Q. .... ..
000183E0   1D 05 09 20 02 1D 0E 1D 0E 11 81 55 04 20 01 08  ... ......U. ..
000183F0   03 06 00 03 08 0E 0E 02 04 20 01 0E 08 07 20 03  ......... .... .
00018400   08 1D 05 08 08 07 20 03 0E 1D 05 08 08 1C 07 12  ...... .........
00018410   12 81 49 08 08 0E 1D 0E 1D 0E 08 08 0E 08 1D 05  .I.............
00018420   08 08 12 24 0E 08 1D 0E 1D 03 05 20 01 1D 05 0E  ...$....... ....
00018430   07 20 03 01 1D 05 08 08 09 07 04 1D 05 0E 1D 05  . ..............
00018440   1D 1C 09 00 00 15 12 81 61 01 12 4D 07 15 12 81  .......a..M...
00018450   65 01 12 4D 09 20 00 15 12 81 69 01 13 00 07 15  e..M. ...i.....
00018460   12 81 69 01 12 4D 04 20 00 13 00 07 00 02 02 12  .i..M. ........
00018470   4D 12 4D 05 20 00 12 81 71 03 20 00 1C 05 20 01  M.M. ..q. ... .
00018480   12 55 0E 1C 07 0C 12 55 02 08 08 12 4D 1C 12 51  .U.....U....M..Q
00018490   02 15 12 81 69 01 12 4D 12 81 71 12 81 75 1D 1C  ...i..M.q.u..
000184A0   07 00 02 02 12 51 12 51 05 15 12 1D 01 0E 05 20  .....Q.Q.......
000184B0   01 12 55 08 14 07 0B 15 12 1D 01 0E 02 02 12 55  ..U............U
000184C0   02 08 08 0E 0E 12 48 12 55 04 20 01 08 0E 05 00  ......H.U. .....
000184D0   01 0E 1D 0E 06 07 03 08 0E 1D 0E 04 07 02 08 0E  ................
000184E0   07 15 12 81 79 01 12 49 05 00 01 13 00 0E 08 15  ...y..I........
000184F0   12 81 7D 01 12 80 99 04 00 00 13 00 07 20 03 0C  .}........ ..
00018500   11 2D 02 0C 08 15 12 81 7D 01 12 81 81 08 15 12  .-.....}.....
00018510   81 7D 01 12 80 B5 04 06 11 81 85 02 06 09 10 20  }..µ.......
00018520   07 02 10 07 10 11 81 85 12 49 11 2D 0C 08 09 03  .......I.-....
00018530   06 12 69 1F 07 10 02 0E 0C 11 2D 12 49 12 80 99  ..i.......-.I.
00018540   12 81 81 12 80 B5 11 81 85 07 0C 02 0E 1D 0E 1D  ..µ........
00018550   1C 1D 1C 08 06 15 12 81 91 01 11 5D 07 15 12 81  .........]...
00018560   91 01 11 5D 04 06 1D 13 00 04 06 11 80 AD 04 20  ..]........­.
00018570   00 12 49 23 07 12 07 02 12 80 B5 11 5D 12 49 11  ..I#.....µ.].I.
00018580   2D 12 80 99 0C 0C 12 81 81 11 81 85 07 02 0E 1D  -.........
00018590   0E 1D 1C 1D 1C 1D 1C 03 06 12 59 14 07 0A 07 02  ..........Y.....
000185A0   12 80 B5 11 5D 11 80 AD 12 49 0E 0E 1D 1C 1D 1C  .µ.].­.I......
000185B0   05 20 00 12 80 B1 09 20 02 12 81 99 0E 11 81 9D  . ..±. ....
000185C0   09 00 02 02 12 81 99 12 81 99 06 20 02 1C 1C 1D  ....... ....
000185D0   1C 0A 07 04 0E 12 81 99 1D 1C 1D 1C 05 07 03 0C  ..............
000185E0   0C 0C 08 15 12 81 7D 01 12 80 95 09 06 15 12 81  .....}......
000185F0   91 01 11 80 91 08 15 12 81 91 01 11 80 91 04 06  .........
00018600   11 81 A5 09 06 15 12 81 91 01 11 80 A1 08 15 12  .¥......¡...
00018610   81 91 01 11 80 A1 04 06 11 81 A9 04 20 01 01 07  ..¡...©. ...
00018620   15 07 0A 0E 07 02 02 12 80 B5 12 80 95 12 80 95  ........µ..
00018630   1D 1C 1D 1C 1D 1C 06 00 02 01 1C 10 02 06 15 12  ................
00018640   61 01 12 44 06 07 03 12 44 02 1C 07 07 04 08 12  a..D....D.......
00018650   44 02 1C 04 07 02 02 1C 05 20 02 02 08 02 05 07  D........ ......
00018660   01 12 81 39 04 07 01 12 48 07 15 12 81 7D 01 12  ..9....H...}..
00018670   75 09 20 03 08 11 71 11 79 11 6D 17 07 0D 12 75  u. ...q.y.m....u
00018680   1D 08 12 55 12 55 02 02 08 11 54 08 11 50 08 11  ...U.U....T..P..
00018690   6D 1D 0E 0A 20 04 01 11 71 11 79 11 6D 08 2D 07  m... ...q.y.m.-.
000186A0   20 08 02 0E 0E 0E 11 71 02 11 79 02 11 6D 02 12   ......q..y..m..
000186B0   75 1D 08 12 55 02 08 08 11 54 08 11 6D 08 08 08  u...U....T..m...
000186C0   08 11 50 08 08 08 11 6D 08 08 1D 1C 04 0A 01 11  ..P....m........
000186D0   71 09 20 02 12 81 BD 0E 11 81 9D 09 00 02 02 12  q. ..½.......
000186E0   81 BD 12 81 BD 04 20 01 1C 1C 02 1D 08 05 07 01  ½.½. .........
000186F0   12 81 BD 04 0A 01 11 79 04 0A 01 11 6D 08 00 03  .½....y....m...
00018700   02 0E 0E 11 81 C1 02 1E 00 08 00 03 1C 12 80 B1  ....Á........±
00018710   0E 02 03 07 01 02 0B 07 03 1D 11 6D 1D 11 50 1D  ...........m..P.
00018720   11 54 06 20 01 01 11 81 CD 08 15 12 81 7D 01 12  .T. ...Í...}..
00018730   80 89 08 15 12 81 7D 01 12 81 D1 04 06 11 81 D5  ...}..Ñ...Õ
00018740   05 20 01 12 55 09 10 07 05 12 81 81 12 80 95 12  . ..U.......
00018750   80 89 12 81 D1 12 55 07 07 02 12 80 89 12 55 08  .Ñ.U.....U.
00018760   15 12 81 7D 01 12 81 D9 05 20 00 1D 12 7D 12 07  ..}..Ù. ...}..
00018770   09 12 81 D9 1D 12 7D 08 08 02 12 55 08 12 7D 1D  ..Ù..}....U..}.
00018780   1C 07 15 12 80 81 02 0E 08 09 06 15 12 81 91 01  ............
00018790   11 80 85 08 15 12 81 91 01 11 80 85 07 20 02 11  ....... ..
000187A0   80 C1 08 08 05 20 01 02 13 00 06 20 01 13 01 13  Á... ..... ....
000187B0   00 07 20 02 01 13 00 13 01 0B 20 00 15 11 81 DD  .. ....... ...Ý
000187C0   02 13 00 13 01 07 15 11 81 DD 02 0E 08 0B 20 00  ........Ý.... .
000187D0   15 11 81 E1 02 13 00 13 01 07 15 11 81 E1 02 0E  ..á........á..
000187E0   08 04 20 00 13 01 35 07 13 12 80 89 15 12 80 81  .. ...5.....
000187F0   02 0E 08 08 08 08 07 11 80 85 08 08 08 11 80 C1  ............Á
00018800   0E 12 55 02 15 11 81 E1 02 0E 08 12 55 15 12 80  ..U...á....U..
00018810   81 02 0E 08 0E 15 11 81 DD 02 0E 08 03 20 00 09  ......Ý.... ..
00018820   0C 07 06 0E 0E 0E 09 12 81 E5 12 81 E9 08 15 12  ........å.é...
00018830   81 79 01 12 80 9D 03 00 00 08 05 00 01 13 00 09  y............
00018840   0A 07 05 12 55 08 02 08 12 80 9D 0B 07 06 12 55  ....U........U
00018850   08 02 08 12 80 9D 0E 03 06 11 6D 0A 07 06 12 55  ........m....U
00018860   08 02 08 12 49 0E 04 07 01 12 78 04 06 11 80 A9  ....I.....x...©
00018870   05 20 01 12 55 07 56 07 1B 12 80 B5 12 55 12 55  . ..U.V...µ.U.U
00018880   12 55 15 12 80 81 02 0E 08 15 12 80 81 02 0E 08  .U..........
00018890   08 08 02 07 11 5D 12 49 0E 0E 0E 0E 11 2D 02 15  .....].I.....-..
000188A0   11 81 E1 02 0E 08 15 11 81 E1 02 0E 08 15 12 80  .á.....á.....
000188B0   81 02 0E 08 0E 15 12 80 81 02 0E 08 0E 15 11 81  ............
000188C0   DD 02 0E 08 15 11 81 DD 02 0E 08 1D 1C 29 07 12  Ý.....Ý.....)..
000188D0   12 80 B5 12 55 12 55 12 55 15 12 80 81 02 0E 08  .µ.U.U.U.....
000188E0   15 12 80 81 02 0E 08 08 08 02 07 11 5D 12 49 0E  ..........].I.
000188F0   0E 0E 0E 11 2D 1D 1C 05 20 00 12 80 9D 04 20 01  ....-... ... .
00018900   0E 07 3E 07 18 12 80 95 12 55 12 55 15 12 80 81  ..>....U.U..
00018910   02 0E 08 08 08 02 07 11 80 91 12 80 9D 0E 07 07  ............
00018920   11 2D 11 2D 11 2D 0E 0E 02 15 11 81 E1 02 0E 08  .-.-.-.....á...
00018930   15 12 80 81 02 0E 08 0E 15 11 81 DD 02 0E 08 1D  ........Ý....
00018940   1C 04 07 01 12 68 04 07 01 12 70 04 07 01 12 64  .....h....p....d
00018950   04 07 01 12 5C 0A 07 02 15 12 80 81 02 0E 08 0E  ....\.........
00018960   11 07 03 02 15 11 81 E1 02 0E 08 15 11 81 DD 02  ......á.....Ý.
00018970   0E 08 09 07 03 12 80 89 07 11 80 85 15 07 05 12  ............
00018980   55 02 15 11 81 E1 02 0E 08 15 11 81 DD 02 0E 08  U...á.....Ý...
00018990   1D 1C 2D 07 11 08 08 08 08 08 0E 15 12 80 81 02  ..-...........
000189A0   0E 08 08 08 11 80 C1 0E 08 15 11 81 E1 02 0E 08  .....Á....á...
000189B0   08 15 12 80 81 02 0E 08 0E 15 11 81 DD 02 0E 08  .........Ý...
000189C0   19 07 05 02 15 11 81 E1 02 0E 08 15 12 80 81 02  ......á......
000189D0   0E 08 0E 15 11 81 DD 02 0E 08 08 15 12 80 81 02  .....Ý.......
000189E0   0E 12 60 08 20 02 02 13 00 10 13 01 08 15 11 81  ..`. ..........
000189F0   DD 02 0E 12 60 08 15 11 81 E1 02 0E 12 60 23 07  Ý...`...á...`#.
00018A00   08 15 12 80 81 02 0E 12 60 07 11 80 85 0E 12 60  ......`....`
00018A10   15 11 81 E1 02 0E 12 60 12 60 15 11 81 DD 02 0E  ..á...`.`..Ý..
00018A20   12 60 04 07 02 08 08 07 00 02 11 2D 11 2D 0C 11  .`.........-.-..
00018A30   07 07 08 08 08 11 80 C1 0E 15 12 80 81 02 0E 08  ......Á......
00018A40   0E 10 07 02 15 11 81 E1 02 0E 08 15 11 81 DD 02  ......á.....Ý.
00018A50   0E 08 15 07 09 12 80 B5 12 80 95 07 11 5D 12 49  ......µ...].I
00018A60   07 11 80 91 11 2D 11 2D 04 07 01 1D 1C 04 07 01  ...-.-........
00018A70   11 2D 0A 07 04 0C 0C 11 80 8D 11 80 8D 04 00 01  .-..........
00018A80   0C 0C 06 07 04 0C 0C 0C 0C 03 07 01 0C 18 07 0E  ................
00018A90   12 80 95 07 11 80 91 11 2D 11 2D 0C 08 08 07 11  ....-.-.....
00018AA0   80 A1 08 07 07 0C 13 07 04 02 15 11 81 E1 02 0E  ¡..........á..
00018AB0   08 15 11 81 DD 02 0E 08 1D 1C 09 07 03 12 80 95  ...Ý.........
00018AC0   11 2D 11 2D 06 15 12 1D 01 11 6C 0B 15 12 80 81  .-.-......l...
00018AD0   02 0A 15 12 1D 01 08 06 15 12 81 ED 01 0A 05 15  ..........í....
00018AE0   12 1D 01 08 33 07 14 15 12 1D 01 11 6C 15 12 80  ....3.......l..
00018AF0   81 02 0A 15 12 1D 01 08 07 11 80 91 11 6C 08 15  ..........l..
00018B00   12 81 ED 01 0A 08 11 6C 08 08 08 08 08 08 15 12  .í....l........
00018B10   1D 01 08 08 08 11 6C 0A 07 07 04 11 2D 0C 0C 0C  ......l.....-...
00018B20   0E 07 08 08 08 08 08 08 08 0A 15 12 1D 01 08 04  ................
00018B30   07 02 07 07 09 00 03 11 2D 11 2D 11 2D 0C 25 07  ........-.-.-.%.
00018B40   19 12 80 99 0C 0C 0C 0C 0C 07 11 80 91 11 2D 11  ..........-.
00018B50   2D 0C 11 2D 0C 11 2D 0C 0C 0C 11 2D 08 0C 11 2D  -..-..-....-...-
00018B60   0C 0C 0C 0C 0D 07 07 0C 08 07 11 80 91 0E 11 2D  .............-
00018B70   11 2D 04 06 11 81 08 09 00 02 01 12 81 F5 11 81  .-.........õ.
00018B80   F9 0A 07 06 0C 0C 1D 0C 08 11 2D 0C 0B 07 05 02  ù.........-.....
00018B90   07 11 80 91 11 2D 11 2D 03 07 01 0E 04 07 02 0E  ...-.-........
00018BA0   0E 0B 07 05 07 11 80 91 11 2D 11 2D 0C 08 07 05  .......-.-....
00018BB0   0C 0C 0C 0C 11 2D 0D 07 0B 0C 0C 0C 0C 0C 0C 0C  .....-..........
00018BC0   0C 0C 0C 0C 0F 07 0D 0C 0C 0C 0C 0C 0C 0C 0C 0C  ................
00018BD0   0C 0C 0C 0C 04 07 02 0C 0C 05 07 03 08 08 07 04  ................
00018BE0   07 02 08 07 04 06 12 81 FD 16 07 0B 12 80 95 1D  .......ý.....
00018BF0   02 1D 02 07 11 80 91 07 11 80 A1 08 07 12 74 08  .......¡...t.
00018C00   05 15 12 61 01 07 13 07 08 12 74 15 12 61 01 07  ...a......t..a..
00018C10   1D 02 07 11 80 91 0E 0E 11 2D 07 07 03 11 80 A1  .......-....¡
00018C20   08 07 08 07 03 11 80 A1 0E 11 2D 08 07 03 12 80  ......¡..-....
00018C30   B5 07 11 5D 09 07 03 12 80 95 07 11 80 A1 09 07  µ..]......¡..
00018C40   03 12 80 95 07 11 80 91 20 07 05 15 11 81 E1 02  .... ....á.
00018C50   0E 08 15 11 81 E1 02 0E 08 15 11 81 DD 02 0E 08  ....á.....Ý...
00018C60   15 11 81 DD 02 0E 08 1D 1C 04 06 11 82 01 04 06  ..Ý...........
00018C70   11 82 09 10 07 08 02 0E 0E 15 12 80 81 02 0E 08  .............
00018C80   0E 0B 0B 0B 08 00 01 12 81 F5 12 80 B1 04 20 01  ........õ.±. .
00018C90   1C 08 04 00 01 0B 1C 11 07 07 12 81 F5 08 1C 0E  ...........õ...
00018CA0   0B 15 12 80 81 02 0E 08 0E 05 07 02 12 55 02 09  ...........U..
00018CB0   07 05 12 81 F5 08 1C 0E 0B 14 20 05 12 81 99 0E  ...õ..... ...
00018CC0   11 81 9D 12 82 11 1D 12 80 B1 1D 11 82 15 0E 07  .....±.....
00018CD0   04 12 80 B9 12 81 99 1D 12 80 B1 1D 1C 05 20 02  ..¹...±... .
00018CE0   01 07 02 14 07 06 12 80 B9 12 81 99 1D 12 80 B1  .......¹...±
00018CF0   1D 1C 1D 12 80 B1 1D 1C 04 20 01 03 08 05 20 01  ....±... .... .
00018D00   12 55 03 06 07 03 12 55 08 03 05 00 00 12 82 19  .U.....U.......
00018D10   07 20 02 0E 0E 12 82 1D 04 07 01 1D 0E 07 00 02  . .............
00018D20   12 82 25 0E 0E 05 20 00 12 82 2D 06 20 01 12 82  .%... ..-. ..
00018D30   29 08 05 07 01 12 82 25 0A 00 03 12 82 25 0E 0E  ).....%....%..
00018D40   11 82 35 0C 00 04 02 0E 11 82 39 12 82 1D 10 0C  .5......9....
00018D50   06 07 02 12 82 25 0C 05 20 02 08 03 08 0F 07 09  ....%.. .......
00018D60   15 12 1D 01 0E 08 08 08 08 02 02 08 03 0F 20 05  .............. .
00018D70   02 10 07 10 11 81 85 12 80 9D 11 2D 09 15 20 0A  .......-.. .
00018D80   02 10 07 10 11 81 85 12 80 9D 07 07 11 2D 11 2D  .........-.-
00018D90   09 09 02 05 20 02 02 07 0E 29 07 16 02 0E 0E 11  .... ....)......
00018DA0   2D 11 2D 12 80 9D 12 80 99 12 81 81 12 80 95 11  -.-.....
00018DB0   81 85 07 07 02 02 11 2D 07 02 0E 11 2D 11 2D 1D  .....-....-.-.
00018DC0   1C 1D 1C 0C 07 05 12 80 95 0C 07 11 80 A1 11 2D  ..........¡.-
00018DD0   03 00 00 02 0A 07 05 0E 12 80 BD 02 0E 1D 0E 09  .........½.....
00018DE0   00 02 08 12 82 3D 12 82 3D 09 06 15 12 82 41 01  ....=.=....A.
00018DF0   12 82 3D 05 20 00 11 80 E1 06 20 01 08 11 80 E1  .=. ..á. ...á
00018E00   05 07 01 11 80 E1 07 20 01 1D 12 82 3D 0E 08 15  ....á. ...=...
00018E10   12 82 41 01 12 82 3D 0E 10 01 02 01 1D 1E 00 15  .A..=.........
00018E20   12 82 41 01 1E 00 05 0A 01 12 82 3D 13 07 09 0E  .A.......=....
00018E30   0E 02 1D 12 82 3D 08 12 82 3D 1C 1D 1C 11 80 E1  ....=..=....á
00018E40   08 00 01 12 80 DD 12 81 01 09 00 01 1D 12 80 DD  ....Ý.......Ý
00018E50   12 81 01 09 07 02 12 80 BD 1D 12 80 DD 06 00 01  ......½..Ý...
00018E60   0E 11 82 61 04 20 00 1D 03 04 00 01 02 03 05 20  ..a. .........
00018E70   01 01 1D 03 07 07 04 1D 03 08 03 0E 09 07 04 02  ................
00018E80   08 12 81 81 1D 1C 07 20 02 08 0E 11 81 C1 08 20  ..... ....Á.
00018E90   03 02 08 08 11 80 C1 29 07 17 02 02 0E 0C 11 2D  .....Á).......-
00018EA0   11 80 C1 12 80 89 0C 08 08 08 08 11 80 85 11 2D  .Á........-
00018EB0   08 08 08 12 81 39 12 81 39 1D 1C 1D 1C 1D 1C 1D  ....9.9.......
00018EC0   1C 2B 07 18 02 12 80 89 08 08 08 08 08 11 80 85  .+..........
00018ED0   11 80 C1 02 02 08 02 08 08 11 80 C1 08 08 11 80  .Á.......Á...
00018EE0   C1 12 81 39 12 81 39 1D 1C 1D 1C 1D 1C 09 15 12  Á.9.9.........
00018EF0   80 81 02 0E 12 80 98 09 15 11 81 DD 02 0E 12 80  ......Ý...
00018F00   98 09 15 11 81 E1 02 0E 12 80 98 05 15 12 1D 01  ...á........
00018F10   07 52 07 23 02 02 02 02 0C 08 08 12 80 89 15 12  .R.#..........
00018F20   80 81 02 0E 12 80 98 08 08 08 15 11 81 E1 02 0E  ........á..
00018F30   12 80 98 12 80 98 02 02 11 80 C1 08 07 11 80 85  .....Á...
00018F40   02 11 80 C1 11 80 C1 02 02 08 08 08 11 80 C1 12  ..Á.Á......Á.
00018F50   81 39 12 81 39 15 11 81 DD 02 0E 12 80 98 1D 1C  9.9..Ý.....
00018F60   1D 1C 1D 1C 05 00 02 08 08 08 0D 07 06 12 80 B5  ..............µ
00018F70   07 11 5D 12 49 0C 11 2D 11 07 08 12 80 B5 0C 07  ..].I..-....µ..
00018F80   11 5D 12 49 11 80 C1 0C 11 2D 13 07 05 15 12 80  .].I.Á..-.....
00018F90   81 02 0E 12 80 98 07 11 80 85 0E 12 80 98 03 07  .........
00018FA0   01 08 08 01 00 02 00 00 00 00 00 08 01 00 08 00  ................
00018FB0   00 00 00 00 1E 01 00 01 00 54 02 16 57 72 61 70  .........T..Wrap
00018FC0   4E 6F 6E 45 78 63 65 70 74 69 6F 6E 54 68 72 6F  NonExceptionThro
00018FD0   77 73 01 00 00 00 00 00 F0 8F B1 6A 00 00 00 00  ws......ð±j....
00018FE0   02 00 00 00 1C 01 00 00 F0 AD 01 00 F0 8F 01 00  ........ð­..ð..
00018FF0   52 53 44 53 14 43 5A 57 2F 91 7B 45 AA D2 07 E6  RSDS.CZW/{EªÒ.æ
00019000   5F 8A 4B 01 04 00 00 00 65 3A 5C 63 69 74 69 65  _K.....e:\citie
00019010   73 2D 73 6B 79 6C 69 6E 65 73 31 2D 61 67 65 6E  s-skylines1-agen
00019020   74 2D 73 6B 69 6C 6C 2D 6D 61 69 6E 5C 62 69 6E  t-skill-main\bin
00019030   5C 53 6B 79 6C 69 6E 65 73 41 67 65 6E 74 42 72  \SkylinesAgentBr
00019040   69 64 67 65 2E 70 64 62 00 00 00 00 00 00 00 00  idge.pdb........
00019050   00 00 00 00 00 00 00 00 00 00 00 00 00 00 00 00  ................
00019060   00 00 00 00 00 00 00 00 00 00 00 00 00 00 00 00  ................
00019070   00 00 00 00 00 00 00 00 00 00 00 00 00 00 00 00  ................
00019080   00 00 00 00 00 00 00 00 00 00 00 00 00 00 00 00  ................
00019090   00 00 00 00 00 00 00 00 00 00 00 00 00 00 00 00  ................
000190A0   00 00 00 00 00 00 00 00 00 00 00 00 00 00 00 00  ................
000190B0   00 00 00 00 00 00 00 00 00 00 00 00 00 00 00 00  ................
000190C0   00 00 00 00 00 00 00 00 00 00 00 00 00 00 00 00  ................
000190D0   00 00 00 00 00 00 00 00 00 00 00 00 00 00 00 00  ................
000190E0   00 00 00 00 00 00 00 00 00 00 00 00 00 00 00 00  ................
000190F0   00 00 00 00 00 00 00 00 00 00 00 00 00 00 00 00  ................
00019100   00 00 00 00 00 00 00 00 00 00 00 00 34 AF 01 00  ............4¯..
00019110   00 00 00 00 00 00 00 00 4E AF 01 00 00 20 00 00  ........N¯... ..
00019120   00 00 00 00 00 00 00 00 00 00 00 00 00 00 00 00  ................
00019130   00 00 00 00 40 AF 01 00 00 00 00 00 00 00 00 00  ....@¯..........
00019140   00 00 5F 43 6F 72 44 6C 6C 4D 61 69 6E 00 6D 73  .._CorDllMain.ms
00019150   63 6F 72 65 65 2E 64 6C 6C 00 00 00 00 00 FF 25  coree.dll......%
00019160   00 20 00 10 00 00 00 00 00 00 00 00 00 00 00 00  . ..............
00019170   00 00 00 00 00 00 00 00 00 00 00 00 00 00 00 00  ................
00019180   00 00 00 00 00 00 00 00 00 00 00 00 00 00 00 00  ................
00019190   00 00 00 00 00 00 00 00 00 00 00 00 00 00 00 00  ................
000191A0   00 00 00 00 00 00 00 00 00 00 00 00 00 00 00 00  ................
000191B0   00 00 00 00 00 00 00 00 00 00 00 00 00 00 00 00  ................
000191C0   00 00 00 00 00 00 00 00 00 00 00 00 00 00 00 00  ................
000191D0   00 00 00 00 00 00 00 00 00 00 00 00 00 00 00 00  ................
000191E0   00 00 00 00 00 00 00 00 00 00 00 00 00 00 00 00  ................
000191F0   00 00 00 00 00 00 00 00 00 00 00 00 00 00 00 00  ................
00019200   00 00 00 00 00 00 00 00 00 00 00 00 00 00 01 00  ................
00019210   10 00 00 00 18 00 00 80 00 00 00 00 00 00 00 00  ...............
00019220   00 00 00 00 00 00 01 00 01 00 00 00 30 00 00 80  ............0..
00019230   00 00 00 00 00 00 00 00 00 00 00 00 00 00 01 00  ................
00019240   00 00 00 00 48 00 00 00 58 C0 01 00 74 02 00 00  ....H...XÀ..t...
00019250   00 00 00 00 00 00 00 00 74 02 34 00 00 00 56 00  ........t.4...V.
00019260   53 00 5F 00 56 00 45 00 52 00 53 00 49 00 4F 00  S._.V.E.R.S.I.O.
00019270   4E 00 5F 00 49 00 4E 00 46 00 4F 00 00 00 00 00  N._.I.N.F.O.....
00019280   BD 04 EF FE 00 00 01 00 00 00 00 00 00 00 00 00  ½.ïþ............
00019290   00 00 00 00 00 00 00 00 3F 00 00 00 00 00 00 00  ........?.......
000192A0   04 00 00 00 02 00 00 00 00 00 00 00 00 00 00 00  ................
000192B0   00 00 00 00 44 00 00 00 01 00 56 00 61 00 72 00  ....D.....V.a.r.
000192C0   46 00 69 00 6C 00 65 00 49 00 6E 00 66 00 6F 00  F.i.l.e.I.n.f.o.
000192D0   00 00 00 00 24 00 04 00 00 00 54 00 72 00 61 00  ....$.....T.r.a.
000192E0   6E 00 73 00 6C 00 61 00 74 00 69 00 6F 00 6E 00  n.s.l.a.t.i.o.n.
000192F0   00 00 00 00 00 00 B0 04 D4 01 00 00 01 00 53 00  ......°.Ô.....S.
00019300   74 00 72 00 69 00 6E 00 67 00 46 00 69 00 6C 00  t.r.i.n.g.F.i.l.
00019310   65 00 49 00 6E 00 66 00 6F 00 00 00 B0 01 00 00  e.I.n.f.o...°...
00019320   01 00 30 00 30 00 30 00 30 00 30 00 34 00 62 00  ..0.0.0.0.0.4.b.
00019330   30 00 00 00 2C 00 02 00 01 00 46 00 69 00 6C 00  0...,.....F.i.l.
00019340   65 00 44 00 65 00 73 00 63 00 72 00 69 00 70 00  e.D.e.s.c.r.i.p.
00019350   74 00 69 00 6F 00 6E 00 00 00 00 00 20 00 00 00  t.i.o.n..... ...
00019360   30 00 08 00 01 00 46 00 69 00 6C 00 65 00 56 00  0.....F.i.l.e.V.
00019370   65 00 72 00 73 00 69 00 6F 00 6E 00 00 00 00 00  e.r.s.i.o.n.....
00019380   30 00 2E 00 30 00 2E 00 30 00 2E 00 30 00 00 00  0...0...0...0...
00019390   50 00 18 00 01 00 49 00 6E 00 74 00 65 00 72 00  P.....I.n.t.e.r.
000193A0   6E 00 61 00 6C 00 4E 00 61 00 6D 00 65 00 00 00  n.a.l.N.a.m.e...
000193B0   53 00 6B 00 79 00 6C 00 69 00 6E 00 65 00 73 00  S.k.y.l.i.n.e.s.
000193C0   41 00 67 00 65 00 6E 00 74 00 42 00 72 00 69 00  A.g.e.n.t.B.r.i.
000193D0   64 00 67 00 65 00 2E 00 64 00 6C 00 6C 00 00 00  d.g.e...d.l.l...
000193E0   28 00 02 00 01 00 4C 00 65 00 67 00 61 00 6C 00  (.....L.e.g.a.l.
000193F0   43 00 6F 00 70 00 79 00 72 00 69 00 67 00 68 00  C.o.p.y.r.i.g.h.
00019400   74 00 00 00 20 00 00 00 58 00 18 00 01 00 4F 00  t... ...X.....O.
00019410   72 00 69 00 67 00 69 00 6E 00 61 00 6C 00 46 00  r.i.g.i.n.a.l.F.
00019420   69 00 6C 00 65 00 6E 00 61 00 6D 00 65 00 00 00  i.l.e.n.a.m.e...
00019430   53 00 6B 00 79 00 6C 00 69 00 6E 00 65 00 73 00  S.k.y.l.i.n.e.s.
00019440   41 00 67 00 65 00 6E 00 74 00 42 00 72 00 69 00  A.g.e.n.t.B.r.i.
00019450   64 00 67 00 65 00 2E 00 64 00 6C 00 6C 00 00 00  d.g.e...d.l.l...
00019460   34 00 08 00 01 00 50 00 72 00 6F 00 64 00 75 00  4.....P.r.o.d.u.
00019470   63 00 74 00 56 00 65 00 72 00 73 00 69 00 6F 00  c.t.V.e.r.s.i.o.
00019480   6E 00 00 00 30 00 2E 00 30 00 2E 00 30 00 2E 00  n...0...0...0...
00019490   30 00 00 00 38 00 08 00 01 00 41 00 73 00 73 00  0...8.....A.s.s.
000194A0   65 00 6D 00 62 00 6C 00 79 00 20 00 56 00 65 00  e.m.b.l.y. .V.e.
000194B0   72 00 73 00 69 00 6F 00 6E 00 00 00 30 00 2E 00  r.s.i.o.n...0...
000194C0   30 00 2E 00 30 00 2E 00 30 00 00 00 00 00 00 00  0...0...0.......
000194D0   00 00 00 00 00 00 00 00 00 00 00 00 00 00 00 00  ................
000194E0   00 00 00 00 00 00 00 00 00 00 00 00 00 00 00 00  ................
000194F0   00 00 00 00 00 00 00 00 00 00 00 00 00 00 00 00  ................
00019500   00 00 00 00 00 00 00 00 00 00 00 00 00 00 00 00  ................
00019510   00 00 00 00 00 00 00 00 00 00 00 00 00 00 00 00  ................
00019520   00 00 00 00 00 00 00 00 00 00 00 00 00 00 00 00  ................
00019530   00 00 00 00 00 00 00 00 00 00 00 00 00 00 00 00  ................
00019540   00 00 00 00 00 00 00 00 00 00 00 00 00 00 00 00  ................
00019550   00 00 00 00 00 00 00 00 00 00 00 00 00 00 00 00  ................
00019560   00 00 00 00 00 00 00 00 00 00 00 00 00 00 00 00  ................
00019570   00 00 00 00 00 00 00 00 00 00 00 00 00 00 00 00  ................
00019580   00 00 00 00 00 00 00 00 00 00 00 00 00 00 00 00  ................
00019590   00 00 00 00 00 00 00 00 00 00 00 00 00 00 00 00  ................
000195A0   00 00 00 00 00 00 00 00 00 00 00 00 00 00 00 00  ................
000195B0   00 00 00 00 00 00 00 00 00 00 00 00 00 00 00 00  ................
000195C0   00 00 00 00 00 00 00 00 00 00 00 00 00 00 00 00  ................
000195D0   00 00 00 00 00 00 00 00 00 00 00 00 00 00 00 00  ................
000195E0   00 00 00 00 00 00 00 00 00 00 00 00 00 00 00 00  ................
000195F0   00 00 00 00 00 00 00 00 00 00 00 00 00 00 00 00  ................
00019600   00 A0 01 00 0C 00 00 00 60 3F 00 00 00 00 00 00  . ......`?......
00019610   00 00 00 00 00 00 00 00 00 00 00 00 00 00 00 00  ................
00019620   00 00 00 00 00 00 00 00 00 00 00 00 00 00 00 00  ................
00019630   00 00 00 00 00 00 00 00 00 00 00 00 00 00 00 00  ................
00019640   00 00 00 00 00 00 00 00 00 00 00 00 00 00 00 00  ................
00019650   00 00 00 00 00 00 00 00 00 00 00 00 00 00 00 00  ................
00019660   00 00 00 00 00 00 00 00 00 00 00 00 00 00 00 00  ................
00019670   00 00 00 00 00 00 00 00 00 00 00 00 00 00 00 00  ................
00019680   00 00 00 00 00 00 00 00 00 00 00 00 00 00 00 00  ................
00019690   00 00 00 00 00 00 00 00 00 00 00 00 00 00 00 00  ................
000196A0   00 00 00 00 00 00 00 00 00 00 00 00 00 00 00 00  ................
000196B0   00 00 00 00 00 00 00 00 00 00 00 00 00 00 00 00  ................
000196C0   00 00 00 00 00 00 00 00 00 00 00 00 00 00 00 00  ................
000196D0   00 00 00 00 00 00 00 00 00 00 00 00 00 00 00 00  ................
000196E0   00 00 00 00 00 00 00 00 00 00 00 00 00 00 00 00  ................
000196F0   00 00 00 00 00 00 00 00 00 00 00 00 00 00 00 00  ................
00019700   00 00 00 00 00 00 00 00 00 00 00 00 00 00 00 00  ................
00019710   00 00 00 00 00 00 00 00 00 00 00 00 00 00 00 00  ................
00019720   00 00 00 00 00 00 00 00 00 00 00 00 00 00 00 00  ................
00019730   00 00 00 00 00 00 00 00 00 00 00 00 00 00 00 00  ................
00019740   00 00 00 00 00 00 00 00 00 00 00 00 00 00 00 00  ................
00019750   00 00 00 00 00 00 00 00 00 00 00 00 00 00 00 00  ................
00019760   00 00 00 00 00 00 00 00 00 00 00 00 00 00 00 00  ................
00019770   00 00 00 00 00 00 00 00 00 00 00 00 00 00 00 00  ................
00019780   00 00 00 00 00 00 00 00 00 00 00 00 00 00 00 00  ................
00019790   00 00 00 00 00 00 00 00 00 00 00 00 00 00 00 00  ................
000197A0   00 00 00 00 00 00 00 00 00 00 00 00 00 00 00 00  ................
000197B0   00 00 00 00 00 00 00 00 00 00 00 00 00 00 00 00  ................
000197C0   00 00 00 00 00 00 00 00 00 00 00 00 00 00 00 00  ................
000197D0   00 00 00 00 00 00 00 00 00 00 00 00 00 00 00 00  ................
000197E0   00 00 00 00 00 00 00 00 00 00 00 00 00 00 00 00  ................
000197F0   00 00 00 00 00 00 00 00 00 00 00 00 00 00 00 00  ................


PS C:\WINDOWS\system32> Get-ChildItem "$env:LOCALAPPDATA\Colossal Order\Cities_Skylines" -Recurse -File -ErrorAction SilentlyContinue |
>> Where-Object { $_.Name -match "output_log|Player.log|log" } |
>> Select-Object FullName,Length,LastWriteTime
PS C:\WINDOWS\system32> Get-ChildItem "$env:LOCALAPPDATA\Colossal Order\Cities_Skylines\Addons\Mods\SkylinesAgentBridge" -Force |
>> Select-Object Name,Length,LastWriteTime

Name                    Length LastWriteTime
----                    ------ -------------
SkylinesAgentBridge.dll 104448 9/21/2026 5:13:36 PM


PS C:\WINDOWS\system32>
